Слово,Количество,Частота(%)
the,31964,5.44651
and,21209,3.61391
to,16518,2.81459
of,14944,2.54639
a,10128,1.72576
in,8502,1.4487
he,8140,1.38702
that,7816,1.33181
his,7677,1.30812
was,7348,1.25206
with,5571,0.949272
had,5333,0.908718
it,4717,0.803754
s,4716,0.803584
her,4642,0.790975
him,4615,0.786374
not,4600,0.783818
I,4540,0.773594
at,4233,0.721283
as,3797,0.646991
on,3698,0.630121
for,3413,0.581559
is,3242,0.552421
you,3241,0.552251
but,2938,0.500621
said,2842,0.484263
The,2767,0.471484
she,2735,0.466031
from,2544,0.433485
all,2533,0.431611
be,2426,0.413379
were,2419,0.412186
by,2413,0.411164
who,2084,0.355104
which,2053,0.349821
Pierre,1963,0.334486
one,1935,0.329715
have,1926,0.328181
He,1867,0.318128
this,1822,0.31046
they,1787,0.304496
so,1722,0.293421
what,1707,0.290865
up,1583,0.269736
or,1579,0.269054
an,1578,0.268884
Prince,1577,0.268713
them,1529,0.260534
been,1474,0.251163
did,1464,0.249459
their,1412,0.240598
would,1350,0.230034
me,1276,0.217424
sha,1273,0.216913
are,1244,0.211972
there,1236,0.210608
out,1233,0.210097
Nat,1215,0.20703
t,1183,0.201578
man,1181,0.201237
only,1163,0.19817
now,1157,0.197147
Andrew,1143,0.194762
But,1116,0.190161
could,1111,0.189309
my,1096,0.186753
when,1089,0.18556
And,1089,0.18556
no,1066,0.181641
will,1042,0.177552
more,1037,0.1767
himself,1017,0.173292
v,1012,0.17244
if,1011,0.17227
about,1002,0.170736
into,998,0.170054
Rost,965,0.164431
do,933,0.158979
time,924,0.157445
It,900,0.153356
face,893,0.152163
French,881,0.150118
went,861,0.14671
know,843,0.143643
eyes,826,0.140746
we,826,0.140746
old,812,0.138361
before,781,0.133079
men,780,0.132908
some,774,0.131886
room,771,0.131375
thought,766,0.130523
very,762,0.129841
She,754,0.128478
then,751,0.127967
how,735,0.12524
like,732,0.124729
CHAPTER,730,0.124388
Moscow,720,0.122685
began,718,0.122344
your,715,0.121833
see,709,0.12081
down,697,0.118765
has,693,0.118084
What,692,0.117913
came,682,0.11621
again,669,0.113994
asked,668,0.113824
Mary,666,0.113483
same,665,0.113313
army,657,0.11195
go,655,0.111609
looked,651,0.110927
without,642,0.109394
still,641,0.109223
after,640,0.109053
Nicholas,633,0.10786
felt,631,0.107519
say,630,0.107349
You,629,0.107179
Emperor,625,0.106497
can,624,0.106327
those,624,0.106327
away,616,0.104963
first,609,0.103771
life,608,0.1036
left,607,0.10343
over,597,0.101726
other,591,0.100704
come,591,0.100704
something,586,0.0998516
Princess,586,0.0998516
seemed,583,0.0993404
our,582,0.09917
such,575,0.0979772
Napoleon,575,0.0979772
another,571,0.0972957
head,567,0.0966141
its,565,0.0962733
day,562,0.0957621
people,549,0.093547
little,543,0.0925246
where,541,0.0921838
long,540,0.0920134
these,538,0.0916726
am,537,0.0915022
In,536,0.0913318
than,536,0.0913318
two,536,0.0913318
hand,536,0.0913318
Kut,535,0.0911614
whole,530,0.0903095
zov,529,0.0901391
should,521,0.0887759
back,516,0.0879239
own,502,0.0855384
heard,498,0.0848568
any,494,0.0841752
way,493,0.0840048
S,487,0.0829825
even,478,0.0814489
must,477,0.0812785
just,475,0.0809377
because,469,0.0799153
They,468,0.079745
P,465,0.0792338
n,464,0.0790634
saw,462,0.0787226
made,459,0.0782114
being,459,0.0782114
Russian,456,0.0777002
always,456,0.0777002
A,455,0.0775298
nya,451,0.0768482
right,451,0.0768482
good,449,0.0765074
love,448,0.076337
sov,440,0.0749739
count,439,0.0748035
young,437,0.0744627
officer,437,0.0744627
Den,433,0.0737811
nothing,432,0.0736107
look,431,0.0734403
off,429,0.0730995
round,427,0.0727587
moment,427,0.0727587
voice,425,0.072418
here,424,0.0722476
us,424,0.0722476
general,423,0.0720772
smile,416,0.0708844
don,415,0.070714
Yes,413,0.0703732
knew,413,0.0703732
When,408,0.0695212
told,407,0.0693508
looking,404,0.0688397
took,397,0.0676469
never,396,0.0674765
house,395,0.0673061
whom,395,0.0673061
words,395,0.0673061
father,391,0.0666245
much,390,0.0664541
too,389,0.0662837
turned,389,0.0662837
Well,387,0.0659429
That,387,0.0659429
suddenly,385,0.0656022
ll,383,0.0652614
having,380,0.0647502
countess,368,0.0627054
quite,366,0.0623646
though,364,0.0620239
everything,364,0.0620239
through,362,0.0616831
under,361,0.0615127
well,359,0.0611719
battle,353,0.0601495
dear,353,0.0601495
prince,349,0.0594679
understand,348,0.0592975
think,348,0.0592975
D,346,0.0589567
sat,345,0.0587863
soldiers,343,0.0584456
No,343,0.0584456
last,343,0.0584456
while,337,0.0574232
once,336,0.0572528
tell,335,0.0570824
get,334,0.056912
door,332,0.0565712
princess,330,0.0562304
lokhov,329,0.05606
take,328,0.0558896
herself,326,0.0555488
There,326,0.0555488
On,324,0.055208
evidently,324,0.055208
already,323,0.0550376
feeling,319,0.0543561
might,315,0.0536745
most,315,0.0536745
going,314,0.0535041
God,314,0.0535041
yet,314,0.0535041
At,312,0.0531633
let,308,0.0524817
stood,308,0.0524817
His,307,0.0523113
place,307,0.0523113
If,304,0.0518001
Oh,304,0.0518001
gave,304,0.0518001
replied,301,0.051289
expression,301,0.051289
done,300,0.0511186
side,299,0.0509482
position,296,0.050437
wife,295,0.0502666
This,295,0.0502666
every,294,0.0500962
Bor,294,0.0500962
Anna,293,0.0499258
anything,293,0.0499258
commander,293,0.0499258
seen,288,0.0490738
others,288,0.0490738
Count,287,0.0489034
nski,287,0.0489034
new,285,0.0485626
behind,285,0.0485626
horse,283,0.0482218
All,279,0.0475403
why,276,0.0470291
How,275,0.0468587
war,274,0.0466883
order,272,0.0463475
make,272,0.0463475
tya,270,0.0460067
toward,269,0.0458363
also,269,0.0458363
son,268,0.0456659
Why,267,0.0454955
put,266,0.0453251
front,265,0.0451547
enemy,264,0.0449843
ran,263,0.0448139
hands,262,0.0446435
may,261,0.0444731
Vas,261,0.0444731
troops,261,0.0444731
give,259,0.0441324
three,256,0.0436212
chief,255,0.0434508
We,252,0.0429396
want,251,0.0427692
talk,250,0.0425988
horses,249,0.0424284
Petersburg,245,0.0417468
great,245,0.0417468
called,245,0.0417468
shouted,244,0.0415764
li,243,0.041406
taken,243,0.041406
alone,242,0.0412356
To,239,0.0407245
both,238,0.0405541
shall,238,0.0405541
As,237,0.0403837
part,236,0.0402133
M,236,0.0402133
between,233,0.0397021
word,233,0.0397021
mother,232,0.0395317
soon,232,0.0395317
saying,232,0.0395317
things,229,0.0390205
thing,229,0.0390205
letter,229,0.0390205
officers,228,0.0388501
sent,226,0.0385093
table,225,0.0383389
night,224,0.0381685
regiment,223,0.0379981
rode,223,0.0379981
l,223,0.0379981
along,223,0.0379981
found,222,0.0378277
against,222,0.0378277
Anatole,222,0.0378277
many,220,0.0374869
entered,220,0.0374869
question,219,0.0373165
sitting,218,0.0371462
mind,216,0.0368054
moved,216,0.0368054
evening,215,0.036635
continued,214,0.0364646
morning,214,0.0364646
whether,212,0.0361238
crowd,211,0.0359534
brought,211,0.0359534
wounded,210,0.035783
drawing,210,0.035783
cried,210,0.035783
added,210,0.035783
de,209,0.0356126
speak,207,0.0352718
received,205,0.034931
road,204,0.0347606
themselves,203,0.0345902
power,202,0.0344198
does,202,0.0344198
soldier,201,0.0342494
taking,201,0.0342494
After,201,0.0342494
got,200,0.034079
near,200,0.034079
white,199,0.0339086
days,198,0.0337382
understood,198,0.0337382
everyone,198,0.0337382
One,196,0.0333975
leave,195,0.0332271
orders,195,0.0332271
action,195,0.0332271
lay,194,0.0330567
among,194,0.0330567
woman,193,0.0328863
stopped,193,0.0328863
fellow,192,0.0327159
ask,192,0.0327159
fire,191,0.0325455
passed,191,0.0325455
happy,191,0.0325455
anyone,191,0.0325455
Bolk,190,0.0323751
Then,190,0.0323751
tried,189,0.0322047
rose,189,0.0322047
wished,189,0.0322047
talking,188,0.0320343
wish,187,0.0318639
movement,187,0.0318639
death,186,0.0316935
end,184,0.0313527
friend,183,0.0311823
wanted,182,0.0310119
re,182,0.0310119
small,181,0.0308415
arm,180,0.0306711
So,180,0.0306711
remained,180,0.0306711
given,180,0.0306711
noticed,179,0.0305007
ne,179,0.0305007
really,178,0.0303303
heart,178,0.0303303
turning,177,0.0301599
longer,176,0.0299896
arms,176,0.0299896
impossible,175,0.0298192
past,175,0.0298192
Ah,175,0.0298192
Now,175,0.0298192
T,173,0.0294784
Russia,173,0.0294784
far,173,0.0294784
matter,173,0.0294784
possible,172,0.029308
beside,172,0.029308
dinner,171,0.0291376
thousand,171,0.0291376
V,171,0.0291376
large,170,0.0289672
few,170,0.0289672
became,170,0.0289672
nor,169,0.0287968
news,169,0.0287968
vs,169,0.0287968
during,169,0.0287968
home,168,0.0286264
forward,168,0.0286264
spoke,168,0.0286264
H,168,0.0286264
happened,168,0.0286264
cannot,168,0.0286264
till,167,0.028456
world,167,0.028456
full,166,0.0282856
conversation,166,0.0282856
From,165,0.0281152
work,165,0.0281152
set,164,0.0279448
around,164,0.0279448
silent,164,0.0279448
each,164,0.0279448
ready,163,0.0277744
find,162,0.027604
since,162,0.027604
trying,161,0.0274336
else,161,0.0274336
ve,161,0.0274336
itself,160,0.0272632
adjutant,160,0.0272632
sound,160,0.0272632
better,160,0.0272632
tears,160,0.0272632
faces,159,0.0270928
gone,158,0.0269224
hair,158,0.0269224
met,157,0.026752
Bagrati,156,0.0265817
free,155,0.0264113
standing,155,0.0264113
husband,155,0.0264113
soul,154,0.0262409
coming,154,0.0262409
times,154,0.0262409
seeing,154,0.0262409
daughter,154,0.0262409
fact,154,0.0262409
answered,153,0.0260705
honor,153,0.0260705
half,153,0.0260705
glanced,153,0.0260705
strange,153,0.0260705
light,152,0.0259001
history,152,0.0259001
vlovna,152,0.0259001
speaking,152,0.0259001
won,151,0.0257297
kept,150,0.0255593
smiled,150,0.0255593
almost,150,0.0255593
terrible,150,0.0255593
myself,148,0.0252185
cause,148,0.0252185
yes,148,0.0252185
brother,147,0.0250481
known,147,0.0250481
tone,147,0.0250481
Russians,146,0.0248777
women,146,0.0248777
several,146,0.0248777
repeated,146,0.0248777
different,146,0.0248777
village,146,0.0248777
reached,146,0.0248777
reply,146,0.0248777
returned,145,0.0247073
next,145,0.0247073
smiling,144,0.0245369
family,144,0.0245369
afraid,144,0.0245369
voices,143,0.0243665
answer,143,0.0243665
ever,143,0.0243665
less,143,0.0243665
Mademoiselle,142,0.0241961
held,142,0.0241961
doing,141,0.0240257
kind,141,0.0240257
doctor,140,0.0238553
lost,140,0.0238553
tych,139,0.0236849
hear,139,0.0236849
together,139,0.0236849
For,139,0.0236849
Alexander,139,0.0236849
help,139,0.0236849
quickly,138,0.0235145
With,138,0.0235145
necessary,137,0.0233441
cold,137,0.0233441
certain,137,0.0233441
Only,137,0.0233441
above,137,0.0233441
especially,137,0.0233441
Alp,137,0.0233441
force,136,0.0231737
steps,136,0.0231737
listened,136,0.0231737
boy,136,0.0231737
used,135,0.0230034
red,135,0.0230034
law,135,0.0230034
followed,135,0.0230034
state,135,0.0230034
sides,135,0.0230034
self,135,0.0230034
Mikh,134,0.022833
air,134,0.022833
often,133,0.0226626
twenty,133,0.0226626
important,131,0.0223218
feel,131,0.0223218
Dm,131,0.0223218
merely,131,0.0223218
field,131,0.0223218
black,131,0.0223218
ylovna,131,0.0223218
My,130,0.0221514
later,130,0.0221514
staff,130,0.0221514
m,130,0.0221514
Bourienne,130,0.0221514
ev,129,0.021981
waiting,129,0.021981
command,129,0.021981
money,129,0.021981
girl,129,0.021981
happiness,129,0.021981
society,128,0.0218106
best,128,0.0218106
read,128,0.0218106
service,128,0.0218106
bridge,127,0.0216402
Do,126,0.0214698
third,126,0.0214698
Rostopch,126,0.0214698
excellency,126,0.0214698
high,125,0.0212994
Don,125,0.0212994
glad,125,0.0212994
present,125,0.0212994
someone,125,0.0212994
immediately,125,0.0212994
course,124,0.021129
pleasure,124,0.021129
reason,124,0.021129
grew,124,0.021129
fell,124,0.021129
appeared,123,0.0209586
nsk,123,0.0209586
camp,123,0.0209586
smoke,123,0.0209586
killed,123,0.0209586
hundred,122,0.0207882
become,122,0.0207882
presence,121,0.0206178
either,121,0.0206178
contrary,121,0.0206178
thinking,121,0.0206178
coat,120,0.0204474
loved,120,0.0204474
events,120,0.0204474
bad,120,0.0204474
former,120,0.0204474
open,120,0.0204474
Countess,120,0.0204474
says,120,0.0204474
usual,120,0.0204474
town,120,0.0204474
holding,119,0.020277
kissed,119,0.020277
strength,119,0.020277
affairs,119,0.020277
years,119,0.020277
line,119,0.020277
clear,119,0.020277
historians,119,0.020277
name,118,0.0201066
expressed,118,0.0201066
true,118,0.0201066
bed,118,0.0201066
peasants,118,0.0201066
moving,117,0.0199362
frightened,117,0.0199362
yourself,117,0.0199362
children,117,0.0199362
pale,117,0.0199362
short,117,0.0199362
opened,116,0.0197658
prisoners,116,0.0197658
second,116,0.0197658
attention,116,0.0197658
believe,116,0.0197658
gin,115,0.0195954
thoughts,115,0.0195954
carriage,115,0.0195954
across,115,0.0195954
remember,115,0.0195954
lips,114,0.0194251
ball,114,0.0194251
ordered,114,0.0194251
rya,114,0.0194251
Having,114,0.0194251
study,113,0.0192547
fear,113,0.0192547
Balash,112,0.0190843
drew,112,0.0190843
window,112,0.0190843
feet,112,0.0190843
human,111,0.0189139
led,111,0.0189139
showed,110,0.0187435
freedom,110,0.0187435
year,110,0.0187435
activity,109,0.0185731
country,109,0.0185731
making,108,0.0184027
need,108,0.0184027
rest,108,0.0184027
Borodin,108,0.0184027
d,108,0.0184027
show,108,0.0184027
child,108,0.0184027
angry,108,0.0184027
ground,108,0.0184027
whose,108,0.0184027
giving,107,0.0182323
meet,107,0.0182323
shoulders,107,0.0182323
peace,107,0.0182323
able,107,0.0182323
dark,107,0.0182323
handsome,107,0.0182323
military,106,0.0180619
raised,106,0.0180619
attack,106,0.0180619
asking,105,0.0178915
campaign,105,0.0178915
close,105,0.0178915
Your,105,0.0178915
trievna,105,0.0178915
Mamma,105,0.0178915
fine,105,0.0178915
sometimes,104,0.0177211
turn,104,0.0177211
everybody,104,0.0177211
running,104,0.0177211
silence,103,0.0175507
considered,103,0.0175507
remembered,103,0.0175507
generals,103,0.0175507
Smol,103,0.0175507
shouting,103,0.0175507
dress,103,0.0175507
hussars,103,0.0175507
Not,102,0.0173803
y,102,0.0173803
late,102,0.0173803
straight,102,0.0173803
guns,101,0.0172099
business,101,0.0172099
sister,101,0.0172099
aim,101,0.0172099
Is,101,0.0172099
Uncle,101,0.0172099
legs,101,0.0172099
decided,101,0.0172099
Frenchman,100,0.0170395
return,100,0.0170395
galloped,100,0.0170395
ought,100,0.0170395
thin,100,0.0170395
body,100,0.0170395
please,100,0.0170395
Go,100,0.0170395
run,99,0.0168691
struck,99,0.0168691
beyond,99,0.0168691
flank,99,0.0168691
company,99,0.0168691
questions,98,0.0166987
Bez,98,0.0166987
Berg,98,0.0166987
four,98,0.0166987
Let,97,0.0165283
fresh,97,0.0165283
closed,97,0.0165283
carried,97,0.0165283
case,97,0.0165283
laws,97,0.0165283
changed,96,0.0163579
upon,96,0.0163579
unable,96,0.0163579
uniform,96,0.0163579
German,95,0.0161875
meaning,95,0.0161875
interrupted,95,0.0161875
cry,95,0.0161875
talked,95,0.0161875
tomorrow,95,0.0161875
wrote,94,0.0160171
blue,94,0.0160171
laughing,94,0.0160171
Just,93,0.0158468
arrived,93,0.0158468
opinion,93,0.0158468
tski,93,0.0158468
Bonaparte,93,0.0158468
Come,93,0.0158468
ten,93,0.0158468
live,93,0.0158468
rapidly,93,0.0158468
remarked,92,0.0156764
Though,92,0.0156764
expected,92,0.0156764
sight,92,0.0156764
colonel,92,0.0156764
lady,91,0.015506
corner,91,0.015506
duty,91,0.015506
clearly,91,0.015506
occupied,90,0.0153356
hope,90,0.0153356
plan,90,0.0153356
event,90,0.0153356
ladies,90,0.0153356
spent,89,0.0151652
meeting,89,0.0151652
covered,89,0.0151652
Where,89,0.0151652
master,88,0.0149948
gazed,88,0.0149948
beginning,88,0.0149948
experienced,88,0.0149948
rather,88,0.0149948
living,88,0.0149948
five,88,0.0149948
particularly,87,0.0148244
porch,87,0.0148244
subject,87,0.0148244
cannon,87,0.0148244
forces,87,0.0148244
pleased,87,0.0148244
pleasant,86,0.014654
captain,86,0.014654
Who,86,0.014654
water,86,0.014654
Guards,85,0.0144836
surprise,85,0.0144836
farther,85,0.0144836
least,85,0.0144836
view,85,0.0144836
retreat,85,0.0144836
gray,85,0.0144836
knows,85,0.0144836
truth,85,0.0144836
foot,85,0.0144836
neither,85,0.0144836
firing,85,0.0144836
seems,85,0.0144836
deep,85,0.0144836
exclaimed,84,0.0143132
Project,84,0.0143132
Cossacks,84,0.0143132
sounds,84,0.0143132
middle,84,0.0143132
Gutenberg,84,0.0143132
sake,84,0.0143132
move,83,0.0141428
calm,83,0.0141428
reading,83,0.0141428
Cossack,83,0.0141428
Iv,83,0.0141428
seem,83,0.0141428
Her,83,0.0141428
cap,83,0.0141428
happen,83,0.0141428
victory,83,0.0141428
fixed,82,0.0139724
change,82,0.0139724
pass,82,0.0139724
hussar,82,0.0139724
difficult,82,0.0139724
khon,82,0.0139724
grown,82,0.0139724
point,82,0.0139724
meant,82,0.0139724
leaving,82,0.0139724
call,82,0.0139724
General,82,0.0139724
knowing,82,0.0139724
begun,81,0.013802
joy,81,0.013802
lying,81,0.013802
various,81,0.013802
listening,81,0.013802
seized,81,0.013802
infantry,81,0.013802
use,81,0.013802
within,81,0.013802
pressed,80,0.0136316
carts,80,0.0136316
whispered,80,0.0136316
marry,80,0.0136316
passing,80,0.0136316
beautiful,80,0.0136316
step,80,0.0136316
finished,80,0.0136316
sad,80,0.0136316
angrily,79,0.0134612
today,79,0.0134612
quiet,79,0.0134612
o,79,0.0134612
Sper,79,0.0134612
prepared,79,0.0134612
Bennigsen,78,0.0132908
drove,78,0.0132908
continually,78,0.0132908
ranks,78,0.0132908
rushed,78,0.0132908
effort,78,0.0132908
laughed,78,0.0132908
hard,78,0.0132908
asleep,78,0.0132908
clock,78,0.0132908
distance,78,0.0132908
sleep,78,0.0132908
ill,78,0.0132908
single,78,0.0132908
future,77,0.0131204
fight,77,0.0131204
listen,77,0.0131204
mouth,77,0.0131204
serfs,77,0.0131204
keep,77,0.0131204
simply,77,0.0131204
person,77,0.0131204
remain,77,0.0131204
An,77,0.0131204
getting,76,0.01295
hill,76,0.01295
condition,76,0.01295
hardly,76,0.01295
Here,76,0.01295
cavalry,76,0.01295
shin,76,0.01295
conception,76,0.01295
perhaps,76,0.01295
pointing,76,0.01295
affair,76,0.01295
evident,76,0.01295
Ily,75,0.0127796
Kur,75,0.0127796
probably,75,0.0127796
latter,75,0.0127796
story,75,0.0127796
number,74,0.0126092
peasant,74,0.0126092
direction,74,0.0126092
drawn,74,0.0126092
lived,74,0.0126092
ago,74,0.0126092
glass,74,0.0126092
suite,74,0.0126092
khov,73,0.0124388
fall,73,0.0124388
low,73,0.0124388
formed,73,0.0124388
gentlemen,73,0.0124388
matters,73,0.0124388
idea,73,0.0124388
tea,73,0.0124388
path,73,0.0124388
march,73,0.0124388
desire,73,0.0124388
hour,73,0.0124388
married,73,0.0124388
presented,73,0.0124388
means,73,0.0124388
nonsense,73,0.0124388
result,73,0.0124388
sofa,73,0.0124388
Hills,73,0.0124388
Some,73,0.0124388
paused,73,0.0124388
bring,72,0.0122685
suffering,72,0.0122685
liked,72,0.0122685
therefore,72,0.0122685
forget,72,0.0122685
dead,72,0.0122685
ra,72,0.0122685
special,72,0.0122685
looks,72,0.0122685
battery,72,0.0122685
sense,71,0.0120981
spite,71,0.0120981
placed,71,0.0120981
real,71,0.0120981
rubles,71,0.0120981
party,71,0.0120981
guests,71,0.0120981
nearer,71,0.0120981
dressed,71,0.0120981
Julie,71,0.0120981
danger,71,0.0120981
instead,71,0.0120981
poor,71,0.0120981
Nesv,71,0.0120981
bright,71,0.0120981
actions,71,0.0120981
occurred,70,0.0119277
enter,70,0.0119277
walked,70,0.0119277
approached,70,0.0119277
laughter,70,0.0119277
Majesty,70,0.0119277
begin,70,0.0119277
addressing,70,0.0119277
report,70,0.0119277
figure,70,0.0119277
brilliant,70,0.0119277
court,70,0.0119277
glance,70,0.0119277
hearing,70,0.0119277
following,69,0.0117573
sure,69,0.0117573
notice,69,0.0117573
Tsar,69,0.0117573
however,69,0.0117573
account,69,0.0117573
involuntarily,69,0.0117573
rov,69,0.0117573
pretty,69,0.0117573
except,69,0.0117573
sir,69,0.0117573
neck,69,0.0117573
Austrian,69,0.0117573
glancing,69,0.0117573
muttered,69,0.0117573
group,69,0.0117573
wait,68,0.0115869
feelings,68,0.0115869
1,68,0.0115869
hurriedly,68,0.0115869
leg,68,0.0115869
die,68,0.0115869
simple,68,0.0115869
wearing,68,0.0115869
bin,68,0.0115869
Bil,68,0.0115869
serious,68,0.0115869
dressing,68,0.0115869
relations,67,0.0114165
friends,67,0.0114165
interest,67,0.0114165
silently,67,0.0114165
try,67,0.0114165
understanding,67,0.0114165
consciousness,66,0.0112461
according,66,0.0112461
plain,66,0.0112461
splendid,66,0.0112461
flushed,66,0.0112461
wrong,66,0.0112461
unknown,66,0.0112461
written,66,0.0112461
city,66,0.0112461
chair,66,0.0112461
growing,66,0.0112461
filled,66,0.0112461
mean,66,0.0112461
post,65,0.0110757
strong,65,0.0110757
sorry,65,0.0110757
effect,65,0.0110757
kov,65,0.0110757
minutes,65,0.0110757
genius,65,0.0110757
crossed,65,0.0110757
telling,65,0.0110757
bare,65,0.0110757
snow,65,0.0110757
settled,65,0.0110757
blame,64,0.0109053
wood,64,0.0109053
greater,64,0.0109053
act,64,0.0109053
imagine,64,0.0109053
advance,64,0.0109053
visit,64,0.0109053
fate,64,0.0109053
riding,64,0.0109053
Karat,64,0.0109053
forest,64,0.0109053
squadron,64,0.0109053
houses,63,0.0107349
pity,63,0.0107349
lifted,63,0.0107349
surrounded,63,0.0107349
hold,63,0.0107349
instant,63,0.0107349
While,63,0.0107349
despite,63,0.0107349
expecting,63,0.0107349
visitors,63,0.0107349
learned,62,0.0105645
boots,62,0.0105645
government,62,0.0105645
send,62,0.0105645
sun,62,0.0105645
consider,62,0.0105645
onto,62,0.0105645
needed,62,0.0105645
sky,62,0.0105645
regard,62,0.0105645
explain,62,0.0105645
Bald,62,0.0105645
animated,62,0.0105645
bent,62,0.0105645
express,61,0.0103941
dying,61,0.0103941
addressed,61,0.0103941
yard,61,0.0103941
recognized,61,0.0103941
wishing,61,0.0103941
cross,61,0.0103941
excited,61,0.0103941
maid,61,0.0103941
letters,61,0.0103941
threw,61,0.0103941
blood,61,0.0103941
wolf,61,0.0103941
manner,61,0.0103941
aside,60,0.0102237
pointed,60,0.0102237
sit,60,0.0102237
conditions,60,0.0102237
street,60,0.0102237
beauty,60,0.0102237
laugh,60,0.0102237
cut,60,0.0102237
significance,60,0.0102237
doubt,60,0.0102237
approaching,59,0.0100533
seven,59,0.0100533
slightly,59,0.0100533
gazing,59,0.0100533
earth,59,0.0100533
evich,59,0.0100533
marriage,59,0.0100533
spread,59,0.0100533
familiar,59,0.0100533
possibility,59,0.0100533
1812,59,0.0100533
broken,59,0.0100533
shed,59,0.0100533
miles,59,0.0100533
fingers,59,0.0100533
surprised,59,0.0100533
shoulder,58,0.00988292
sort,58,0.00988292
touched,58,0.00988292
tall,58,0.00988292
caught,58,0.00988292
enough,58,0.00988292
form,58,0.00988292
shown,58,0.00988292
paper,58,0.00988292
started,58,0.00988292
burning,58,0.00988292
Of,58,0.00988292
bowed,58,0.00988292
rising,58,0.00988292
devil,57,0.00971253
Besides,57,0.00971253
big,57,0.00971253
spot,57,0.00971253
conscious,57,0.00971253
lit,57,0.00971253
handed,57,0.00971253
stay,57,0.00971253
health,57,0.00971253
estate,57,0.00971253
servants,57,0.00971253
play,57,0.00971253
Two,57,0.00971253
personal,57,0.00971253
girls,57,0.00971253
lad,57,0.00971253
sacrifice,56,0.00954213
movements,56,0.00954213
hut,56,0.00954213
higher,56,0.00954213
ashamed,56,0.00954213
stop,56,0.00954213
Eh,56,0.00954213
commanders,56,0.00954213
book,56,0.00954213
character,56,0.00954213
advanced,56,0.00954213
destroyed,56,0.00954213
besides,55,0.00937174
quietly,55,0.00937174
bit,55,0.00937174
spoken,55,0.00937174
sighed,55,0.00937174
stern,55,0.00937174
promised,55,0.00937174
plans,55,0.00937174
opposite,55,0.00937174
These,55,0.00937174
shka,55,0.00937174
happens,55,0.00937174
certainly,55,0.00937174
confused,55,0.00937174
six,55,0.00937174
During,55,0.00937174
Have,55,0.00937174
ones,55,0.00937174
hall,54,0.00920134
arrival,54,0.00920134
kindly,54,0.00920134
stupid,54,0.00920134
noticing,54,0.00920134
regarded,54,0.00920134
Dron,54,0.00920134
eye,54,0.00920134
abandoned,54,0.00920134
died,54,0.00920134
nurse,54,0.00920134
avoid,54,0.00920134
pushed,54,0.00920134
bear,54,0.00920134
na,54,0.00920134
Michael,53,0.00903095
appear,53,0.00903095
comes,53,0.00903095
laid,53,0.00903095
Everything,53,0.00903095
sorrow,53,0.00903095
supper,53,0.00903095
nearly,53,0.00903095
Before,53,0.00903095
convinced,53,0.00903095
fallen,53,0.00903095
river,53,0.00903095
circle,53,0.00903095
cloak,53,0.00903095
highest,53,0.00903095
gate,53,0.00903095
burned,53,0.00903095
unexpectedly,53,0.00903095
artillery,53,0.00903095
Barclay,52,0.00886055
quarters,52,0.00886055
broke,52,0.00886055
ceased,52,0.00886055
caused,52,0.00886055
journey,52,0.00886055
hastily,52,0.00886055
stepped,52,0.00886055
passage,52,0.00886055
Murat,52,0.00886055
sovereign,52,0.00886055
Kr,52,0.00886055
fond,52,0.00886055
rooms,52,0.00886055
carry,52,0.00886055
entering,52,0.00886055
write,52,0.00886055
assumed,51,0.00869016
division,51,0.00869016
Austerlitz,51,0.00869016
heavy,51,0.00869016
Hippolyte,51,0.00869016
putting,51,0.00869016
merry,51,0.00869016
appointed,51,0.00869016
stand,51,0.00869016
historical,51,0.00869016
heads,51,0.00869016
shook,51,0.00869016
Lord,51,0.00869016
necessity,51,0.00869016
further,51,0.00869016
Can,50,0.00851976
gesture,50,0.00851976
By,50,0.00851976
forgotten,50,0.00851976
wine,50,0.00851976
common,50,0.00851976
crossing,50,0.00851976
relation,50,0.00851976
object,50,0.00851976
kill,50,0.00851976
broad,50,0.00851976
interests,50,0.00851976
la,50,0.00851976
mentioned,50,0.00851976
box,50,0.00851976
darkness,50,0.00851976
circumstances,50,0.00851976
le,50,0.00851976
amid,50,0.00851976
nose,50,0.00851976
church,50,0.00851976
arranged,49,0.00834936
easy,49,0.00834936
places,49,0.00834936
playing,49,0.00834936
purpose,49,0.00834936
satisfaction,49,0.00834936
hot,49,0.00834936
Frenchmen,49,0.00834936
burst,49,0.00834936
Vienna,49,0.00834936
Europe,49,0.00834936
Another,49,0.00834936
hat,49,0.00834936
directed,49,0.00834936
floor,49,0.00834936
Are,49,0.00834936
shouts,49,0.00834936
drive,49,0.00834936
Papa,48,0.00817897
dull,48,0.00817897
Good,48,0.00817897
rovo,48,0.00817897
Boguch,48,0.00817897
loud,48,0.00817897
uttered,48,0.00817897
pay,48,0.00817897
care,48,0.00817897
absence,48,0.00817897
Next,48,0.00817897
inevitability,48,0.00817897
regimental,48,0.00817897
thank,48,0.00817897
music,48,0.00817897
center,48,0.00817897
joyful,48,0.00817897
joined,48,0.00817897
reception,48,0.00817897
shot,48,0.00817897
alive,48,0.00817897
offered,48,0.00817897
cheerful,48,0.00817897
ride,48,0.00817897
va,48,0.00817897
moments,48,0.00817897
O,48,0.00817897
charming,48,0.00817897
Highness,48,0.00817897
singing,48,0.00817897
heaven,48,0.00817897
early,48,0.00817897
success,48,0.00817897
coachman,48,0.00817897
direct,48,0.00817897
members,48,0.00817897
yesterday,48,0.00817897
wall,47,0.00800857
wide,47,0.00800857
chance,47,0.00800857
footman,47,0.00800857
chest,47,0.00800857
Hurrah,47,0.00800857
recalled,47,0.00800857
dreadful,47,0.00800857
twice,47,0.00800857
agitated,47,0.00800857
departure,47,0.00800857
due,47,0.00800857
green,47,0.00800857
tender,47,0.00800857
warm,47,0.00800857
Pfuel,47,0.00800857
importance,47,0.00800857
reports,47,0.00800857
blushed,47,0.00800857
serve,47,0.00800857
causes,47,0.00800857
worse,47,0.00800857
Suddenly,47,0.00800857
expect,47,0.00800857
gathered,47,0.00800857
curiosity,47,0.00800857
agree,47,0.00800857
cart,46,0.00783818
firm,46,0.00783818
weak,46,0.00783818
rich,46,0.00783818
jumped,46,0.00783818
major,46,0.00783818
awaiting,46,0.00783818
orderly,46,0.00783818
excitement,46,0.00783818
difficulty,46,0.00783818
garden,46,0.00783818
returning,46,0.00783818
somewhere,46,0.00783818
scarcely,46,0.00783818
carefully,46,0.00783818
gown,46,0.00783818
bound,46,0.00783818
papers,46,0.00783818
whatever,46,0.00783818
recognize,46,0.00783818
forehead,46,0.00783818
rapid,46,0.00783818
stout,46,0.00783818
frowning,46,0.00783818
thirty,46,0.00783818
whisper,45,0.00766778
allow,45,0.00766778
flew,45,0.00766778
happening,45,0.00766778
sick,45,0.00766778
walk,45,0.00766778
streets,45,0.00766778
aide,45,0.00766778
previously,45,0.00766778
clever,45,0.00766778
leaning,45,0.00766778
motion,45,0.00766778
2,45,0.00766778
thrown,45,0.00766778
played,45,0.00766778
balls,45,0.00766778
respect,45,0.00766778
apart,45,0.00766778
enormous,45,0.00766778
ourselves,45,0.00766778
teeth,45,0.00766778
increased,45,0.00766778
wore,45,0.00766778
spirit,45,0.00766778
Dolgor,45,0.00766778
efforts,45,0.00766778
particular,45,0.00766778
sign,45,0.00766778
accompanied,44,0.00749739
age,44,0.00749739
fighting,44,0.00749739
Alex,44,0.00749739
armies,44,0.00749739
prisoner,44,0.00749739
hours,44,0.00749739
governor,44,0.00749739
mass,44,0.00749739
outside,44,0.00749739
watched,44,0.00749739
repeating,44,0.00749739
finish,44,0.00749739
lov,44,0.00749739
Our,44,0.00749739
knowledge,44,0.00749739
Father,44,0.00749739
loss,44,0.00749739
showing,44,0.00749739
Look,44,0.00749739
seat,44,0.00749739
battalion,44,0.00749739
gentleman,44,0.00749739
visitor,44,0.00749739
mustache,44,0.00749739
firmly,44,0.00749739
humanity,44,0.00749739
easily,43,0.00732699
didn,43,0.00732699
realized,43,0.00732699
August,43,0.00732699
join,43,0.00732699
horror,43,0.00732699
admit,43,0.00732699
carrying,43,0.00732699
forgive,43,0.00732699
breast,43,0.00732699
receive,43,0.00732699
accustomed,43,0.00732699
raising,43,0.00732699
r,43,0.00732699
Several,43,0.00732699
mood,43,0.00732699
considering,43,0.00732699
writing,43,0.00732699
worn,43,0.00732699
badly,43,0.00732699
inhabitants,43,0.00732699
gold,43,0.00732699
Arakch,43,0.00732699
leading,43,0.00732699
unpleasant,43,0.00732699
frowned,43,0.00732699
speech,43,0.00732699
vski,43,0.00732699
captured,43,0.00732699
comrades,43,0.00732699
novich,43,0.00732699
imagined,42,0.0071566
concluded,42,0.0071566
youth,42,0.0071566
explained,42,0.0071566
natural,42,0.0071566
Perhaps,42,0.0071566
gentle,42,0.0071566
walking,42,0.0071566
quick,42,0.0071566
eat,42,0.0071566
confusion,42,0.0071566
completely,42,0.0071566
gun,42,0.0071566
icon,42,0.0071566
Paris,42,0.0071566
Polish,42,0.0071566
engagement,42,0.0071566
dancing,42,0.0071566
Very,42,0.0071566
science,42,0.0071566
forty,42,0.0071566
Davout,42,0.0071566
ideas,42,0.0071566
Peter,42,0.0071566
valet,42,0.0071566
dog,42,0.0071566
household,42,0.0071566
thousands,42,0.0071566
lower,42,0.0071566
trembling,42,0.0071566
prove,42,0.0071566
wound,42,0.0071566
nice,42,0.0071566
mon,42,0.0071566
below,42,0.0071566
companion,41,0.0069862
cards,41,0.0069862
saber,41,0.0069862
produced,41,0.0069862
respectfully,41,0.0069862
intended,41,0.0069862
influence,41,0.0069862
fourth,41,0.0069862
Nothing,41,0.0069862
nodded,41,0.0069862
fool,41,0.0069862
shirt,41,0.0069862
sobs,41,0.0069862
capital,41,0.0069862
intimate,41,0.0069862
stronger,41,0.0069862
greatest,41,0.0069862
drink,41,0.0069862
space,41,0.0069862
beg,41,0.0069862
headquarters,41,0.0069862
minute,41,0.0069862
impression,41,0.0069862
columns,41,0.0069862
agitation,41,0.0069862
pain,41,0.0069862
Daniel,41,0.0069862
paid,41,0.0069862
novna,41,0.0069862
allowed,41,0.0069862
F,41,0.0069862
St,41,0.0069862
France,41,0.0069862
Zherk,40,0.00681581
fault,40,0.00681581
bottle,40,0.00681581
marshal,40,0.00681581
glory,40,0.00681581
explanation,40,0.00681581
King,40,0.00681581
apparently,40,0.00681581
definite,40,0.00681581
carriages,40,0.00681581
everywhere,40,0.00681581
complete,40,0.00681581
immense,40,0.00681581
visible,40,0.00681581
believed,40,0.00681581
crowded,40,0.00681581
period,40,0.00681581
Tell,40,0.00681581
demanded,40,0.00681581
experience,40,0.00681581
destruction,40,0.00681581
secret,40,0.00681581
clean,40,0.00681581
incomprehensible,40,0.00681581
none,40,0.00681581
handkerchief,40,0.00681581
appearance,40,0.00681581
satisfied,40,0.00681581
food,40,0.00681581
nin,40,0.00681581
memory,40,0.00681581
corps,40,0.00681581
Again,40,0.00681581
fellows,40,0.00681581
receiving,40,0.00681581
soft,40,0.00681581
baby,40,0.00681581
ears,40,0.00681581
Every,40,0.00681581
embraced,39,0.00664541
property,39,0.00664541
kiss,39,0.00664541
lie,39,0.00664541
mist,39,0.00664541
fully,39,0.00664541
mounted,39,0.00664541
connection,39,0.00664541
previous,39,0.00664541
false,39,0.00664541
eight,39,0.00664541
spectacles,39,0.00664541
inquired,39,0.00664541
ruined,39,0.00664541
acquaintances,39,0.00664541
acquaintance,39,0.00664541
intention,39,0.00664541
feared,39,0.00664541
solemn,39,0.00664541
sternly,39,0.00664541
sleigh,39,0.00664541
note,39,0.00664541
habit,39,0.00664541
estates,39,0.00664541
Monsieur,39,0.00664541
anxious,39,0.00664541
Weyrother,39,0.00664541
instructions,39,0.00664541
chiefly,38,0.00647502
fought,38,0.00647502
Grand,38,0.00647502
smell,38,0.00647502
knoll,38,0.00647502
series,38,0.00647502
III,38,0.00647502
huge,38,0.00647502
stranger,38,0.00647502
chosen,38,0.00647502
winter,38,0.00647502
lies,38,0.00647502
anger,38,0.00647502
Lavr,38,0.00647502
generally,38,0.00647502
remarks,38,0.00647502
slowly,38,0.00647502
column,38,0.00647502
follow,38,0.00647502
Kuzm,38,0.00647502
lines,37,0.00630462
adjutants,37,0.00630462
friendship,37,0.00630462
save,37,0.00630462
trees,37,0.00630462
finger,37,0.00630462
unexpected,37,0.00630462
millions,37,0.00630462
falling,37,0.00630462
flight,37,0.00630462
suppose,37,0.00630462
removed,37,0.00630462
steward,37,0.00630462
dance,37,0.00630462
spring,37,0.00630462
baggage,37,0.00630462
favorite,37,0.00630462
lead,37,0.00630462
council,37,0.00630462
gallop,37,0.00630462
dangerous,37,0.00630462
Those,37,0.00630462
similar,37,0.00630462
gaily,37,0.00630462
Madame,37,0.00630462
battlefield,37,0.00630462
letting,37,0.00630462
joyfully,37,0.00630462
vicomte,37,0.00630462
preparing,37,0.00630462
informed,37,0.00630462
empty,37,0.00630462
pressing,37,0.00630462
game,37,0.00630462
works,37,0.00630462
terms,37,0.00630462
Please,37,0.00630462
escape,37,0.00630462
Kar,37,0.00630462
Dessalles,37,0.00630462
prayer,37,0.00630462
sympathy,36,0.00613423
absent,36,0.00613423
IX,36,0.00613423
Mak,36,0.00613423
nations,36,0.00613423
offer,36,0.00613423
wet,36,0.00613423
sergeant,36,0.00613423
dare,36,0.00613423
XIV,36,0.00613423
galloping,36,0.00613423
XVI,36,0.00613423
physical,36,0.00613423
kissing,36,0.00613423
saddle,36,0.00613423
deal,36,0.00613423
Thy,36,0.00613423
ha,36,0.00613423
watching,36,0.00613423
aunt,36,0.00613423
accepted,36,0.00613423
reported,36,0.00613423
destroy,36,0.00613423
imagination,36,0.00613423
loudly,36,0.00613423
ballroom,36,0.00613423
touching,36,0.00613423
loving,36,0.00613423
theory,36,0.00613423
keeping,36,0.00613423
terror,36,0.00613423
knees,36,0.00613423
grief,36,0.00613423
details,36,0.00613423
managed,36,0.00613423
pistol,36,0.00613423
softly,36,0.00613423
attitude,36,0.00613423
afterwards,36,0.00613423
resolute,36,0.00613423
tenderness,36,0.00613423
anteroom,35,0.00596383
detachment,35,0.00596383
shaking,35,0.00596383
fields,35,0.00596383
helped,35,0.00596383
wheels,35,0.00596383
insisted,35,0.00596383
ahead,35,0.00596383
historic,35,0.00596383
driving,35,0.00596383
hero,35,0.00596383
usually,35,0.00596383
cousin,35,0.00596383
pause,35,0.00596383
delight,35,0.00596383
suffered,35,0.00596383
Still,35,0.00596383
busy,35,0.00596383
illness,35,0.00596383
proud,35,0.00596383
remark,35,0.00596383
awaited,35,0.00596383
reach,35,0.00596383
Tar,35,0.00596383
losing,35,0.00596383
weeks,35,0.00596383
months,35,0.00596383
ya,35,0.00596383
midst,35,0.00596383
proposed,35,0.00596383
XII,35,0.00596383
XI,35,0.00596383
timidly,35,0.00596383
dropped,35,0.00596383
X,35,0.00596383
Emperors,35,0.00596383
formerly,35,0.00596383
VIII,34,0.00579344
ease,34,0.00579344
clouds,34,0.00579344
VII,34,0.00579344
VI,34,0.00579344
virtue,34,0.00579344
Dear,34,0.00579344
doesn,34,0.00579344
essential,34,0.00579344
IV,34,0.00579344
II,34,0.00579344
paces,34,0.00579344
borzois,34,0.00579344
tormented,34,0.00579344
waited,34,0.00579344
hare,34,0.00579344
animal,34,0.00579344
hounds,34,0.00579344
entrance,34,0.00579344
reproach,34,0.00579344
dogs,34,0.00579344
Duny,34,0.00579344
calling,34,0.00579344
gloomy,34,0.00579344
blow,34,0.00579344
doctors,34,0.00579344
hung,34,0.00579344
finding,34,0.00579344
hide,34,0.00579344
darling,34,0.00579344
uniforms,34,0.00579344
regiments,34,0.00579344
Erm,34,0.00579344
month,34,0.00579344
wishes,34,0.00579344
dream,34,0.00579344
cheeks,34,0.00579344
peoples,34,0.00579344
pipe,33,0.00562304
gay,33,0.00562304
ordinary,33,0.00562304
saved,33,0.00562304
official,33,0.00562304
Even,33,0.00562304
senseless,33,0.00562304
week,33,0.00562304
sang,33,0.00562304
shone,33,0.00562304
capture,33,0.00562304
stayed,33,0.00562304
sigh,33,0.00562304
political,33,0.00562304
opportunity,33,0.00562304
Yet,33,0.00562304
promise,33,0.00562304
pace,33,0.00562304
watch,33,0.00562304
reasons,33,0.00562304
motionless,33,0.00562304
Otr,33,0.00562304
agreed,33,0.00562304
wind,33,0.00562304
persons,33,0.00562304
inquiringly,33,0.00562304
Will,33,0.00562304
interesting,33,0.00562304
trouble,33,0.00562304
disappeared,33,0.00562304
XV,33,0.00562304
dnoe,33,0.00562304
Without,33,0.00562304
interested,33,0.00562304
weary,33,0.00562304
glittering,33,0.00562304
seriously,33,0.00562304
exist,33,0.00562304
becoming,33,0.00562304
pulled,32,0.00545265
attentively,32,0.00545265
XIII,32,0.00545265
Germans,32,0.00545265
executed,32,0.00545265
views,32,0.00545265
suggested,32,0.00545265
offended,32,0.00545265
cal,32,0.00545265
fit,32,0.00545265
Il,32,0.00545265
reaching,32,0.00545265
tail,32,0.00545265
rate,32,0.00545265
hanging,32,0.00545265
younger,32,0.00545265
lightly,32,0.00545265
parents,32,0.00545265
dry,32,0.00545265
Everyone,32,0.00545265
thick,32,0.00545265
extraordinary,32,0.00545265
Wait,32,0.00545265
sought,32,0.00545265
song,32,0.00545265
fifty,32,0.00545265
police,32,0.00545265
distinguished,32,0.00545265
innumerable,32,0.00545265
engaged,32,0.00545265
commands,32,0.00545265
L,32,0.00545265
Sem,32,0.00545265
served,32,0.00545265
faced,32,0.00545265
mercy,32,0.00545265
tino,32,0.00545265
ridden,32,0.00545265
nation,32,0.00545265
natured,32,0.00545265
lna,32,0.00545265
wagons,32,0.00545265
announced,32,0.00545265
lads,32,0.00545265
However,32,0.00545265
moral,32,0.00545265
servant,32,0.00545265
lifting,32,0.00545265
dignity,32,0.00545265
needs,32,0.00545265
touch,32,0.00545265
Had,32,0.00545265
armchair,32,0.00545265
George,32,0.00545265
Austria,32,0.00545265
leaned,32,0.00545265
eyebrows,32,0.00545265
absorbed,32,0.00545265
Serene,32,0.00545265
described,31,0.00528225
abroad,31,0.00528225
Prussia,31,0.00528225
spiritual,31,0.00528225
English,31,0.00528225
tired,31,0.00528225
summer,31,0.00528225
campfires,31,0.00528225
noise,31,0.00528225
eagerly,31,0.00528225
plump,31,0.00528225
evil,31,0.00528225
breathing,31,0.00528225
alarm,31,0.00528225
inevitable,31,0.00528225
belonged,31,0.00528225
forever,31,0.00528225
Tely,31,0.00528225
directly,31,0.00528225
indeed,31,0.00528225
dispositions,31,0.00528225
external,31,0.00528225
portrait,31,0.00528225
advice,31,0.00528225
friendly,31,0.00528225
unnatural,31,0.00528225
welfare,31,0.00528225
Duke,31,0.00528225
despair,31,0.00528225
demand,31,0.00528225
esaul,31,0.00528225
peculiar,31,0.00528225
worthy,31,0.00528225
delicate,31,0.00528225
proved,31,0.00528225
screamed,31,0.00528225
separated,31,0.00528225
existence,31,0.00528225
May,31,0.00528225
beat,31,0.00528225
deeply,31,0.00528225
nearest,31,0.00528225
Drubetsk,30,0.00511186
October,30,0.00511186
masses,30,0.00511186
haired,30,0.00511186
address,30,0.00511186
BOOK,30,0.00511186
footmen,30,0.00511186
Tim,30,0.00511186
khin,30,0.00511186
courage,30,0.00511186
realize,30,0.00511186
refuse,30,0.00511186
recognizing,30,0.00511186
ch,30,0.00511186
supposed,30,0.00511186
diplomatic,30,0.00511186
candle,30,0.00511186
Minister,30,0.00511186
couple,30,0.00511186
rank,30,0.00511186
exhausted,30,0.00511186
priest,30,0.00511186
attacked,30,0.00511186
spirits,30,0.00511186
confidence,30,0.00511186
clothes,30,0.00511186
e,30,0.00511186
pray,30,0.00511186
joke,30,0.00511186
mysterious,30,0.00511186
start,30,0.00511186
advantage,30,0.00511186
Buonaparte,30,0.00511186
excellent,30,0.00511186
Lise,30,0.00511186
fires,30,0.00511186
plainly,30,0.00511186
K,30,0.00511186
vous,30,0.00511186
wars,30,0.00511186
delighted,30,0.00511186
closer,30,0.00511186
aroused,30,0.00511186
eh,30,0.00511186
hurry,30,0.00511186
consisted,30,0.00511186
hollow,30,0.00511186
awkward,30,0.00511186
desired,30,0.00511186
concerning,30,0.00511186
answering,30,0.00511186
nature,30,0.00511186
knee,30,0.00511186
pride,30,0.00511186
rdino,30,0.00511186
changing,29,0.00494146
club,29,0.00494146
mental,29,0.00494146
Willarski,29,0.00494146
sword,29,0.00494146
villages,29,0.00494146
permission,29,0.00494146
mention,29,0.00494146
rules,29,0.00494146
icons,29,0.00494146
Shev,29,0.00494146
figures,29,0.00494146
sing,29,0.00494146
slept,29,0.00494146
mud,29,0.00494146
flying,29,0.00494146
opening,29,0.00494146
battles,29,0.00494146
tree,29,0.00494146
Sometimes,29,0.00494146
beaten,29,0.00494146
conviction,29,0.00494146
fifteen,29,0.00494146
retired,29,0.00494146
entirely,29,0.00494146
Shinsh,29,0.00494146
Or,29,0.00494146
worth,29,0.00494146
Plat,29,0.00494146
che,29,0.00494146
authority,29,0.00494146
reflected,29,0.00494146
east,29,0.00494146
favor,29,0.00494146
marrying,29,0.00494146
cruel,29,0.00494146
regular,29,0.00494146
weakness,29,0.00494146
confident,29,0.00494146
rosy,29,0.00494146
eager,29,0.00494146
blushing,29,0.00494146
animation,29,0.00494146
transferred,29,0.00494146
indicated,29,0.00494146
staying,29,0.00494146
lives,29,0.00494146
stories,29,0.00494146
seated,29,0.00494146
books,29,0.00494146
hurried,29,0.00494146
isn,28,0.00477107
shame,28,0.00477107
duties,28,0.00477107
personally,28,0.00477107
Uhlans,28,0.00477107
judge,28,0.00477107
grow,28,0.00477107
dissatisfied,28,0.00477107
conclusion,28,0.00477107
Be,28,0.00477107
Italian,28,0.00477107
land,28,0.00477107
melancholy,28,0.00477107
arrange,28,0.00477107
mlin,28,0.00477107
useless,28,0.00477107
equal,28,0.00477107
break,28,0.00477107
approach,28,0.00477107
intently,28,0.00477107
Joseph,28,0.00477107
walls,28,0.00477107
Christ,28,0.00477107
refused,28,0.00477107
closely,28,0.00477107
duel,28,0.00477107
dirty,28,0.00477107
autumn,28,0.00477107
pushing,28,0.00477107
exactly,28,0.00477107
heavily,28,0.00477107
ga,28,0.00477107
share,28,0.00477107
partner,28,0.00477107
Toll,28,0.00477107
prepare,28,0.00477107
stationed,28,0.00477107
painful,28,0.00477107
dared,28,0.00477107
swaying,28,0.00477107
invited,28,0.00477107
paced,28,0.00477107
utter,28,0.00477107
mistake,28,0.00477107
Their,28,0.00477107
west,28,0.00477107
charge,27,0.00460067
edge,27,0.00460067
1805,27,0.00460067
public,27,0.00460067
advancing,27,0.00460067
private,27,0.00460067
serving,27,0.00460067
est,27,0.00460067
admitted,27,0.00460067
bore,27,0.00460067
fifth,27,0.00460067
hospital,27,0.00460067
essence,27,0.00460067
corporal,27,0.00460067
wants,27,0.00460067
nobody,27,0.00460067
interview,27,0.00460067
brows,27,0.00460067
hurt,27,0.00460067
Ger,27,0.00460067
value,27,0.00460067
rain,27,0.00460067
eldest,27,0.00460067
rows,27,0.00460067
Kal,27,0.00460067
harm,27,0.00460067
brothers,27,0.00460067
Thank,27,0.00460067
Captain,27,0.00460067
throat,27,0.00460067
seeking,27,0.00460067
fired,27,0.00460067
militia,27,0.00460067
fat,27,0.00460067
lose,27,0.00460067
electronic,27,0.00460067
entrusted,27,0.00460067
holy,27,0.00460067
dragoons,27,0.00460067
Dokht,27,0.00460067
results,27,0.00460067
art,27,0.00460067
Sch,27,0.00460067
agreeable,27,0.00460067
throwing,27,0.00460067
elbow,27,0.00460067
seizing,27,0.00460067
fancy,27,0.00460067
restrain,27,0.00460067
slight,27,0.00460067
insignificant,27,0.00460067
driven,27,0.00460067
whip,27,0.00460067
makes,27,0.00460067
memories,27,0.00460067
enthusiasm,27,0.00460067
emotion,27,0.00460067
vra,26,0.00443028
September,26,0.00443028
benefactor,26,0.00443028
tongue,26,0.00443028
provisions,26,0.00443028
Behind,26,0.00443028
thou,26,0.00443028
bullets,26,0.00443028
misfortune,26,0.00443028
XVIII,26,0.00443028
folk,26,0.00443028
replying,26,0.00443028
rise,26,0.00443028
assume,26,0.00443028
match,26,0.00443028
prevent,26,0.00443028
B,26,0.00443028
collar,26,0.00443028
trembled,26,0.00443028
charm,26,0.00443028
hoped,26,0.00443028
cost,26,0.00443028
3,26,0.00443028
goodness,26,0.00443028
footsteps,26,0.00443028
halted,26,0.00443028
Empress,26,0.00443028
expressing,26,0.00443028
occasionally,26,0.00443028
swayed,26,0.00443028
noble,26,0.00443028
weather,26,0.00443028
marching,26,0.00443028
dining,26,0.00443028
stir,26,0.00443028
convoy,26,0.00443028
silver,26,0.00443028
sounded,26,0.00443028
louder,26,0.00443028
hers,26,0.00443028
dismounted,26,0.00443028
aware,26,0.00443028
sim,26,0.00443028
feels,26,0.00443028
shrugged,26,0.00443028
whistling,26,0.00443028
Evidently,26,0.00443028
dresses,26,0.00443028
candles,26,0.00443028
inner,26,0.00443028
Since,26,0.00443028
forced,26,0.00443028
guilty,26,0.00443028
N,26,0.00443028
maids,26,0.00443028
based,26,0.00443028
reality,26,0.00443028
fair,26,0.00443028
proper,25,0.00425988
lofty,25,0.00425988
existed,25,0.00425988
parties,25,0.00425988
declared,25,0.00425988
lip,25,0.00425988
See,25,0.00425988
wept,25,0.00425988
breaking,25,0.00425988
faith,25,0.00425988
XVII,25,0.00425988
yours,25,0.00425988
timid,25,0.00425988
trap,25,0.00425988
frost,25,0.00425988
descended,25,0.00425988
bowing,25,0.00425988
train,25,0.00425988
Beausset,25,0.00425988
nine,25,0.00425988
divine,25,0.00425988
perplexity,25,0.00425988
distinctly,25,0.00425988
Mason,25,0.00425988
Really,25,0.00425988
gained,25,0.00425988
rear,25,0.00425988
guard,25,0.00425988
mingled,25,0.00425988
struggle,25,0.00425988
cher,25,0.00425988
snuffbox,25,0.00425988
haste,25,0.00425988
E,25,0.00425988
related,25,0.00425988
marshals,25,0.00425988
abandon,25,0.00425988
comfort,25,0.00425988
rolled,25,0.00425988
assembled,25,0.00425988
vexation,25,0.00425988
crowds,25,0.00425988
nov,25,0.00425988
tsyn,25,0.00425988
doors,25,0.00425988
tones,25,0.00425988
hay,25,0.00425988
khova,25,0.00425988
ours,25,0.00425988
profound,25,0.00425988
finally,25,0.00425988
anywhere,25,0.00425988
obtain,25,0.00425988
danced,25,0.00425988
ysk,25,0.00425988
Bogd,25,0.00425988
Mozh,25,0.00425988
begged,25,0.00425988
throw,25,0.00425988
choose,25,0.00425988
circles,25,0.00425988
abandoning,25,0.00425988
childhood,25,0.00425988
ma,25,0.00425988
battalions,25,0.00425988
facing,25,0.00425988
setting,24,0.00408948
haven,24,0.00408948
anxiety,24,0.00408948
ended,24,0.00408948
doubts,24,0.00408948
active,24,0.00408948
occur,24,0.00408948
treated,24,0.00408948
reign,24,0.00408948
contempt,24,0.00408948
palace,24,0.00408948
cheek,24,0.00408948
hid,24,0.00408948
Take,24,0.00408948
universal,24,0.00408948
devotion,24,0.00408948
prayed,24,0.00408948
accept,24,0.00408948
tiptoe,24,0.00408948
retreating,24,0.00408948
sleeves,24,0.00408948
concerned,24,0.00408948
accord,24,0.00408948
dust,24,0.00408948
childlike,24,0.00408948
takes,24,0.00408948
performed,24,0.00408948
shining,24,0.00408948
bank,24,0.00408948
draw,24,0.00408948
distant,24,0.00408948
Vereshch,24,0.00408948
perfectly,24,0.00408948
ruin,24,0.00408948
nichna,24,0.00408948
Both,24,0.00408948
drunk,24,0.00408948
nephew,24,0.00408948
justice,24,0.00408948
parts,24,0.00408948
huntsman,24,0.00408948
pretext,24,0.00408948
War,24,0.00408948
ringing,24,0.00408948
appears,24,0.00408948
agreement,24,0.00408948
stone,24,0.00408948
dragged,24,0.00408948
mine,24,0.00408948
Foundation,24,0.00408948
joyous,24,0.00408948
hungry,24,0.00408948
nskaya,24,0.00408948
vodka,24,0.00408948
assurance,24,0.00408948
final,24,0.00408948
delay,24,0.00408948
aloud,24,0.00408948
sufferings,24,0.00408948
purse,24,0.00408948
indicating,24,0.00408948
intellectual,24,0.00408948
bold,24,0.00408948
lift,24,0.00408948
XIX,24,0.00408948
spend,24,0.00408948
mile,24,0.00408948
responsibility,24,0.00408948
bedroom,24,0.00408948
issued,24,0.00408948
picked,24,0.00408948
approval,24,0.00408948
constantly,24,0.00408948
bringing,24,0.00408948
sweet,24,0.00408948
information,24,0.00408948
vividly,24,0.00408948
amused,24,0.00408948
bow,24,0.00408948
Rhetor,24,0.00408948
fly,24,0.00408948
piece,24,0.00408948
Governor,23,0.00391909
goes,23,0.00391909
Get,23,0.00391909
highroad,23,0.00391909
breath,23,0.00391909
corridor,23,0.00391909
resolved,23,0.00391909
unhappy,23,0.00391909
windows,23,0.00391909
narrow,23,0.00391909
infinite,23,0.00391909
Old,23,0.00391909
pas,23,0.00391909
relief,23,0.00391909
frame,23,0.00391909
Toward,23,0.00391909
brightly,23,0.00391909
concentrated,23,0.00391909
loaded,23,0.00391909
dam,23,0.00391909
shoes,23,0.00391909
smilingly,23,0.00391909
mere,23,0.00391909
childish,23,0.00391909
crying,23,0.00391909
grass,23,0.00391909
striking,23,0.00391909
stick,23,0.00391909
chairs,23,0.00391909
forgetting,23,0.00391909
acted,23,0.00391909
progress,23,0.00391909
luck,23,0.00391909
pocket,23,0.00391909
Ryaz,23,0.00391909
pack,23,0.00391909
excuse,23,0.00391909
commanding,23,0.00391909
defeat,23,0.00391909
hunting,23,0.00391909
tied,23,0.00391909
catch,23,0.00391909
preoccupied,23,0.00391909
bending,23,0.00391909
attached,23,0.00391909
powerful,23,0.00391909
sya,23,0.00391909
tz,23,0.00391909
established,23,0.00391909
Order,23,0.00391909
collective,23,0.00391909
jacket,23,0.00391909
remaining,23,0.00391909
cease,23,0.00391909
passionate,23,0.00391909
energy,23,0.00391909
hundreds,23,0.00391909
observation,23,0.00391909
class,23,0.00391909
sank,23,0.00391909
radiant,23,0.00391909
cleared,23,0.00391909
compared,23,0.00391909
otherwise,23,0.00391909
decision,23,0.00391909
built,23,0.00391909
groom,23,0.00391909
ches,23,0.00391909
harness,23,0.00391909
wrapped,23,0.00391909
connected,23,0.00391909
wing,23,0.00391909
cases,23,0.00391909
courier,23,0.00391909
seek,23,0.00391909
Suv,23,0.00391909
unconsciously,23,0.00391909
hopes,23,0.00391909
groups,23,0.00391909
elderly,23,0.00391909
lodge,23,0.00391909
pacing,23,0.00391909
fled,23,0.00391909
Wolzogen,23,0.00391909
cook,23,0.00391909
bees,23,0.00391909
marched,23,0.00391909
deed,23,0.00391909
rule,23,0.00391909
shots,23,0.00391909
neighbor,23,0.00391909
explaining,23,0.00391909
fast,22,0.00374869
hunt,22,0.00374869
Because,22,0.00374869
slender,22,0.00374869
boldly,22,0.00374869
wealthy,22,0.00374869
obtained,22,0.00374869
gradually,22,0.00374869
continue,22,0.00374869
drank,22,0.00374869
oak,22,0.00374869
awful,22,0.00374869
uncomfortable,22,0.00374869
sobbing,22,0.00374869
obey,22,0.00374869
bells,22,0.00374869
sixth,22,0.00374869
reminded,22,0.00374869
vanished,22,0.00374869
notes,22,0.00374869
clerk,22,0.00374869
smooth,22,0.00374869
curly,22,0.00374869
height,22,0.00374869
clavichord,22,0.00374869
Give,22,0.00374869
sum,22,0.00374869
ska,22,0.00374869
lowered,22,0.00374869
spurs,22,0.00374869
G,22,0.00374869
snoe,22,0.00374869
features,22,0.00374869
hoofs,22,0.00374869
social,22,0.00374869
building,22,0.00374869
damp,22,0.00374869
fur,22,0.00374869
weep,22,0.00374869
sprang,22,0.00374869
majestic,22,0.00374869
feeble,22,0.00374869
Whether,22,0.00374869
starting,22,0.00374869
heat,22,0.00374869
shut,22,0.00374869
First,22,0.00374869
Among,22,0.00374869
naked,22,0.00374869
disorder,22,0.00374869
arguments,22,0.00374869
accounts,22,0.00374869
consent,22,0.00374869
fun,22,0.00374869
Ra,22,0.00374869
famous,22,0.00374869
possessed,22,0.00374869
newly,22,0.00374869
advised,22,0.00374869
Mack,22,0.00374869
Whatever,22,0.00374869
painfully,22,0.00374869
conceal,22,0.00374869
Him,22,0.00374869
comrade,22,0.00374869
Drissa,22,0.00374869
grasp,22,0.00374869
pure,22,0.00374869
Michaud,22,0.00374869
pulling,22,0.00374869
assistant,22,0.00374869
elder,22,0.00374869
transport,22,0.00374869
gives,22,0.00374869
Olm,22,0.00374869
facts,22,0.00374869
waved,22,0.00374869
bread,22,0.00374869
repeat,22,0.00374869
messenger,22,0.00374869
ring,22,0.00374869
distinguish,22,0.00374869
recollection,22,0.00374869
assured,22,0.00374869
example,22,0.00374869
tent,22,0.00374869
powers,22,0.00374869
Marshal,22,0.00374869
overcoat,21,0.0035783
strongly,21,0.0035783
musketry,21,0.0035783
trot,21,0.0035783
gracious,21,0.0035783
role,21,0.0035783
aims,21,0.0035783
teach,21,0.0035783
Catherine,21,0.0035783
wealth,21,0.0035783
search,21,0.0035783
shade,21,0.0035783
useful,21,0.0035783
khovna,21,0.0035783
Hendr,21,0.0035783
More,21,0.0035783
Despite,21,0.0035783
elbows,21,0.0035783
arose,21,0.0035783
occurs,21,0.0035783
ancient,21,0.0035783
amusing,21,0.0035783
strangely,21,0.0035783
hiding,21,0.0035783
precious,21,0.0035783
losses,21,0.0035783
succeeded,21,0.0035783
Nik,21,0.0035783
speed,21,0.0035783
bench,21,0.0035783
irony,21,0.0035783
torn,21,0.0035783
Louis,21,0.0035783
beast,21,0.0035783
muskets,21,0.0035783
lot,21,0.0035783
verses,21,0.0035783
sooner,21,0.0035783
Vy,21,0.0035783
lovely,21,0.0035783
Horse,21,0.0035783
commanded,21,0.0035783
cloud,21,0.0035783
authorities,21,0.0035783
superior,21,0.0035783
minister,21,0.0035783
absolutely,21,0.0035783
hastened,21,0.0035783
Did,21,0.0035783
rapturous,21,0.0035783
seconds,21,0.0035783
driver,21,0.0035783
arrive,21,0.0035783
attracted,21,0.0035783
unfortunate,21,0.0035783
review,21,0.0035783
burn,21,0.0035783
calmly,21,0.0035783
rang,21,0.0035783
leaves,21,0.0035783
Such,21,0.0035783
separate,21,0.0035783
avoided,21,0.0035783
band,21,0.0035783
greatly,21,0.0035783
samovar,21,0.0035783
alike,21,0.0035783
thanks,21,0.0035783
remains,21,0.0035783
problem,21,0.0035783
Once,21,0.0035783
arrangements,21,0.0035783
frown,21,0.0035783
referred,21,0.0035783
Brothers,21,0.0035783
lack,21,0.0035783
indifferent,21,0.0035783
deserted,21,0.0035783
respectful,21,0.0035783
devoted,21,0.0035783
directions,21,0.0035783
gaze,21,0.0035783
fence,21,0.0035783
hidden,21,0.0035783
Niemen,21,0.0035783
stepping,21,0.0035783
Redoubt,21,0.0035783
sees,21,0.0035783
Milor,21,0.0035783
domestic,21,0.0035783
retire,21,0.0035783
Empereur,21,0.0035783
naturally,21,0.0035783
obvious,21,0.0035783
considerations,21,0.0035783
fetch,21,0.0035783
glances,21,0.0035783
temper,21,0.0035783
thereby,20,0.0034079
control,20,0.0034079
confirmed,20,0.0034079
upset,20,0.0034079
Club,20,0.0034079
pieces,20,0.0034079
pose,20,0.0034079
mild,20,0.0034079
zma,20,0.0034079
ear,20,0.0034079
affectionate,20,0.0034079
failed,20,0.0034079
yellow,20,0.0034079
risen,20,0.0034079
drop,20,0.0034079
tranquil,20,0.0034079
revealed,20,0.0034079
instantly,20,0.0034079
bought,20,0.0034079
inform,20,0.0034079
debts,20,0.0034079
hive,20,0.0034079
dragging,20,0.0034079
gates,20,0.0034079
vlograd,20,0.0034079
inevitably,20,0.0034079
glasses,20,0.0034079
bushes,20,0.0034079
yards,20,0.0034079
merrily,20,0.0034079
churches,20,0.0034079
altered,20,0.0034079
dovich,20,0.0034079
faster,20,0.0034079
signs,20,0.0034079
pair,20,0.0034079
roar,20,0.0034079
examined,20,0.0034079
goal,20,0.0034079
bodies,20,0.0034079
June,20,0.0034079
accomplished,20,0.0034079
European,20,0.0034079
sixteen,20,0.0034079
Balag,20,0.0034079
occupation,20,0.0034079
respected,20,0.0034079
attacking,20,0.0034079
coach,20,0.0034079
maneuvers,20,0.0034079
greatness,20,0.0034079
forgot,20,0.0034079
harmful,20,0.0034079
rarely,20,0.0034079
Great,20,0.0034079
sons,20,0.0034079
support,20,0.0034079
Revolution,20,0.0034079
religion,20,0.0034079
wonderful,20,0.0034079
exchanged,20,0.0034079
stopping,20,0.0034079
theater,20,0.0034079
examining,20,0.0034079
delightful,20,0.0034079
killing,20,0.0034079
numbers,20,0.0034079
increasing,20,0.0034079
sleeping,20,0.0034079
qualities,20,0.0034079
mankind,20,0.0034079
enemies,20,0.0034079
pillow,20,0.0034079
shawl,20,0.0034079
cries,20,0.0034079
opinions,20,0.0034079
inside,20,0.0034079
request,20,0.0034079
reward,20,0.0034079
encounter,20,0.0034079
fl,20,0.0034079
worst,20,0.0034079
aid,20,0.0034079
grand,20,0.0034079
win,20,0.0034079
inquiry,20,0.0034079
gossip,20,0.0034079
foreign,20,0.0034079
education,20,0.0034079
resolution,20,0.0034079
conversations,20,0.0034079
until,20,0.0034079
Soon,20,0.0034079
leather,20,0.0034079
drops,20,0.0034079
silk,19,0.00323751
grain,19,0.00323751
stage,19,0.00323751
minded,19,0.00323751
ventured,19,0.00323751
vehicles,19,0.00323751
follows,19,0.00323751
proclamation,19,0.00323751
quarter,19,0.00323751
musket,19,0.00323751
Isn,19,0.00323751
attain,19,0.00323751
obliged,19,0.00323751
unite,19,0.00323751
thus,19,0.00323751
copyright,19,0.00323751
flames,19,0.00323751
arrested,19,0.00323751
attractive,19,0.00323751
eating,19,0.00323751
audible,19,0.00323751
summoned,19,0.00323751
Poland,19,0.00323751
sharply,19,0.00323751
correct,19,0.00323751
discussed,19,0.00323751
stomach,19,0.00323751
brave,19,0.00323751
simplicity,19,0.00323751
presents,19,0.00323751
thrust,19,0.00323751
equally,19,0.00323751
hostess,19,0.00323751
rid,19,0.00323751
incessantly,19,0.00323751
Austrians,19,0.00323751
rapidity,19,0.00323751
forth,19,0.00323751
fog,19,0.00323751
traveling,19,0.00323751
card,19,0.00323751
lieutenant,19,0.00323751
sole,19,0.00323751
hostile,19,0.00323751
breeches,19,0.00323751
depends,19,0.00323751
dense,19,0.00323751
differently,19,0.00323751
Each,19,0.00323751
militiamen,19,0.00323751
significant,19,0.00323751
station,19,0.00323751
porter,19,0.00323751
sea,19,0.00323751
beneath,19,0.00323751
Ferap,19,0.00323751
affected,19,0.00323751
cadet,19,0.00323751
indifference,19,0.00323751
sin,19,0.00323751
perished,19,0.00323751
top,19,0.00323751
coldly,19,0.00323751
wouldn,19,0.00323751
vice,19,0.00323751
turns,19,0.00323751
Yarosl,19,0.00323751
ntov,19,0.00323751
scoundrel,19,0.00323751
Ramballe,19,0.00323751
weaker,19,0.00323751
passionately,19,0.00323751
hurrying,19,0.00323751
resting,19,0.00323751
Like,19,0.00323751
beaming,19,0.00323751
Three,19,0.00323751
current,19,0.00323751
severely,19,0.00323751
endure,19,0.00323751
depths,19,0.00323751
exists,19,0.00323751
dawn,19,0.00323751
sending,19,0.00323751
seize,19,0.00323751
sleeve,19,0.00323751
regret,19,0.00323751
sharp,19,0.00323751
source,19,0.00323751
thinks,19,0.00323751
capacity,18,0.00306711
observed,18,0.00306711
greeting,18,0.00306711
working,18,0.00306711
length,18,0.00306711
loose,18,0.00306711
coarse,18,0.00306711
Kiev,18,0.00306711
collected,18,0.00306711
fox,18,0.00306711
conscience,18,0.00306711
concealed,18,0.00306711
heels,18,0.00306711
November,18,0.00306711
armed,18,0.00306711
defend,18,0.00306711
XX,18,0.00306711
individual,18,0.00306711
hatred,18,0.00306711
province,18,0.00306711
Freemasonry,18,0.00306711
difficulties,18,0.00306711
practical,18,0.00306711
questioned,18,0.00306711
glow,18,0.00306711
severe,18,0.00306711
smart,18,0.00306711
preparations,18,0.00306711
shout,18,0.00306711
upper,18,0.00306711
woke,18,0.00306711
conflict,18,0.00306711
saving,18,0.00306711
fashion,18,0.00306711
grateful,18,0.00306711
whispering,18,0.00306711
extended,18,0.00306711
submit,18,0.00306711
monarch,18,0.00306711
task,18,0.00306711
divided,18,0.00306711
birch,18,0.00306711
contradiction,18,0.00306711
weight,18,0.00306711
readiness,18,0.00306711
hoarse,18,0.00306711
lasted,18,0.00306711
culture,18,0.00306711
square,18,0.00306711
devised,18,0.00306711
capable,18,0.00306711
wonder,18,0.00306711
roads,18,0.00306711
Vive,18,0.00306711
Konovn,18,0.00306711
unconscious,18,0.00306711
fortnight,18,0.00306711
Street,18,0.00306711
aged,18,0.00306711
roof,18,0.00306711
mob,18,0.00306711
perfect,18,0.00306711
race,18,0.00306711
cunning,18,0.00306711
decide,18,0.00306711
exposed,18,0.00306711
produce,18,0.00306711
situation,18,0.00306711
missed,18,0.00306711
habitual,18,0.00306711
pond,18,0.00306711
member,18,0.00306711
detail,18,0.00306711
nowhere,18,0.00306711
degree,18,0.00306711
audience,18,0.00306711
guessed,18,0.00306711
acquainted,18,0.00306711
supplies,18,0.00306711
independent,18,0.00306711
nobility,18,0.00306711
fortune,18,0.00306711
longed,18,0.00306711
inquiring,18,0.00306711
arranging,18,0.00306711
heroes,18,0.00306711
mad,18,0.00306711
nezh,18,0.00306711
Vor,18,0.00306711
campfire,18,0.00306711
district,18,0.00306711
physically,18,0.00306711
Mother,18,0.00306711
Dimmler,18,0.00306711
moves,18,0.00306711
hearts,18,0.00306711
nich,18,0.00306711
bald,18,0.00306711
affection,18,0.00306711
atmosphere,18,0.00306711
mistaken,18,0.00306711
sincerely,18,0.00306711
foe,18,0.00306711
using,18,0.00306711
raise,18,0.00306711
Kozl,18,0.00306711
learn,18,0.00306711
enjoyed,18,0.00306711
king,18,0.00306711
constant,18,0.00306711
Serg,18,0.00306711
sincere,18,0.00306711
Masonic,18,0.00306711
tinov,18,0.00306711
appointment,18,0.00306711
threatening,18,0.00306711
princesses,18,0.00306711
betrothed,18,0.00306711
bosom,18,0.00306711
dim,18,0.00306711
borzoi,18,0.00306711
honored,18,0.00306711
possession,18,0.00306711
deprived,18,0.00306711
settle,18,0.00306711
rolling,18,0.00306711
reins,18,0.00306711
dozen,18,0.00306711
uneasily,18,0.00306711
spreading,18,0.00306711
stars,18,0.00306711
meaningless,18,0.00306711
dispatch,18,0.00306711
lesser,17,0.00289672
sire,17,0.00289672
finishing,17,0.00289672
Y,17,0.00289672
nn,17,0.00289672
lich,17,0.00289672
Was,17,0.00289672
standard,17,0.00289672
shops,17,0.00289672
frontier,17,0.00289672
freely,17,0.00289672
attendance,17,0.00289672
hospitals,17,0.00289672
reflection,17,0.00289672
characteristic,17,0.00289672
rumors,17,0.00289672
downstairs,17,0.00289672
passion,17,0.00289672
beating,17,0.00289672
animals,17,0.00289672
ate,17,0.00289672
wretched,17,0.00289672
Morel,17,0.00289672
somebody,17,0.00289672
choice,17,0.00289672
zina,17,0.00289672
Ber,17,0.00289672
stuck,17,0.00289672
enchanting,17,0.00289672
hunger,17,0.00289672
weeping,17,0.00289672
committed,17,0.00289672
discipline,17,0.00289672
reluctantly,17,0.00289672
obviously,17,0.00289672
eternal,17,0.00289672
cares,17,0.00289672
Seeing,17,0.00289672
uttering,17,0.00289672
manage,17,0.00289672
Fine,17,0.00289672
mentally,17,0.00289672
meanwhile,17,0.00289672
sallow,17,0.00289672
answers,17,0.00289672
gently,17,0.00289672
crowding,17,0.00289672
Through,17,0.00289672
retreated,17,0.00289672
knocked,17,0.00289672
vague,17,0.00289672
nursery,17,0.00289672
piti,17,0.00289672
rush,17,0.00289672
dined,17,0.00289672
introduced,17,0.00289672
packed,17,0.00289672
un,17,0.00289672
Pratzen,17,0.00289672
ribbon,17,0.00289672
provinces,17,0.00289672
rulers,17,0.00289672
visited,17,0.00289672
thanked,17,0.00289672
hoping,17,0.00289672
moon,17,0.00289672
Orl,17,0.00289672
courtyard,17,0.00289672
labor,17,0.00289672
ice,17,0.00289672
specially,17,0.00289672
career,17,0.00289672
instance,17,0.00289672
About,17,0.00289672
vanity,17,0.00289672
reputation,17,0.00289672
contemptuously,17,0.00289672
proposal,17,0.00289672
resolutely,17,0.00289672
individuals,17,0.00289672
stared,17,0.00289672
punish,17,0.00289672
muddy,17,0.00289672
courtiers,17,0.00289672
awake,17,0.00289672
joining,17,0.00289672
fulfill,17,0.00289672
material,17,0.00289672
wake,17,0.00289672
attained,17,0.00289672
ridicule,17,0.00289672
tenka,17,0.00289672
gentry,17,0.00289672
paying,17,0.00289672
Colonel,17,0.00289672
patience,17,0.00289672
bandaged,17,0.00289672
cloth,17,0.00289672
desperate,17,0.00289672
Tolly,17,0.00289672
depended,17,0.00289672
required,17,0.00289672
tov,17,0.00289672
wagon,17,0.00289672
exception,17,0.00289672
habits,17,0.00289672
curtain,17,0.00289672
waking,17,0.00289672
embarrassment,17,0.00289672
parade,17,0.00289672
list,17,0.00289672
double,17,0.00289672
tables,17,0.00289672
Am,17,0.00289672
Holy,17,0.00289672
describe,17,0.00289672
astonished,17,0.00289672
vexed,17,0.00289672
grant,17,0.00289672
difference,17,0.00289672
defined,17,0.00289672
ways,16,0.00272632
independently,16,0.00272632
minds,16,0.00272632
content,16,0.00272632
dorovna,16,0.00272632
k,16,0.00272632
sob,16,0.00272632
dissatisfaction,16,0.00272632
moist,16,0.00272632
temples,16,0.00272632
tenderly,16,0.00272632
solitude,16,0.00272632
readily,16,0.00272632
hate,16,0.00272632
ship,16,0.00272632
barn,16,0.00272632
smiles,16,0.00272632
Has,16,0.00272632
namely,16,0.00272632
desires,16,0.00272632
demands,16,0.00272632
aides,16,0.00272632
sadly,16,0.00272632
bands,16,0.00272632
histories,16,0.00272632
covering,16,0.00272632
triumph,16,0.00272632
dimly,16,0.00272632
Koloch,16,0.00272632
color,16,0.00272632
quilt,16,0.00272632
fearing,16,0.00272632
novsk,16,0.00272632
perform,16,0.00272632
nervous,16,0.00272632
shy,16,0.00272632
wrinkled,16,0.00272632
ambassador,16,0.00272632
regardless,16,0.00272632
replaced,16,0.00272632
abb,16,0.00272632
avoiding,16,0.00272632
searching,16,0.00272632
replies,16,0.00272632
sufficient,16,0.00272632
gets,16,0.00272632
kinds,16,0.00272632
thoughtful,16,0.00272632
embarrassed,16,0.00272632
remembering,16,0.00272632
fatherland,16,0.00272632
tranquillity,16,0.00272632
briskly,16,0.00272632
awoke,16,0.00272632
politeness,16,0.00272632
refrain,16,0.00272632
innocent,16,0.00272632
buy,16,0.00272632
likely,16,0.00272632
attended,16,0.00272632
attentive,16,0.00272632
XXI,16,0.00272632
oneself,16,0.00272632
lover,16,0.00272632
spare,16,0.00272632
Pelag,16,0.00272632
occasion,16,0.00272632
indefinite,16,0.00272632
amazed,16,0.00272632
complex,16,0.00272632
Andr,16,0.00272632
behaved,16,0.00272632
quartermaster,16,0.00272632
Square,16,0.00272632
historian,16,0.00272632
rough,16,0.00272632
refusal,16,0.00272632
beloved,16,0.00272632
serf,16,0.00272632
frequently,16,0.00272632
speaker,16,0.00272632
prominent,16,0.00272632
sunshine,16,0.00272632
imagining,16,0.00272632
kings,16,0.00272632
sleepy,16,0.00272632
branches,16,0.00272632
greeted,16,0.00272632
stairs,16,0.00272632
drinking,16,0.00272632
quivering,16,0.00272632
Schoss,16,0.00272632
decisive,16,0.00272632
employed,16,0.00272632
poetic,16,0.00272632
careful,16,0.00272632
rustle,16,0.00272632
secure,16,0.00272632
muttering,16,0.00272632
angel,16,0.00272632
puckered,16,0.00272632
roused,16,0.00272632
adopted,16,0.00272632
Would,16,0.00272632
acting,16,0.00272632
united,16,0.00272632
ancients,16,0.00272632
shaven,16,0.00272632
glittered,16,0.00272632
Tilsit,16,0.00272632
map,16,0.00272632
States,16,0.00272632
larger,16,0.00272632
page,16,0.00272632
bass,16,0.00272632
sinking,16,0.00272632
scattered,16,0.00272632
original,16,0.00272632
vich,16,0.00272632
funny,16,0.00272632
displeased,16,0.00272632
1809,16,0.00272632
occupy,16,0.00272632
patriotic,16,0.00272632
copy,16,0.00272632
horrified,16,0.00272632
powder,16,0.00272632
impending,16,0.00272632
et,16,0.00272632
involuntary,16,0.00272632
unusual,16,0.00272632
supposing,16,0.00272632
punished,16,0.00272632
merit,16,0.00272632
represented,16,0.00272632
highly,16,0.00272632
writes,16,0.00272632
judging,16,0.00272632
reasoning,16,0.00272632
subtle,16,0.00272632
whistle,16,0.00272632
Znaim,16,0.00272632
defense,16,0.00272632
execution,16,0.00272632
drunken,16,0.00272632
pretending,15,0.00255593
confess,15,0.00255593
pictured,15,0.00255593
exercise,15,0.00255593
perish,15,0.00255593
older,15,0.00255593
shop,15,0.00255593
merged,15,0.00255593
recalling,15,0.00255593
officials,15,0.00255593
feverish,15,0.00255593
appeal,15,0.00255593
scared,15,0.00255593
welcomed,15,0.00255593
wattle,15,0.00255593
wrinkles,15,0.00255593
jaw,15,0.00255593
catching,15,0.00255593
intimacy,15,0.00255593
heroic,15,0.00255593
asks,15,0.00255593
traitor,15,0.00255593
limited,15,0.00255593
golden,15,0.00255593
foreseen,15,0.00255593
gratitude,15,0.00255593
customary,15,0.00255593
phrase,15,0.00255593
standards,15,0.00255593
ends,15,0.00255593
flesh,15,0.00255593
forms,15,0.00255593
vast,15,0.00255593
Sunday,15,0.00255593
diverse,15,0.00255593
rubbing,15,0.00255593
terribly,15,0.00255593
wiped,15,0.00255593
civilian,15,0.00255593
reproachfully,15,0.00255593
quicker,15,0.00255593
dismay,15,0.00255593
parted,15,0.00255593
pictures,15,0.00255593
purple,15,0.00255593
destroying,15,0.00255593
shadows,15,0.00255593
simultaneously,15,0.00255593
anybody,15,0.00255593
grave,15,0.00255593
gleamed,15,0.00255593
inn,15,0.00255593
admitting,15,0.00255593
vain,15,0.00255593
Everybody,15,0.00255593
limit,15,0.00255593
finds,15,0.00255593
host,15,0.00255593
Ha,15,0.00255593
lka,15,0.00255593
joking,15,0.00255593
companies,15,0.00255593
Kir,15,0.00255593
England,15,0.00255593
Leave,15,0.00255593
somewhat,15,0.00255593
stalls,15,0.00255593
closing,15,0.00255593
remote,15,0.00255593
Elder,15,0.00255593
pretended,15,0.00255593
prevented,15,0.00255593
guided,15,0.00255593
row,15,0.00255593
thee,15,0.00255593
cup,15,0.00255593
stretching,15,0.00255593
discussion,15,0.00255593
questioning,15,0.00255593
Something,15,0.00255593
consolation,15,0.00255593
que,15,0.00255593
twitched,15,0.00255593
United,15,0.00255593
sudden,15,0.00255593
Englishman,15,0.00255593
chin,15,0.00255593
Fatherland,15,0.00255593
Master,15,0.00255593
extremely,15,0.00255593
surroundings,15,0.00255593
medicine,15,0.00255593
pursued,15,0.00255593
Tomorrow,15,0.00255593
folded,15,0.00255593
tutor,15,0.00255593
perspiring,15,0.00255593
twitching,15,0.00255593
brightened,15,0.00255593
burden,15,0.00255593
reflections,15,0.00255593
vainly,15,0.00255593
sovereigns,15,0.00255593
Melyuk,15,0.00255593
Danube,15,0.00255593
cover,15,0.00255593
belonging,15,0.00255593
Most,15,0.00255593
stretched,15,0.00255593
absolute,15,0.00255593
surrendered,15,0.00255593
nushka,15,0.00255593
polite,15,0.00255593
enjoyment,15,0.00255593
dinners,15,0.00255593
firmness,15,0.00255593
nights,15,0.00255593
Others,15,0.00255593
purity,15,0.00255593
recently,15,0.00255593
reproached,15,0.00255593
wax,15,0.00255593
invasion,15,0.00255593
actual,15,0.00255593
Stop,15,0.00255593
deeper,15,0.00255593
hesitation,15,0.00255593
intellect,15,0.00255593
attempt,15,0.00255593
blind,15,0.00255593
intentions,15,0.00255593
loves,15,0.00255593
halt,15,0.00255593
drummer,15,0.00255593
flourishing,15,0.00255593
quivered,15,0.00255593
tells,15,0.00255593
guest,15,0.00255593
jealous,15,0.00255593
cruelty,15,0.00255593
magnanimity,15,0.00255593
slightest,15,0.00255593
rye,15,0.00255593
Theodore,15,0.00255593
including,15,0.00255593
disturbed,15,0.00255593
congratulate,15,0.00255593
positions,15,0.00255593
fixedly,15,0.00255593
Many,15,0.00255593
wooden,15,0.00255593
rested,15,0.00255593
distorted,15,0.00255593
Meanwhile,15,0.00255593
fever,15,0.00255593
eyed,15,0.00255593
unnecessary,15,0.00255593
lessons,15,0.00255593
pathetic,15,0.00255593
lowering,15,0.00255593
treat,15,0.00255593
ruble,15,0.00255593
daughters,15,0.00255593
ironically,15,0.00255593
Vlad,15,0.00255593
honest,15,0.00255593
softened,15,0.00255593
modern,15,0.00255593
il,14,0.00238553
stooping,14,0.00238553
resist,14,0.00238553
awhile,14,0.00238553
dispersed,14,0.00238553
Br,14,0.00238553
flung,14,0.00238553
sparkling,14,0.00238553
joys,14,0.00238553
blessing,14,0.00238553
Karp,14,0.00238553
caps,14,0.00238553
artificial,14,0.00238553
commencement,14,0.00238553
main,14,0.00238553
brushed,14,0.00238553
tivier,14,0.00238553
impressions,14,0.00238553
pleasantly,14,0.00238553
significantly,14,0.00238553
impulse,14,0.00238553
mission,14,0.00238553
quarrel,14,0.00238553
process,14,0.00238553
leaders,14,0.00238553
flower,14,0.00238553
contrast,14,0.00238553
bleeding,14,0.00238553
chances,14,0.00238553
slipped,14,0.00238553
passions,14,0.00238553
abandonment,14,0.00238553
sentence,14,0.00238553
region,14,0.00238553
pondered,14,0.00238553
peaceful,14,0.00238553
message,14,0.00238553
mystery,14,0.00238553
straw,14,0.00238553
Sire,14,0.00238553
invitation,14,0.00238553
truce,14,0.00238553
wheel,14,0.00238553
discuss,14,0.00238553
stooped,14,0.00238553
amiable,14,0.00238553
mistress,14,0.00238553
awkwardly,14,0.00238553
becomes,14,0.00238553
continuing,14,0.00238553
senior,14,0.00238553
Grabern,14,0.00238553
tenth,14,0.00238553
souls,14,0.00238553
afternoon,14,0.00238553
dealing,14,0.00238553
containing,14,0.00238553
ridiculous,14,0.00238553
moonlight,14,0.00238553
noticeable,14,0.00238553
petition,14,0.00238553
definitely,14,0.00238553
youthful,14,0.00238553
mistakes,14,0.00238553
inspired,14,0.00238553
hit,14,0.00238553
sixty,14,0.00238553
cattle,14,0.00238553
advantageous,14,0.00238553
Moreover,14,0.00238553
expectation,14,0.00238553
screwed,14,0.00238553
attributed,14,0.00238553
inviting,14,0.00238553
huntsmen,14,0.00238553
dropping,14,0.00238553
possibly,14,0.00238553
irritated,14,0.00238553
resulted,14,0.00238553
Natalie,14,0.00238553
Little,14,0.00238553
belong,14,0.00238553
barrier,14,0.00238553
disliked,14,0.00238553
Per,14,0.00238553
await,14,0.00238553
masters,14,0.00238553
merchant,14,0.00238553
XXII,14,0.00238553
leader,14,0.00238553
equality,14,0.00238553
unpleasantly,14,0.00238553
shaggy,14,0.00238553
spoiled,14,0.00238553
avenue,14,0.00238553
distress,14,0.00238553
Forgive,14,0.00238553
stockings,14,0.00238553
Francis,14,0.00238553
forests,14,0.00238553
conduct,14,0.00238553
suffer,14,0.00238553
batteries,14,0.00238553
bridges,14,0.00238553
newcomer,14,0.00238553
storm,14,0.00238553
chose,14,0.00238553
meadow,14,0.00238553
rights,14,0.00238553
rubbed,14,0.00238553
foolish,14,0.00238553
sold,14,0.00238553
referring,14,0.00238553
discovered,14,0.00238553
bayonets,14,0.00238553
waving,14,0.00238553
escort,14,0.00238553
alliance,14,0.00238553
Berthier,14,0.00238553
jest,14,0.00238553
liberty,14,0.00238553
packing,14,0.00238553
rewards,14,0.00238553
recent,14,0.00238553
realm,14,0.00238553
feminine,14,0.00238553
sensation,14,0.00238553
gina,14,0.00238553
sabers,14,0.00238553
bullet,14,0.00238553
contemptuous,14,0.00238553
Paulucci,14,0.00238553
flattered,14,0.00238553
dreamed,14,0.00238553
wedding,14,0.00238553
associated,14,0.00238553
surrender,14,0.00238553
Thou,14,0.00238553
consequently,14,0.00238553
dealt,14,0.00238553
crime,14,0.00238553
intrigues,14,0.00238553
sadness,14,0.00238553
tight,14,0.00238553
greatcoat,14,0.00238553
scene,14,0.00238553
roll,14,0.00238553
personage,14,0.00238553
relating,14,0.00238553
shows,14,0.00238553
trich,14,0.00238553
commissariat,14,0.00238553
niece,14,0.00238553
Turkey,14,0.00238553
Prussian,14,0.00238553
roofs,14,0.00238553
Braunau,14,0.00238553
arriving,14,0.00238553
adored,14,0.00238553
trifles,14,0.00238553
cutting,14,0.00238553
apparent,14,0.00238553
observe,14,0.00238553
unless,14,0.00238553
flowed,14,0.00238553
orderlies,14,0.00238553
politics,14,0.00238553
expedition,14,0.00238553
ammunition,14,0.00238553
determined,14,0.00238553
attend,14,0.00238553
deliberately,14,0.00238553
resumed,14,0.00238553
advantages,14,0.00238553
wiping,14,0.00238553
waistcoat,14,0.00238553
intelligent,14,0.00238553
behave,14,0.00238553
proof,14,0.00238553
dispute,14,0.00238553
Krems,14,0.00238553
sorts,14,0.00238553
detachments,14,0.00238553
tear,14,0.00238553
shouldn,13,0.00221514
splashing,13,0.00221514
regarding,13,0.00221514
extent,13,0.00221514
perceptible,13,0.00221514
feather,13,0.00221514
vna,13,0.00221514
creature,13,0.00221514
heap,13,0.00221514
Buxh,13,0.00221514
flashed,13,0.00221514
eve,13,0.00221514
wden,13,0.00221514
actually,13,0.00221514
pink,13,0.00221514
ah,13,0.00221514
handing,13,0.00221514
opponent,13,0.00221514
les,13,0.00221514
hinder,13,0.00221514
trousers,13,0.00221514
offering,13,0.00221514
stake,13,0.00221514
Volk,13,0.00221514
slope,13,0.00221514
unnaturally,13,0.00221514
harder,13,0.00221514
goods,13,0.00221514
Pl,13,0.00221514
tri,13,0.00221514
dashed,13,0.00221514
Never,13,0.00221514
tonight,13,0.00221514
Beside,13,0.00221514
aren,13,0.00221514
apartments,13,0.00221514
appearing,13,0.00221514
gaiety,13,0.00221514
unseen,13,0.00221514
interpreter,13,0.00221514
horizon,13,0.00221514
shrugging,13,0.00221514
trodden,13,0.00221514
happily,13,0.00221514
warfare,13,0.00221514
overtook,13,0.00221514
crush,13,0.00221514
insult,13,0.00221514
undressing,13,0.00221514
manly,13,0.00221514
comprehensible,13,0.00221514
sunk,13,0.00221514
prayers,13,0.00221514
troyka,13,0.00221514
upstairs,13,0.00221514
conversing,13,0.00221514
domo,13,0.00221514
connections,13,0.00221514
justify,13,0.00221514
sisters,13,0.00221514
lights,13,0.00221514
invalid,13,0.00221514
comparison,13,0.00221514
frankly,13,0.00221514
Langeron,13,0.00221514
examine,13,0.00221514
remorse,13,0.00221514
1813,13,0.00221514
complicated,13,0.00221514
lighted,13,0.00221514
Preobrazh,13,0.00221514
outposts,13,0.00221514
posts,13,0.00221514
December,13,0.00221514
Iogel,13,0.00221514
astonishment,13,0.00221514
Bolkhov,13,0.00221514
checked,13,0.00221514
Hardly,13,0.00221514
pitied,13,0.00221514
mirror,13,0.00221514
bottom,13,0.00221514
reasonable,13,0.00221514
envy,13,0.00221514
stores,13,0.00221514
blocking,13,0.00221514
midnight,13,0.00221514
guide,13,0.00221514
straining,13,0.00221514
Archive,13,0.00221514
waist,13,0.00221514
smaller,13,0.00221514
Literary,13,0.00221514
irresistible,13,0.00221514
lately,13,0.00221514
anxiously,13,0.00221514
latest,13,0.00221514
argument,13,0.00221514
phenomena,13,0.00221514
landowner,13,0.00221514
instinct,13,0.00221514
absurd,13,0.00221514
eighth,13,0.00221514
rapture,13,0.00221514
tattered,13,0.00221514
escaped,13,0.00221514
representative,13,0.00221514
Kochub,13,0.00221514
architect,13,0.00221514
July,13,0.00221514
project,13,0.00221514
witnessed,13,0.00221514
groans,13,0.00221514
oh,13,0.00221514
worried,13,0.00221514
Imperial,13,0.00221514
maintain,13,0.00221514
plumes,13,0.00221514
queer,13,0.00221514
corn,13,0.00221514
threatened,13,0.00221514
belief,13,0.00221514
termed,13,0.00221514
trademark,13,0.00221514
personages,13,0.00221514
gins,13,0.00221514
toes,13,0.00221514
talks,13,0.00221514
Simon,13,0.00221514
repulsed,13,0.00221514
taste,13,0.00221514
distributed,13,0.00221514
resembling,13,0.00221514
learning,13,0.00221514
moaning,13,0.00221514
tale,13,0.00221514
1807,13,0.00221514
honorable,13,0.00221514
forgiveness,13,0.00221514
flow,13,0.00221514
execute,13,0.00221514
educated,13,0.00221514
civil,13,0.00221514
energetic,13,0.00221514
skin,13,0.00221514
downcast,13,0.00221514
skillful,13,0.00221514
beard,13,0.00221514
oats,13,0.00221514
repeatedly,13,0.00221514
recover,13,0.00221514
stolen,13,0.00221514
pardon,13,0.00221514
appreciated,13,0.00221514
directing,13,0.00221514
Cyril,13,0.00221514
skirt,13,0.00221514
brighter,13,0.00221514
extreme,13,0.00221514
unlike,13,0.00221514
wise,13,0.00221514
ruler,13,0.00221514
doorway,13,0.00221514
Cross,13,0.00221514
honey,13,0.00221514
dusty,13,0.00221514
recovered,13,0.00221514
gloves,13,0.00221514
drowned,13,0.00221514
shared,13,0.00221514
lively,13,0.00221514
misfortunes,13,0.00221514
communication,13,0.00221514
recall,13,0.00221514
remarkable,13,0.00221514
disperse,13,0.00221514
wisdom,13,0.00221514
mustn,13,0.00221514
fright,13,0.00221514
exchanging,13,0.00221514
wondered,13,0.00221514
singers,13,0.00221514
hurrah,13,0.00221514
severity,13,0.00221514
1806,12,0.00204474
invented,12,0.00204474
Instead,12,0.00204474
calls,12,0.00204474
gravity,12,0.00204474
Oldenburg,12,0.00204474
propose,12,0.00204474
pleasures,12,0.00204474
deceived,12,0.00204474
rejoined,12,0.00204474
undecided,12,0.00204474
negotiations,12,0.00204474
cheerfully,12,0.00204474
corners,12,0.00204474
nowadays,12,0.00204474
bearing,12,0.00204474
superiority,12,0.00204474
patted,12,0.00204474
gain,12,0.00204474
borne,12,0.00204474
Men,12,0.00204474
skill,12,0.00204474
hated,12,0.00204474
uneasy,12,0.00204474
faithful,12,0.00204474
humor,12,0.00204474
stretcher,12,0.00204474
tact,12,0.00204474
fury,12,0.00204474
Frenchwoman,12,0.00204474
relate,12,0.00204474
noncommissioned,12,0.00204474
push,12,0.00204474
Magn,12,0.00204474
coughed,12,0.00204474
velvet,12,0.00204474
Guard,12,0.00204474
unnoticed,12,0.00204474
sheet,12,0.00204474
despised,12,0.00204474
crimson,12,0.00204474
majority,12,0.00204474
machine,12,0.00204474
bast,12,0.00204474
flushing,12,0.00204474
careless,12,0.00204474
wives,12,0.00204474
activities,12,0.00204474
secrets,12,0.00204474
Dan,12,0.00204474
redoubt,12,0.00204474
simplest,12,0.00204474
decorations,12,0.00204474
rage,12,0.00204474
bewildered,12,0.00204474
stillness,12,0.00204474
te,12,0.00204474
superintendent,12,0.00204474
smoking,12,0.00204474
maintained,12,0.00204474
divisions,12,0.00204474
carpets,12,0.00204474
balance,12,0.00204474
neighbors,12,0.00204474
subjects,12,0.00204474
Field,12,0.00204474
undressed,12,0.00204474
Someone,12,0.00204474
tavern,12,0.00204474
method,12,0.00204474
reference,12,0.00204474
approved,12,0.00204474
Thiers,12,0.00204474
Dieu,12,0.00204474
sacred,12,0.00204474
incessant,12,0.00204474
consideration,12,0.00204474
heights,12,0.00204474
disputing,12,0.00204474
shadow,12,0.00204474
ce,12,0.00204474
rushing,12,0.00204474
instinctively,12,0.00204474
tipsy,12,0.00204474
Listen,12,0.00204474
hesitating,12,0.00204474
Sh,12,0.00204474
solution,12,0.00204474
filling,12,0.00204474
services,12,0.00204474
cast,12,0.00204474
rum,12,0.00204474
wills,12,0.00204474
downwards,12,0.00204474
protection,12,0.00204474
threshold,12,0.00204474
shyly,12,0.00204474
Zakh,12,0.00204474
Bel,12,0.00204474
abashed,12,0.00204474
falls,12,0.00204474
Dr,12,0.00204474
constructed,12,0.00204474
happier,12,0.00204474
stroke,12,0.00204474
shell,12,0.00204474
swiftly,12,0.00204474
committee,12,0.00204474
sighing,12,0.00204474
trench,12,0.00204474
paragraph,12,0.00204474
ecstatic,12,0.00204474
shoot,12,0.00204474
hum,12,0.00204474
inquiries,12,0.00204474
washed,12,0.00204474
Allow,12,0.00204474
entry,12,0.00204474
troubled,12,0.00204474
stirred,12,0.00204474
utmost,12,0.00204474
Auersperg,12,0.00204474
management,12,0.00204474
flattering,12,0.00204474
zarev,12,0.00204474
depression,12,0.00204474
travel,12,0.00204474
chestnut,12,0.00204474
whispers,12,0.00204474
taught,12,0.00204474
level,12,0.00204474
en,12,0.00204474
piercing,12,0.00204474
clearness,12,0.00204474
Whom,12,0.00204474
contented,12,0.00204474
Shcherb,12,0.00204474
drooping,12,0.00204474
undertaking,12,0.00204474
coats,12,0.00204474
c,12,0.00204474
crushed,12,0.00204474
manners,12,0.00204474
reduced,12,0.00204474
companions,12,0.00204474
Annette,12,0.00204474
stretchers,12,0.00204474
Freemasons,12,0.00204474
describing,12,0.00204474
herd,12,0.00204474
strained,12,0.00204474
Remember,12,0.00204474
worked,12,0.00204474
lenka,12,0.00204474
behalf,12,0.00204474
jealousy,12,0.00204474
infinitely,12,0.00204474
grapeshot,12,0.00204474
solely,12,0.00204474
slipping,12,0.00204474
conceive,12,0.00204474
engrossed,12,0.00204474
rare,12,0.00204474
safe,12,0.00204474
realizing,12,0.00204474
traveler,12,0.00204474
grimace,12,0.00204474
salt,12,0.00204474
struggling,12,0.00204474
admired,12,0.00204474
picture,12,0.00204474
Archduke,12,0.00204474
Neither,12,0.00204474
terrified,12,0.00204474
attract,12,0.00204474
elements,12,0.00204474
restless,12,0.00204474
annoyance,12,0.00204474
keen,12,0.00204474
Brother,12,0.00204474
Council,12,0.00204474
Ulm,12,0.00204474
nych,12,0.00204474
fail,12,0.00204474
donations,12,0.00204474
submitted,12,0.00204474
depend,12,0.00204474
variety,12,0.00204474
partly,12,0.00204474
withdraw,12,0.00204474
produces,12,0.00204474
frequent,12,0.00204474
dependence,12,0.00204474
Armfeldt,12,0.00204474
4,12,0.00204474
honors,12,0.00204474
cannonade,12,0.00204474
comfortable,12,0.00204474
shan,12,0.00204474
disconcerted,12,0.00204474
fulfilled,12,0.00204474
Myt,12,0.00204474
shchi,12,0.00204474
shaped,12,0.00204474
rubbish,12,0.00204474
wild,12,0.00204474
vaguely,12,0.00204474
suppressed,12,0.00204474
flowing,12,0.00204474
healthy,12,0.00204474
endless,12,0.00204474
acquired,12,0.00204474
assure,12,0.00204474
soil,12,0.00204474
wave,12,0.00204474
witty,12,0.00204474
confined,12,0.00204474
virtuous,12,0.00204474
towns,12,0.00204474
picket,12,0.00204474
erect,12,0.00204474
selected,12,0.00204474
embrace,12,0.00204474
pursuit,12,0.00204474
valued,12,0.00204474
valley,12,0.00204474
assigned,12,0.00204474
altogether,12,0.00204474
stumbled,12,0.00204474
tales,12,0.00204474
Uv,12,0.00204474
Naples,12,0.00204474
grandeur,11,0.00187435
depressed,11,0.00187435
Half,11,0.00187435
brow,11,0.00187435
fancied,11,0.00187435
gathering,11,0.00187435
solemnity,11,0.00187435
staircase,11,0.00187435
poured,11,0.00187435
buildings,11,0.00187435
sleepless,11,0.00187435
restored,11,0.00187435
Mr,11,0.00187435
trains,11,0.00187435
commit,11,0.00187435
unbuttoned,11,0.00187435
composed,11,0.00187435
bet,11,0.00187435
counting,11,0.00187435
piteous,11,0.00187435
bee,11,0.00187435
bloodstained,11,0.00187435
Gentlemen,11,0.00187435
sleighs,11,0.00187435
revoir,11,0.00187435
vanguard,11,0.00187435
pet,11,0.00187435
cot,11,0.00187435
linen,11,0.00187435
refusing,11,0.00187435
Ign,11,0.00187435
continual,11,0.00187435
stained,11,0.00187435
castle,11,0.00187435
g,11,0.00187435
rin,11,0.00187435
judgment,11,0.00187435
deprive,11,0.00187435
perception,11,0.00187435
Which,11,0.00187435
preparation,11,0.00187435
dried,11,0.00187435
press,11,0.00187435
mustaches,11,0.00187435
alien,11,0.00187435
downhill,11,0.00187435
horrible,11,0.00187435
victories,11,0.00187435
affectation,11,0.00187435
shock,11,0.00187435
changes,11,0.00187435
resounded,11,0.00187435
freshly,11,0.00187435
pillows,11,0.00187435
adjoining,11,0.00187435
sly,11,0.00187435
proving,11,0.00187435
shelter,11,0.00187435
jerked,11,0.00187435
rendered,11,0.00187435
Shall,11,0.00187435
eighty,11,0.00187435
Italy,11,0.00187435
morose,11,0.00187435
knot,11,0.00187435
national,11,0.00187435
clearing,11,0.00187435
waves,11,0.00187435
evoked,11,0.00187435
regretted,11,0.00187435
dine,11,0.00187435
brief,11,0.00187435
diminished,11,0.00187435
heroism,11,0.00187435
mount,11,0.00187435
spy,11,0.00187435
gloomily,11,0.00187435
faint,11,0.00187435
Bazd,11,0.00187435
preserve,11,0.00187435
harnessed,11,0.00187435
reserve,11,0.00187435
consequence,11,0.00187435
panting,11,0.00187435
disposed,11,0.00187435
spending,11,0.00187435
insignificance,11,0.00187435
trivial,11,0.00187435
slave,11,0.00187435
groaned,11,0.00187435
delivered,11,0.00187435
folds,11,0.00187435
halting,11,0.00187435
breathless,11,0.00187435
patriotism,11,0.00187435
vent,11,0.00187435
accused,11,0.00187435
steady,11,0.00187435
rattle,11,0.00187435
hood,11,0.00187435
characters,11,0.00187435
logical,11,0.00187435
slip,11,0.00187435
pour,11,0.00187435
disposition,11,0.00187435
lacked,11,0.00187435
lighting,11,0.00187435
provided,11,0.00187435
vl,11,0.00187435
Formerly,11,0.00187435
Aunt,11,0.00187435
Bring,11,0.00187435
contradict,11,0.00187435
dreams,11,0.00187435
Miss,11,0.00187435
horsemen,11,0.00187435
seventh,11,0.00187435
institutions,11,0.00187435
ironic,11,0.00187435
boot,11,0.00187435
justification,11,0.00187435
powdered,11,0.00187435
OF,11,0.00187435
boom,11,0.00187435
opposed,11,0.00187435
ironical,11,0.00187435
virtues,11,0.00187435
intending,11,0.00187435
Christmas,11,0.00187435
Paul,11,0.00187435
missing,11,0.00187435
pitiful,11,0.00187435
invisible,11,0.00187435
deceive,11,0.00187435
sobbed,11,0.00187435
Val,11,0.00187435
praise,11,0.00187435
warmly,11,0.00187435
exchange,11,0.00187435
largest,11,0.00187435
muscular,11,0.00187435
History,11,0.00187435
solitary,11,0.00187435
helpless,11,0.00187435
thirteen,11,0.00187435
refined,11,0.00187435
bitter,11,0.00187435
phrases,11,0.00187435
nightcap,11,0.00187435
seldom,11,0.00187435
youngest,11,0.00187435
apron,11,0.00187435
People,11,0.00187435
Today,11,0.00187435
personality,11,0.00187435
access,11,0.00187435
overcome,11,0.00187435
blamed,11,0.00187435
publican,11,0.00187435
dug,11,0.00187435
deafening,11,0.00187435
tucked,11,0.00187435
depth,11,0.00187435
Thanks,11,0.00187435
Lorrain,11,0.00187435
Looking,11,0.00187435
scarf,11,0.00187435
forming,11,0.00187435
easier,11,0.00187435
successfully,11,0.00187435
frozen,11,0.00187435
grieved,11,0.00187435
brown,11,0.00187435
Christian,11,0.00187435
offensive,11,0.00187435
vestibule,11,0.00187435
murder,11,0.00187435
urged,11,0.00187435
impatiently,11,0.00187435
distinct,11,0.00187435
clutching,11,0.00187435
Virgin,11,0.00187435
screams,11,0.00187435
Povarsk,11,0.00187435
included,11,0.00187435
expressions,11,0.00187435
conducted,11,0.00187435
bitch,11,0.00187435
intervals,11,0.00187435
disagreeable,11,0.00187435
treasure,11,0.00187435
tune,11,0.00187435
check,11,0.00187435
consists,11,0.00187435
convince,11,0.00187435
struggled,11,0.00187435
purposely,11,0.00187435
handle,11,0.00187435
broadsheets,11,0.00187435
butler,11,0.00187435
embracing,11,0.00187435
Deity,11,0.00187435
leash,11,0.00187435
creaked,11,0.00187435
equipment,11,0.00187435
politely,11,0.00187435
napkin,11,0.00187435
attacks,11,0.00187435
challenge,11,0.00187435
Mind,11,0.00187435
sciences,11,0.00187435
mummers,11,0.00187435
assented,11,0.00187435
criminal,11,0.00187435
establish,11,0.00187435
phenomenon,11,0.00187435
accent,11,0.00187435
tormenting,11,0.00187435
kingdom,11,0.00187435
resulting,11,0.00187435
manifesto,11,0.00187435
coffin,11,0.00187435
sill,11,0.00187435
rays,11,0.00187435
alarmed,11,0.00187435
compressed,11,0.00187435
bind,11,0.00187435
comforting,11,0.00187435
bliss,11,0.00187435
cure,11,0.00187435
irritable,11,0.00187435
kerchief,11,0.00187435
staring,11,0.00187435
mazurka,11,0.00187435
proportion,11,0.00187435
murmured,11,0.00187435
lovna,11,0.00187435
du,10,0.00170395
fed,10,0.00170395
century,10,0.00170395
quarreled,10,0.00170395
increases,10,0.00170395
frieze,10,0.00170395
constitutes,10,0.00170395
Military,10,0.00170395
entertain,10,0.00170395
inquire,10,0.00170395
born,10,0.00170395
apologize,10,0.00170395
slow,10,0.00170395
condemned,10,0.00170395
greatcoats,10,0.00170395
greetings,10,0.00170395
approve,10,0.00170395
Soldiers,10,0.00170395
mshevo,10,0.00170395
lacking,10,0.00170395
praised,10,0.00170395
unfamiliar,10,0.00170395
quartered,10,0.00170395
Je,10,0.00170395
abuse,10,0.00170395
locality,10,0.00170395
hills,10,0.00170395
preceding,10,0.00170395
Hm,10,0.00170395
halfway,10,0.00170395
Quite,10,0.00170395
diary,10,0.00170395
impossibility,10,0.00170395
Heaven,10,0.00170395
heiress,10,0.00170395
reflect,10,0.00170395
defeated,10,0.00170395
grudge,10,0.00170395
petty,10,0.00170395
impatience,10,0.00170395
grows,10,0.00170395
whistled,10,0.00170395
foremost,10,0.00170395
blows,10,0.00170395
temple,10,0.00170395
License,10,0.00170395
ribbons,10,0.00170395
remedy,10,0.00170395
pressure,10,0.00170395
shape,10,0.00170395
Life,10,0.00170395
Providence,10,0.00170395
indication,10,0.00170395
measured,10,0.00170395
failing,10,0.00170395
overtake,10,0.00170395
eighteen,10,0.00170395
solemnly,10,0.00170395
menacing,10,0.00170395
pull,10,0.00170395
wear,10,0.00170395
twelve,10,0.00170395
governess,10,0.00170395
submission,10,0.00170395
esteem,10,0.00170395
plate,10,0.00170395
Everywhere,10,0.00170395
trace,10,0.00170395
throng,10,0.00170395
conservatory,10,0.00170395
irritation,10,0.00170395
insane,10,0.00170395
lifeless,10,0.00170395
separation,10,0.00170395
strengthen,10,0.00170395
display,10,0.00170395
centered,10,0.00170395
maiden,10,0.00170395
swollen,10,0.00170395
Ney,10,0.00170395
indecision,10,0.00170395
families,10,0.00170395
irritability,10,0.00170395
writers,10,0.00170395
martial,10,0.00170395
treatment,10,0.00170395
Chichag,10,0.00170395
ruins,10,0.00170395
factory,10,0.00170395
range,10,0.00170395
backwards,10,0.00170395
intelligence,10,0.00170395
applied,10,0.00170395
named,10,0.00170395
medium,10,0.00170395
panic,10,0.00170395
dashing,10,0.00170395
mournful,10,0.00170395
gallant,10,0.00170395
triumphant,10,0.00170395
improved,10,0.00170395
shrill,10,0.00170395
begging,10,0.00170395
attraction,10,0.00170395
plunged,10,0.00170395
collecting,10,0.00170395
dearest,10,0.00170395
teaching,10,0.00170395
flag,10,0.00170395
Kays,10,0.00170395
urging,10,0.00170395
surface,10,0.00170395
combination,10,0.00170395
continuous,10,0.00170395
kitchen,10,0.00170395
Say,10,0.00170395
nursing,10,0.00170395
suitable,10,0.00170395
properly,10,0.00170395
shrewd,10,0.00170395
announce,10,0.00170395
attempts,10,0.00170395
unity,10,0.00170395
receives,10,0.00170395
guerrilla,10,0.00170395
awakening,10,0.00170395
immediate,10,0.00170395
performance,10,0.00170395
released,10,0.00170395
bustle,10,0.00170395
resultant,10,0.00170395
strangers,10,0.00170395
undertake,10,0.00170395
momentary,10,0.00170395
trained,10,0.00170395
abruptly,10,0.00170395
rovs,10,0.00170395
thoroughly,10,0.00170395
threateningly,10,0.00170395
belongings,10,0.00170395
emptied,10,0.00170395
type,10,0.00170395
program,10,0.00170395
choking,10,0.00170395
projects,10,0.00170395
examination,10,0.00170395
dancer,10,0.00170395
preferred,10,0.00170395
Rug,10,0.00170395
fix,10,0.00170395
perfection,10,0.00170395
lock,10,0.00170395
clung,10,0.00170395
lo,10,0.00170395
sharpshooters,10,0.00170395
imperial,10,0.00170395
nka,10,0.00170395
shriveled,10,0.00170395
contradictory,10,0.00170395
throne,10,0.00170395
Think,10,0.00170395
distribution,10,0.00170395
measures,10,0.00170395
meekly,10,0.00170395
mirovich,10,0.00170395
vo,10,0.00170395
comet,10,0.00170395
buffoon,10,0.00170395
Under,10,0.00170395
rapturously,10,0.00170395
withdrawn,10,0.00170395
flared,10,0.00170395
jokes,10,0.00170395
methods,10,0.00170395
hints,10,0.00170395
neighboring,10,0.00170395
policeman,10,0.00170395
sarcastic,10,0.00170395
stands,10,0.00170395
trial,10,0.00170395
mindedly,10,0.00170395
Rapp,10,0.00170395
begins,10,0.00170395
Catiche,10,0.00170395
valuable,10,0.00170395
despairing,10,0.00170395
humiliating,10,0.00170395
warmth,10,0.00170395
tore,10,0.00170395
concealing,10,0.00170395
fourteen,10,0.00170395
ministers,10,0.00170395
carpet,10,0.00170395
deacon,10,0.00170395
nearness,10,0.00170395
baseness,10,0.00170395
screwing,10,0.00170395
crack,10,0.00170395
disgust,10,0.00170395
quantity,10,0.00170395
worldly,10,0.00170395
reporting,10,0.00170395
oppressed,10,0.00170395
fete,10,0.00170395
Wost,10,0.00170395
priests,10,0.00170395
disease,10,0.00170395
precision,10,0.00170395
Nikol,10,0.00170395
lowest,10,0.00170395
awe,10,0.00170395
allies,10,0.00170395
theirs,10,0.00170395
price,10,0.00170395
base,10,0.00170395
select,10,0.00170395
porridge,10,0.00170395
adding,10,0.00170395
Occasionally,10,0.00170395
State,10,0.00170395
colored,10,0.00170395
separately,10,0.00170395
snatched,10,0.00170395
orchestra,10,0.00170395
hesitated,10,0.00170395
coffee,10,0.00170395
au,10,0.00170395
welcome,10,0.00170395
yield,10,0.00170395
subsequently,10,0.00170395
attending,10,0.00170395
Enns,10,0.00170395
misty,10,0.00170395
vehicle,10,0.00170395
Matr,10,0.00170395
settling,10,0.00170395
flowers,10,0.00170395
nny,10,0.00170395
glowing,10,0.00170395
arouse,10,0.00170395
occupying,10,0.00170395
drums,10,0.00170395
portfolio,10,0.00170395
furniture,10,0.00170395
dish,10,0.00170395
XXIII,10,0.00170395
screen,10,0.00170395
weariness,10,0.00170395
vile,10,0.00170395
gloom,10,0.00170395
Major,10,0.00170395
helping,10,0.00170395
island,10,0.00170395
Five,10,0.00170395
costume,10,0.00170395
misery,10,0.00170395
tramp,10,0.00170395
irresistibly,10,0.00170395
awakened,10,0.00170395
admiration,10,0.00170395
somehow,10,0.00170395
ascended,10,0.00170395
looting,10,0.00170395
sugar,10,0.00170395
midday,10,0.00170395
secondly,10,0.00170395
commission,10,0.00170395
gladly,10,0.00170395
monarchs,10,0.00170395
provide,10,0.00170395
willing,10,0.00170395
string,10,0.00170395
nasty,10,0.00170395
rearguard,10,0.00170395
vigorous,10,0.00170395
fro,10,0.00170395
beckoned,10,0.00170395
lest,10,0.00170395
vicious,10,0.00170395
potatoes,9,0.00153356
pin,9,0.00153356
gateway,9,0.00153356
distributing,9,0.00153356
dread,9,0.00153356
farthest,9,0.00153356
sensible,9,0.00153356
dozens,9,0.00153356
studied,9,0.00153356
collect,9,0.00153356
elders,9,0.00153356
comforted,9,0.00153356
boston,9,0.00153356
Call,9,0.00153356
dispatched,9,0.00153356
occupations,9,0.00153356
uncle,9,0.00153356
protect,9,0.00153356
weapons,9,0.00153356
ta,9,0.00153356
sideways,9,0.00153356
discover,9,0.00153356
gutenberg,9,0.00153356
jurisprudence,9,0.00153356
diplomatist,9,0.00153356
guitar,9,0.00153356
troubles,9,0.00153356
persuaded,9,0.00153356
consisting,9,0.00153356
perishing,9,0.00153356
vlograds,9,0.00153356
boldness,9,0.00153356
refrained,9,0.00153356
thy,9,0.00153356
marches,9,0.00153356
silly,9,0.00153356
shouldered,9,0.00153356
thud,9,0.00153356
indicate,9,0.00153356
passages,9,0.00153356
reluctant,9,0.00153356
des,9,0.00153356
talent,9,0.00153356
presenting,9,0.00153356
shameful,9,0.00153356
Tolst,9,0.00153356
insoluble,9,0.00153356
C,9,0.00153356
Four,9,0.00153356
caressing,9,0.00153356
submissive,9,0.00153356
lined,9,0.00153356
lunch,9,0.00153356
credit,9,0.00153356
creak,9,0.00153356
tobacco,9,0.00153356
falsehood,9,0.00153356
design,9,0.00153356
shifting,9,0.00153356
rki,9,0.00153356
balcony,9,0.00153356
wolves,9,0.00153356
arise,9,0.00153356
Nonsense,9,0.00153356
bachelor,9,0.00153356
crimes,9,0.00153356
Le,9,0.00153356
Ter,9,0.00153356
brick,9,0.00153356
concern,9,0.00153356
awkwardness,9,0.00153356
whenever,9,0.00153356
measure,9,0.00153356
sufficiently,9,0.00153356
Write,9,0.00153356
abstract,9,0.00153356
ideal,9,0.00153356
enters,9,0.00153356
gratefully,9,0.00153356
introduce,9,0.00153356
Sit,9,0.00153356
confirmation,9,0.00153356
Mass,9,0.00153356
corpses,9,0.00153356
wrath,9,0.00153356
wicked,9,0.00153356
deliver,9,0.00153356
release,9,0.00153356
bird,9,0.00153356
treachery,9,0.00153356
diplomatists,9,0.00153356
Above,9,0.00153356
determination,9,0.00153356
dismissed,9,0.00153356
doll,9,0.00153356
winning,9,0.00153356
enveloped,9,0.00153356
states,9,0.00153356
husbands,9,0.00153356
desperately,9,0.00153356
Empire,9,0.00153356
safety,9,0.00153356
displaying,9,0.00153356
copse,9,0.00153356
novel,9,0.00153356
confirm,9,0.00153356
Coming,9,0.00153356
ze,9,0.00153356
renewed,9,0.00153356
reliable,9,0.00153356
Company,9,0.00153356
celebrated,9,0.00153356
fetched,9,0.00153356
fleeing,9,0.00153356
dishes,9,0.00153356
salvation,9,0.00153356
melted,9,0.00153356
Rumy,9,0.00153356
star,9,0.00153356
rider,9,0.00153356
snorted,9,0.00153356
expectations,9,0.00153356
fruit,9,0.00153356
pages,9,0.00153356
gallery,9,0.00153356
boxes,9,0.00153356
clatter,9,0.00153356
devils,9,0.00153356
Dorogom,9,0.00153356
embroidered,9,0.00153356
mingling,9,0.00153356
trick,9,0.00153356
woods,9,0.00153356
units,9,0.00153356
climbed,9,0.00153356
jingling,9,0.00153356
interrupting,9,0.00153356
fortified,9,0.00153356
protected,9,0.00153356
nodding,9,0.00153356
zeal,9,0.00153356
reticule,9,0.00153356
soup,9,0.00153356
betraying,9,0.00153356
unwell,9,0.00153356
enthusiastic,9,0.00153356
supply,9,0.00153356
traveled,9,0.00153356
nosed,9,0.00153356
earthly,9,0.00153356
eBook,9,0.00153356
governesses,9,0.00153356
responsible,9,0.00153356
strike,9,0.00153356
Petr,9,0.00153356
www,9,0.00153356
civilization,9,0.00153356
persuade,9,0.00153356
reminiscences,9,0.00153356
Form,9,0.00153356
plight,9,0.00153356
curious,9,0.00153356
fame,9,0.00153356
whoever,9,0.00153356
discussing,9,0.00153356
peculiarly,9,0.00153356
nevertheless,9,0.00153356
magnanimous,9,0.00153356
amazement,9,0.00153356
Brotherhood,9,0.00153356
org,9,0.00153356
Jesus,9,0.00153356
deputation,9,0.00153356
sentinel,9,0.00153356
folly,9,0.00153356
dagger,9,0.00153356
predestined,9,0.00153356
retained,9,0.00153356
printed,9,0.00153356
mindedness,9,0.00153356
detained,9,0.00153356
Mortemart,9,0.00153356
graceful,9,0.00153356
Fil,9,0.00153356
hairy,9,0.00153356
illegitimate,9,0.00153356
discussions,9,0.00153356
guessing,9,0.00153356
adjusted,9,0.00153356
reserves,9,0.00153356
supplied,9,0.00153356
superfluous,9,0.00153356
puckering,9,0.00153356
china,9,0.00153356
accompanying,9,0.00153356
descending,9,0.00153356
Wintzingerode,9,0.00153356
depressing,9,0.00153356
log,9,0.00153356
defended,9,0.00153356
improve,9,0.00153356
hitherto,9,0.00153356
hind,9,0.00153356
Mon,9,0.00153356
russe,9,0.00153356
guess,9,0.00153356
steep,9,0.00153356
signed,9,0.00153356
briefly,9,0.00153356
headlong,9,0.00153356
Erz,9,0.00153356
lid,9,0.00153356
cracked,9,0.00153356
gleam,9,0.00153356
Rome,9,0.00153356
pitched,9,0.00153356
cautiously,9,0.00153356
avail,9,0.00153356
blowing,9,0.00153356
rejoicing,9,0.00153356
jesting,9,0.00153356
corresponding,9,0.00153356
wherever,9,0.00153356
wasted,9,0.00153356
observing,9,0.00153356
style,9,0.00153356
comply,9,0.00153356
render,9,0.00153356
comforts,9,0.00153356
symptoms,9,0.00153356
ultimate,9,0.00153356
accountant,9,0.00153356
admirable,9,0.00153356
co,9,0.00153356
author,9,0.00153356
wondering,9,0.00153356
ignorance,9,0.00153356
jolted,9,0.00153356
expose,9,0.00153356
homes,9,0.00153356
blissful,9,0.00153356
farewell,9,0.00153356
trust,9,0.00153356
000,9,0.00153356
mirrors,9,0.00153356
pearls,9,0.00153356
enjoy,9,0.00153356
victorious,9,0.00153356
whence,9,0.00153356
stupidity,9,0.00153356
discovery,9,0.00153356
accompany,9,0.00153356
kindness,9,0.00153356
violently,9,0.00153356
hostility,9,0.00153356
cloaks,9,0.00153356
captivity,9,0.00153356
owner,9,0.00153356
stirring,9,0.00153356
consultation,9,0.00153356
hopeless,9,0.00153356
enjoying,9,0.00153356
sacrament,9,0.00153356
birds,9,0.00153356
daylight,9,0.00153356
impatient,9,0.00153356
choked,9,0.00153356
legitimate,9,0.00153356
office,9,0.00153356
apply,9,0.00153356
Women,9,0.00153356
copies,9,0.00153356
reappeared,9,0.00153356
angle,9,0.00153356
chain,9,0.00153356
granted,9,0.00153356
slim,9,0.00153356
beamed,9,0.00153356
suited,9,0.00153356
visiting,9,0.00153356
idleness,9,0.00153356
reined,9,0.00153356
swords,9,0.00153356
luminous,9,0.00153356
splendidly,9,0.00153356
term,9,0.00153356
holiday,9,0.00153356
eaten,9,0.00153356
graciously,9,0.00153356
calamity,9,0.00153356
bedstead,9,0.00153356
birches,9,0.00153356
slammed,9,0.00153356
locomotive,9,0.00153356
gypsy,9,0.00153356
winking,9,0.00153356
composure,9,0.00153356
lathe,9,0.00153356
violence,9,0.00153356
horseflesh,9,0.00153356
enraptured,9,0.00153356
Around,9,0.00153356
madam,9,0.00153356
defending,9,0.00153356
considers,9,0.00153356
yielded,9,0.00153356
scent,9,0.00153356
Sovereign,9,0.00153356
humored,9,0.00153356
constituted,9,0.00153356
quality,9,0.00153356
yka,9,0.00153356
songs,9,0.00153356
clasped,9,0.00153356
crosses,9,0.00153356
smoothly,9,0.00153356
hindered,9,0.00153356
pipes,9,0.00153356
affectionately,9,0.00153356
knife,9,0.00153356
mortal,9,0.00153356
romantic,9,0.00153356
brain,9,0.00153356
exploits,9,0.00153356
suggestion,9,0.00153356
title,9,0.00153356
popular,8,0.00136316
toil,8,0.00136316
smeared,8,0.00136316
Malv,8,0.00136316
track,8,0.00136316
receptions,8,0.00136316
rein,8,0.00136316
Love,8,0.00136316
completed,8,0.00136316
6,8,0.00136316
trusted,8,0.00136316
renounce,8,0.00136316
saddles,8,0.00136316
Masons,8,0.00136316
contact,8,0.00136316
5,8,0.00136316
shirts,8,0.00136316
fits,8,0.00136316
bearers,8,0.00136316
punishment,8,0.00136316
swallow,8,0.00136316
Man,8,0.00136316
proceeding,8,0.00136316
supported,8,0.00136316
Persian,8,0.00136316
harvest,8,0.00136316
biscuits,8,0.00136316
forbidden,8,0.00136316
impress,8,0.00136316
laying,8,0.00136316
chase,8,0.00136316
squeezed,8,0.00136316
uselessly,8,0.00136316
stream,8,0.00136316
judged,8,0.00136316
male,8,0.00136316
traditions,8,0.00136316
novelty,8,0.00136316
incline,8,0.00136316
amuse,8,0.00136316
swift,8,0.00136316
doings,8,0.00136316
traitors,8,0.00136316
dragoon,8,0.00136316
afresh,8,0.00136316
contained,8,0.00136316
overthrow,8,0.00136316
escaping,8,0.00136316
Duport,8,0.00136316
reproaches,8,0.00136316
flat,8,0.00136316
coincidence,8,0.00136316
Wednesday,8,0.00136316
Z,8,0.00136316
lean,8,0.00136316
biscuit,8,0.00136316
fatigue,8,0.00136316
fee,8,0.00136316
reform,8,0.00136316
placing,8,0.00136316
Campan,8,0.00136316
aimed,8,0.00136316
veiled,8,0.00136316
refund,8,0.00136316
sheepskin,8,0.00136316
advise,8,0.00136316
spectacle,8,0.00136316
dreaded,8,0.00136316
spoil,8,0.00136316
sharing,8,0.00136316
entreaty,8,0.00136316
empire,8,0.00136316
puffing,8,0.00136316
Tr,8,0.00136316
lniki,8,0.00136316
prolonged,8,0.00136316
moan,8,0.00136316
Mark,8,0.00136316
marauders,8,0.00136316
returns,8,0.00136316
Ask,8,0.00136316
displayed,8,0.00136316
acts,8,0.00136316
relative,8,0.00136316
shakos,8,0.00136316
ntsev,8,0.00136316
transfer,8,0.00136316
backs,8,0.00136316
nineteenth,8,0.00136316
gunner,8,0.00136316
obscure,8,0.00136316
Always,8,0.00136316
Stein,8,0.00136316
noiselessly,8,0.00136316
downy,8,0.00136316
winked,8,0.00136316
entrenchments,8,0.00136316
frank,8,0.00136316
fashionable,8,0.00136316
starry,8,0.00136316
determine,8,0.00136316
collection,8,0.00136316
royal,8,0.00136316
strains,8,0.00136316
visits,8,0.00136316
stirrup,8,0.00136316
inclined,8,0.00136316
add,8,0.00136316
zhni,8,0.00136316
compelled,8,0.00136316
despise,8,0.00136316
thinner,8,0.00136316
dishonorable,8,0.00136316
frankness,8,0.00136316
tebsk,8,0.00136316
astronomy,8,0.00136316
scanned,8,0.00136316
pick,8,0.00136316
earlier,8,0.00136316
chimed,8,0.00136316
schoolboy,8,0.00136316
uneasiness,8,0.00136316
commissions,8,0.00136316
uniting,8,0.00136316
sentinels,8,0.00136316
Napoleonic,8,0.00136316
wink,8,0.00136316
noisily,8,0.00136316
custom,8,0.00136316
smoothing,8,0.00136316
beekeeper,8,0.00136316
miss,8,0.00136316
issue,8,0.00136316
ending,8,0.00136316
shuddered,8,0.00136316
saint,8,0.00136316
restrained,8,0.00136316
alert,8,0.00136316
raft,8,0.00136316
unusually,8,0.00136316
watchman,8,0.00136316
fewer,8,0.00136316
XXIV,8,0.00136316
native,8,0.00136316
Young,8,0.00136316
pilgrims,8,0.00136316
couldn,8,0.00136316
springs,8,0.00136316
ward,8,0.00136316
unavoidable,8,0.00136316
XXV,8,0.00136316
section,8,0.00136316
XXVI,8,0.00136316
seventy,8,0.00136316
pillage,8,0.00136316
deception,8,0.00136316
Marie,8,0.00136316
coldness,8,0.00136316
foreigners,8,0.00136316
envoy,8,0.00136316
pilgrim,8,0.00136316
performing,8,0.00136316
None,8,0.00136316
disapprovingly,8,0.00136316
funeral,8,0.00136316
Amid,8,0.00136316
listless,8,0.00136316
routine,8,0.00136316
expensive,8,0.00136316
Gospel,8,0.00136316
mouths,8,0.00136316
knapsacks,8,0.00136316
swinging,8,0.00136316
tutors,8,0.00136316
sable,8,0.00136316
da,8,0.00136316
freshness,8,0.00136316
names,8,0.00136316
reddish,8,0.00136316
apple,8,0.00136316
mane,8,0.00136316
enlightenment,8,0.00136316
philosophy,8,0.00136316
selling,8,0.00136316
principle,8,0.00136316
perceive,8,0.00136316
W,8,0.00136316
Zhil,8,0.00136316
Apart,8,0.00136316
gestures,8,0.00136316
Mal,8,0.00136316
plenty,8,0.00136316
tearing,8,0.00136316
Probably,8,0.00136316
irrepressible,8,0.00136316
hindrance,8,0.00136316
junction,8,0.00136316
pit,8,0.00136316
Ferdinand,8,0.00136316
sorrowful,8,0.00136316
surely,8,0.00136316
proposals,8,0.00136316
vely,8,0.00136316
Chern,8,0.00136316
shev,8,0.00136316
notebook,8,0.00136316
energetically,8,0.00136316
rattled,8,0.00136316
heeding,8,0.00136316
experiencing,8,0.00136316
posted,8,0.00136316
gunpowder,8,0.00136316
motive,8,0.00136316
hasten,8,0.00136316
mentioning,8,0.00136316
reckoning,8,0.00136316
U,8,0.00136316
venture,8,0.00136316
insolent,8,0.00136316
removing,8,0.00136316
puff,8,0.00136316
guilt,8,0.00136316
Ostermann,8,0.00136316
stumbling,8,0.00136316
obligation,8,0.00136316
conceptions,8,0.00136316
Sok,8,0.00136316
conveyed,8,0.00136316
rejoinder,8,0.00136316
peering,8,0.00136316
rejected,8,0.00136316
wail,8,0.00136316
interfere,8,0.00136316
perplexed,8,0.00136316
rescue,8,0.00136316
Oriental,8,0.00136316
grasping,8,0.00136316
envious,8,0.00136316
ceremony,8,0.00136316
artillerymen,8,0.00136316
gaining,8,0.00136316
lych,8,0.00136316
Thee,8,0.00136316
disordered,8,0.00136316
mixed,8,0.00136316
penetrating,8,0.00136316
independence,8,0.00136316
successful,8,0.00136316
strengthened,8,0.00136316
salute,8,0.00136316
rings,8,0.00136316
knitting,8,0.00136316
lucky,8,0.00136316
exceptional,8,0.00136316
vets,8,0.00136316
gully,8,0.00136316
clutched,8,0.00136316
pursuing,8,0.00136316
advisers,8,0.00136316
1811,8,0.00136316
buzzing,8,0.00136316
evna,8,0.00136316
elsewhere,8,0.00136316
detailed,8,0.00136316
courtier,8,0.00136316
painted,8,0.00136316
cornet,8,0.00136316
tka,8,0.00136316
Turkish,8,0.00136316
impressed,8,0.00136316
Apr,8,0.00136316
outburst,8,0.00136316
harmony,8,0.00136316
Chief,8,0.00136316
spurred,8,0.00136316
Africa,8,0.00136316
horrid,8,0.00136316
owners,8,0.00136316
intrigue,8,0.00136316
fifteenth,8,0.00136316
dew,8,0.00136316
booty,8,0.00136316
ravine,8,0.00136316
attendant,8,0.00136316
vka,8,0.00136316
merchants,8,0.00136316
weapon,8,0.00136316
necks,8,0.00136316
token,8,0.00136316
tens,8,0.00136316
slanting,8,0.00136316
application,8,0.00136316
principal,8,0.00136316
presentiment,8,0.00136316
Excuse,8,0.00136316
dancers,8,0.00136316
envelope,8,0.00136316
kindled,8,0.00136316
cudgel,8,0.00136316
triumphantly,8,0.00136316
expresses,8,0.00136316
planned,8,0.00136316
casually,8,0.00136316
promoted,8,0.00136316
eternity,8,0.00136316
cared,8,0.00136316
disorganized,8,0.00136316
truly,8,0.00136316
informing,8,0.00136316
offense,8,0.00136316
mutton,8,0.00136316
heated,8,0.00136316
promptly,8,0.00136316
sacrificing,8,0.00136316
jumping,8,0.00136316
Moskv,8,0.00136316
promotion,8,0.00136316
notion,8,0.00136316
picking,8,0.00136316
cossaise,8,0.00136316
imploring,8,0.00136316
Army,8,0.00136316
tradesman,8,0.00136316
Siberia,8,0.00136316
contingencies,8,0.00136316
Ant,8,0.00136316
recognition,8,0.00136316
smoothed,8,0.00136316
Arb,8,0.00136316
Au,8,0.00136316
gap,8,0.00136316
refuge,8,0.00136316
amiably,8,0.00136316
assistance,8,0.00136316
smallest,8,0.00136316
shrieked,8,0.00136316
benefit,8,0.00136316
seal,8,0.00136316
Schmidt,8,0.00136316
alter,8,0.00136316
insulted,8,0.00136316
campaigns,8,0.00136316
offices,8,0.00136316
Senate,8,0.00136316
emerged,8,0.00136316
rumor,8,0.00136316
comfortably,8,0.00136316
Thus,8,0.00136316
pupil,8,0.00136316
horrors,8,0.00136316
nap,8,0.00136316
mark,8,0.00136316
language,8,0.00136316
smith,8,0.00136316
trunks,8,0.00136316
shells,8,0.00136316
religious,8,0.00136316
Rook,8,0.00136316
explanations,8,0.00136316
forgets,8,0.00136316
harsh,8,0.00136316
Heights,8,0.00136316
beforehand,8,0.00136316
undress,8,0.00136316
unimportant,8,0.00136316
test,8,0.00136316
Believe,8,0.00136316
sensitive,8,0.00136316
suggesting,8,0.00136316
Nor,8,0.00136316
dowry,8,0.00136316
pockmarked,8,0.00136316
unworthy,8,0.00136316
ugly,8,0.00136316
strain,8,0.00136316
perspiration,8,0.00136316
located,8,0.00136316
itsa,8,0.00136316
flame,8,0.00136316
f,8,0.00136316
wandered,8,0.00136316
tortured,8,0.00136316
size,8,0.00136316
blocked,8,0.00136316
Didn,8,0.00136316
score,8,0.00136316
negotiate,8,0.00136316
shudder,8,0.00136316
couples,8,0.00136316
dejected,8,0.00136316
wounds,8,0.00136316
lesson,8,0.00136316
uncertain,8,0.00136316
crackling,8,0.00136316
increase,7,0.00119277
Likhach,7,0.00119277
rer,7,0.00119277
prettier,7,0.00119277
abominable,7,0.00119277
exclamation,7,0.00119277
antipathy,7,0.00119277
darted,7,0.00119277
shako,7,0.00119277
sayings,7,0.00119277
gypsies,7,0.00119277
inspection,7,0.00119277
binding,7,0.00119277
submitting,7,0.00119277
salon,7,0.00119277
opera,7,0.00119277
Ts,7,0.00119277
locked,7,0.00119277
crept,7,0.00119277
outstretched,7,0.00119277
arrivals,7,0.00119277
dip,7,0.00119277
participation,7,0.00119277
hoarsely,7,0.00119277
corrected,7,0.00119277
plainness,7,0.00119277
masculine,7,0.00119277
March,7,0.00119277
Mummy,7,0.00119277
lya,7,0.00119277
legged,7,0.00119277
establishment,7,0.00119277
peacefully,7,0.00119277
complain,7,0.00119277
singly,7,0.00119277
menski,7,0.00119277
countenance,7,0.00119277
explains,7,0.00119277
roast,7,0.00119277
injustice,7,0.00119277
vocation,7,0.00119277
merriment,7,0.00119277
logs,7,0.00119277
commune,7,0.00119277
bundles,7,0.00119277
glove,7,0.00119277
occasional,7,0.00119277
Tver,7,0.00119277
widely,7,0.00119277
Afterwards,7,0.00119277
waters,7,0.00119277
cork,7,0.00119277
mortified,7,0.00119277
cathedral,7,0.00119277
points,7,0.00119277
excitedly,7,0.00119277
sacrificed,7,0.00119277
Keep,7,0.00119277
crowned,7,0.00119277
faire,7,0.00119277
elegant,7,0.00119277
availing,7,0.00119277
expense,7,0.00119277
occurrence,7,0.00119277
rivers,7,0.00119277
whereas,7,0.00119277
income,7,0.00119277
shaft,7,0.00119277
prot,7,0.00119277
fodder,7,0.00119277
swelling,7,0.00119277
seeming,7,0.00119277
deceased,7,0.00119277
sticking,7,0.00119277
lace,7,0.00119277
purposes,7,0.00119277
tremulous,7,0.00119277
shivering,7,0.00119277
insisting,7,0.00119277
Tit,7,0.00119277
fianc,7,0.00119277
planks,7,0.00119277
Lodge,7,0.00119277
procession,7,0.00119277
cheered,7,0.00119277
hadn,7,0.00119277
choosing,7,0.00119277
strides,7,0.00119277
pockets,7,0.00119277
modest,7,0.00119277
Section,7,0.00119277
producing,7,0.00119277
charred,7,0.00119277
distressed,7,0.00119277
packet,7,0.00119277
weighed,7,0.00119277
grace,7,0.00119277
rard,7,0.00119277
representing,7,0.00119277
centuries,7,0.00119277
owing,7,0.00119277
shamefaced,7,0.00119277
manifest,7,0.00119277
introducing,7,0.00119277
forgiven,7,0.00119277
sink,7,0.00119277
crushing,7,0.00119277
descent,7,0.00119277
whips,7,0.00119277
Sav,7,0.00119277
blessedness,7,0.00119277
declined,7,0.00119277
devastated,7,0.00119277
precisely,7,0.00119277
Saviour,7,0.00119277
Lieutenant,7,0.00119277
piteously,7,0.00119277
knocking,7,0.00119277
consulting,7,0.00119277
recurred,7,0.00119277
munching,7,0.00119277
Orthodox,7,0.00119277
renew,7,0.00119277
acute,7,0.00119277
familiarity,7,0.00119277
Involuntarily,7,0.00119277
egotism,7,0.00119277
floating,7,0.00119277
situated,7,0.00119277
scoundrels,7,0.00119277
dependent,7,0.00119277
clinging,7,0.00119277
breadth,7,0.00119277
entire,7,0.00119277
controlled,7,0.00119277
January,7,0.00119277
traces,7,0.00119277
boys,7,0.00119277
swung,7,0.00119277
victim,7,0.00119277
liberal,7,0.00119277
lingered,7,0.00119277
confessed,7,0.00119277
veranda,7,0.00119277
displeasure,7,0.00119277
episode,7,0.00119277
fears,7,0.00119277
tortoise,7,0.00119277
throughout,7,0.00119277
serves,7,0.00119277
Speak,7,0.00119277
Spain,7,0.00119277
foreigner,7,0.00119277
landlord,7,0.00119277
carelessly,7,0.00119277
arguing,7,0.00119277
latterly,7,0.00119277
Fire,7,0.00119277
topic,7,0.00119277
numerous,7,0.00119277
copying,7,0.00119277
obligations,7,0.00119277
patient,7,0.00119277
praying,7,0.00119277
owe,7,0.00119277
procured,7,0.00119277
blown,7,0.00119277
convictions,7,0.00119277
modesty,7,0.00119277
injured,7,0.00119277
diamonds,7,0.00119277
bags,7,0.00119277
fathers,7,0.00119277
freed,7,0.00119277
sunken,7,0.00119277
overheard,7,0.00119277
memorandum,7,0.00119277
marked,7,0.00119277
legal,7,0.00119277
superiors,7,0.00119277
nty,7,0.00119277
je,7,0.00119277
arrest,7,0.00119277
brotherly,7,0.00119277
Often,7,0.00119277
available,7,0.00119277
distracted,7,0.00119277
coward,7,0.00119277
bath,7,0.00119277
outflank,7,0.00119277
heir,7,0.00119277
smashed,7,0.00119277
prescribed,7,0.00119277
champagne,7,0.00119277
dreadfully,7,0.00119277
regards,7,0.00119277
formal,7,0.00119277
pistols,7,0.00119277
effects,7,0.00119277
kitten,7,0.00119277
disapproval,7,0.00119277
Vozdv,7,0.00119277
thoughtfully,7,0.00119277
relieved,7,0.00119277
fraud,7,0.00119277
footpace,7,0.00119277
Karl,7,0.00119277
savage,7,0.00119277
likes,7,0.00119277
couch,7,0.00119277
monotonous,7,0.00119277
manifestation,7,0.00119277
backward,7,0.00119277
mutual,7,0.00119277
harp,7,0.00119277
hang,7,0.00119277
huts,7,0.00119277
intervention,7,0.00119277
speaks,7,0.00119277
possess,7,0.00119277
cock,7,0.00119277
spotted,7,0.00119277
surprising,7,0.00119277
stewards,7,0.00119277
alluding,7,0.00119277
morosely,7,0.00119277
Baron,7,0.00119277
adopt,7,0.00119277
feeding,7,0.00119277
bows,7,0.00119277
deduced,7,0.00119277
separating,7,0.00119277
sins,7,0.00119277
positively,7,0.00119277
gigantic,7,0.00119277
secretary,7,0.00119277
universe,7,0.00119277
conqueror,7,0.00119277
tools,7,0.00119277
domain,7,0.00119277
strings,7,0.00119277
considerable,7,0.00119277
keys,7,0.00119277
sequence,7,0.00119277
cough,7,0.00119277
million,7,0.00119277
sacrifices,7,0.00119277
pausing,7,0.00119277
innkeeper,7,0.00119277
Either,7,0.00119277
Nast,7,0.00119277
bell,7,0.00119277
sealing,7,0.00119277
stroking,7,0.00119277
principles,7,0.00119277
skull,7,0.00119277
conquer,7,0.00119277
reaches,7,0.00119277
Berlin,7,0.00119277
obtaining,7,0.00119277
pretense,7,0.00119277
undoubtedly,7,0.00119277
se,7,0.00119277
factor,7,0.00119277
patches,7,0.00119277
grandfather,7,0.00119277
disheveled,7,0.00119277
communicated,7,0.00119277
strategic,7,0.00119277
Tartar,7,0.00119277
polished,7,0.00119277
operations,7,0.00119277
dances,7,0.00119277
unmarried,7,0.00119277
eBooks,7,0.00119277
hears,7,0.00119277
endurance,7,0.00119277
yielding,7,0.00119277
betrayed,7,0.00119277
cordially,7,0.00119277
unjust,7,0.00119277
knelt,7,0.00119277
fancies,7,0.00119277
glitter,7,0.00119277
Ves,7,0.00119277
population,7,0.00119277
Tat,7,0.00119277
wings,7,0.00119277
rescued,7,0.00119277
contradictions,7,0.00119277
bony,7,0.00119277
awaits,7,0.00119277
retiring,7,0.00119277
groan,7,0.00119277
tread,7,0.00119277
lovers,7,0.00119277
model,7,0.00119277
mess,7,0.00119277
ecstasy,7,0.00119277
jump,7,0.00119277
Beyond,7,0.00119277
Hill,7,0.00119277
substance,7,0.00119277
Pole,7,0.00119277
solved,7,0.00119277
deserved,7,0.00119277
studying,7,0.00119277
incoherent,7,0.00119277
guidance,7,0.00119277
miserable,7,0.00119277
une,7,0.00119277
suitor,7,0.00119277
exile,7,0.00119277
nervously,7,0.00119277
mountains,7,0.00119277
Till,7,0.00119277
marble,7,0.00119277
conjectures,7,0.00119277
rejoice,7,0.00119277
suites,7,0.00119277
daring,7,0.00119277
existing,7,0.00119277
treating,7,0.00119277
rags,7,0.00119277
neighborhood,7,0.00119277
temptations,7,0.00119277
reaction,7,0.00119277
total,7,0.00119277
regeneration,7,0.00119277
caprice,7,0.00119277
ax,7,0.00119277
seniority,7,0.00119277
schools,7,0.00119277
recommended,7,0.00119277
taciturn,7,0.00119277
beings,7,0.00119277
agility,7,0.00119277
extraordinarily,7,0.00119277
imperceptibly,7,0.00119277
Orders,7,0.00119277
musical,7,0.00119277
ages,7,0.00119277
noted,7,0.00119277
proofs,7,0.00119277
overflowing,7,0.00119277
vital,7,0.00119277
balloon,7,0.00119277
rupture,7,0.00119277
Near,7,0.00119277
stages,7,0.00119277
tufts,7,0.00119277
Mam,7,0.00119277
gait,7,0.00119277
plait,7,0.00119277
witness,7,0.00119277
incapable,7,0.00119277
kindhearted,7,0.00119277
possesses,7,0.00119277
spoiling,7,0.00119277
breakfast,7,0.00119277
operate,7,0.00119277
curled,7,0.00119277
fastened,7,0.00119277
donned,7,0.00119277
Society,7,0.00119277
contemporaries,7,0.00119277
detached,7,0.00119277
unreasoning,7,0.00119277
articles,7,0.00119277
bay,7,0.00119277
parting,7,0.00119277
diplomat,7,0.00119277
chill,7,0.00119277
decline,7,0.00119277
beams,7,0.00119277
vivid,7,0.00119277
feebly,7,0.00119277
rejoin,7,0.00119277
conclude,7,0.00119277
nobles,7,0.00119277
brotherhood,7,0.00119277
fuss,7,0.00119277
gesticulating,7,0.00119277
discharged,7,0.00119277
chatter,7,0.00119277
error,7,0.00119277
pleases,7,0.00119277
Bourbons,7,0.00119277
creaking,7,0.00119277
charges,7,0.00119277
fascinating,7,0.00119277
withdrew,7,0.00119277
amusement,7,0.00119277
Terrible,7,0.00119277
startled,7,0.00119277
packs,7,0.00119277
coiffure,7,0.00119277
Hofkriegsrath,7,0.00119277
sincerity,7,0.00119277
everyday,7,0.00119277
disputed,7,0.00119277
bits,7,0.00119277
comprehend,7,0.00119277
basis,7,0.00119277
description,7,0.00119277
trampled,7,0.00119277
overcoats,7,0.00119277
clergy,7,0.00119277
palm,7,0.00119277
dignified,7,0.00119277
trotted,7,0.00119277
satisfy,7,0.00119277
offers,7,0.00119277
warlike,7,0.00119277
opposition,7,0.00119277
consequences,7,0.00119277
remind,7,0.00119277
precise,7,0.00119277
deliberate,7,0.00119277
widow,7,0.00119277
heaved,7,0.00119277
uplifted,7,0.00119277
swept,7,0.00119277
fiercely,7,0.00119277
defect,7,0.00119277
depraved,7,0.00119277
ditch,7,0.00119277
memorable,7,0.00119277
steadily,7,0.00119277
Dnieper,7,0.00119277
infected,7,0.00119277
von,7,0.00119277
helplessly,7,0.00119277
tiny,7,0.00119277
saddled,7,0.00119277
glimpse,7,0.00119277
honneur,7,0.00119277
lodges,7,0.00119277
boards,7,0.00119277
ex,7,0.00119277
delicious,7,0.00119277
Hey,7,0.00119277
subordinate,7,0.00119277
market,7,0.00119277
stragglers,7,0.00119277
Power,7,0.00119277
postmaster,7,0.00119277
Secondly,7,0.00119277
posterity,7,0.00119277
slippers,7,0.00119277
restore,7,0.00119277
p,7,0.00119277
feverishly,7,0.00119277
flitted,7,0.00119277
tossed,7,0.00119277
retain,7,0.00119277
curls,7,0.00119277
Out,7,0.00119277
sprung,7,0.00119277
Send,7,0.00119277
blush,7,0.00119277
mathematics,7,0.00119277
entangled,7,0.00119277
dozed,7,0.00119277
lagged,7,0.00119277
Turks,7,0.00119277
stricken,7,0.00119277
knapsack,7,0.00119277
attainment,7,0.00119277
believing,7,0.00119277
noon,7,0.00119277
disorderly,7,0.00119277
proximity,7,0.00119277
cleanliness,7,0.00119277
poetry,7,0.00119277
lamp,7,0.00119277
undertaken,7,0.00119277
rude,7,0.00119277
pinch,7,0.00119277
enchanted,7,0.00119277
blonde,7,0.00119277
senses,7,0.00119277
lilac,7,0.00119277
rustling,7,0.00119277
fulfillment,7,0.00119277
Between,7,0.00119277
projectiles,7,0.00119277
Zdrzhinski,7,0.00119277
arrangement,7,0.00119277
created,7,0.00119277
ntseva,7,0.00119277
stubble,7,0.00119277
arises,7,0.00119277
accordance,7,0.00119277
assumption,7,0.00119277
reinforcements,7,0.00119277
supporting,7,0.00119277
kin,7,0.00119277
zhenka,7,0.00119277
landing,7,0.00119277
continuously,7,0.00119277
idle,7,0.00119277
plunder,7,0.00119277
emperor,6,0.00102237
beds,6,0.00102237
rka,6,0.00102237
Freemason,6,0.00102237
fugitives,6,0.00102237
balal,6,0.00102237
combined,6,0.00102237
evenly,6,0.00102237
capitulation,6,0.00102237
unseemly,6,0.00102237
Circassian,6,0.00102237
Iberian,6,0.00102237
serene,6,0.00102237
sabretache,6,0.00102237
disputes,6,0.00102237
winding,6,0.00102237
listeners,6,0.00102237
warmed,6,0.00102237
disastrous,6,0.00102237
affianced,6,0.00102237
hoarfrost,6,0.00102237
screaming,6,0.00102237
snatching,6,0.00102237
embassy,6,0.00102237
weakened,6,0.00102237
cubs,6,0.00102237
unreasonable,6,0.00102237
Cut,6,0.00102237
metal,6,0.00102237
resolve,6,0.00102237
noses,6,0.00102237
Catholic,6,0.00102237
lightning,6,0.00102237
frosty,6,0.00102237
degrees,6,0.00102237
OR,6,0.00102237
picturing,6,0.00102237
minutest,6,0.00102237
horn,6,0.00102237
trifle,6,0.00102237
piercingly,6,0.00102237
mystic,6,0.00102237
ascending,6,0.00102237
uncertainty,6,0.00102237
sentences,6,0.00102237
rhythmic,6,0.00102237
contemptible,6,0.00102237
exact,6,0.00102237
resembled,6,0.00102237
Adjutant,6,0.00102237
drowning,6,0.00102237
akin,6,0.00102237
expanded,6,0.00102237
renouncing,6,0.00102237
Matv,6,0.00102237
element,6,0.00102237
Twice,6,0.00102237
ropes,6,0.00102237
glorious,6,0.00102237
disconnected,6,0.00102237
qu,6,0.00102237
fencing,6,0.00102237
Does,6,0.00102237
grenadiers,6,0.00102237
misunderstanding,6,0.00102237
distinction,6,0.00102237
wasn,6,0.00102237
combine,6,0.00102237
intonation,6,0.00102237
7,6,0.00102237
surrounding,6,0.00102237
artilleryman,6,0.00102237
denied,6,0.00102237
oppressive,6,0.00102237
tips,6,0.00102237
fumbling,6,0.00102237
unchanged,6,0.00102237
correctly,6,0.00102237
convenient,6,0.00102237
liking,6,0.00102237
Sixth,6,0.00102237
skillfully,6,0.00102237
shrieks,6,0.00102237
Bedouin,6,0.00102237
keeper,6,0.00102237
Whose,6,0.00102237
Bridge,6,0.00102237
partition,6,0.00102237
license,6,0.00102237
Switzerland,6,0.00102237
breathed,6,0.00102237
sprinkled,6,0.00102237
nails,6,0.00102237
Yesterday,6,0.00102237
reassured,6,0.00102237
Roman,6,0.00102237
delirium,6,0.00102237
lime,6,0.00102237
hast,6,0.00102237
hole,6,0.00102237
anyhow,6,0.00102237
tax,6,0.00102237
irreproachable,6,0.00102237
sportsman,6,0.00102237
Mortier,6,0.00102237
prospect,6,0.00102237
Kaz,6,0.00102237
build,6,0.00102237
nza,6,0.00102237
justifications,6,0.00102237
suffers,6,0.00102237
lungs,6,0.00102237
camps,6,0.00102237
removal,6,0.00102237
bounded,6,0.00102237
wight,6,0.00102237
warn,6,0.00102237
snub,6,0.00102237
lovich,6,0.00102237
earnest,6,0.00102237
secured,6,0.00102237
YOU,6,0.00102237
Daddy,6,0.00102237
fools,6,0.00102237
oath,6,0.00102237
richest,6,0.00102237
daily,6,0.00102237
Ooh,6,0.00102237
subjection,6,0.00102237
naturedly,6,0.00102237
ambition,6,0.00102237
biting,6,0.00102237
meadows,6,0.00102237
flee,6,0.00102237
heavier,6,0.00102237
bareheaded,6,0.00102237
recruits,6,0.00102237
noisy,6,0.00102237
wormwood,6,0.00102237
Erfurt,6,0.00102237
convalescence,6,0.00102237
guards,6,0.00102237
carting,6,0.00102237
desk,6,0.00102237
valor,6,0.00102237
holidays,6,0.00102237
bushy,6,0.00102237
Repn,6,0.00102237
gardener,6,0.00102237
causing,6,0.00102237
Devil,6,0.00102237
pupils,6,0.00102237
Wischau,6,0.00102237
scowling,6,0.00102237
captive,6,0.00102237
liberated,6,0.00102237
enormously,6,0.00102237
leads,6,0.00102237
shrank,6,0.00102237
thumb,6,0.00102237
Into,6,0.00102237
prevailed,6,0.00102237
happiest,6,0.00102237
illuminated,6,0.00102237
prompted,6,0.00102237
Killed,6,0.00102237
nobleman,6,0.00102237
darkened,6,0.00102237
Although,6,0.00102237
applying,6,0.00102237
crossly,6,0.00102237
30,6,0.00102237
wooded,6,0.00102237
looted,6,0.00102237
misunderstandings,6,0.00102237
demanding,6,0.00102237
understands,6,0.00102237
requirements,6,0.00102237
Honor,6,0.00102237
twentieth,6,0.00102237
tower,6,0.00102237
crazy,6,0.00102237
suspected,6,0.00102237
bottles,6,0.00102237
temptation,6,0.00102237
Armenian,6,0.00102237
shuffling,6,0.00102237
elapsed,6,0.00102237
impulses,6,0.00102237
meek,6,0.00102237
clumsy,6,0.00102237
Palace,6,0.00102237
enrolled,6,0.00102237
Pokl,6,0.00102237
delicacy,6,0.00102237
pomaded,6,0.00102237
satin,6,0.00102237
console,6,0.00102237
planning,6,0.00102237
pronouncing,6,0.00102237
farming,6,0.00102237
tactics,6,0.00102237
tre,6,0.00102237
penetrate,6,0.00102237
unaware,6,0.00102237
administrative,6,0.00102237
deeds,6,0.00102237
veil,6,0.00102237
Duc,6,0.00102237
Obol,6,0.00102237
meat,6,0.00102237
insincere,6,0.00102237
warrior,6,0.00102237
fashioned,6,0.00102237
disturb,6,0.00102237
claim,6,0.00102237
wildly,6,0.00102237
stormed,6,0.00102237
courteous,6,0.00102237
stouter,6,0.00102237
citizens,6,0.00102237
inclination,6,0.00102237
announcement,6,0.00102237
practice,6,0.00102237
Granddad,6,0.00102237
steam,6,0.00102237
Almighty,6,0.00102237
profit,6,0.00102237
reassure,6,0.00102237
openly,6,0.00102237
insufficient,6,0.00102237
arbitrary,6,0.00102237
acknowledging,6,0.00102237
worlds,6,0.00102237
disdainfully,6,0.00102237
embroidery,6,0.00102237
patronage,6,0.00102237
shutters,6,0.00102237
appreciate,6,0.00102237
blindfolded,6,0.00102237
THE,6,0.00102237
code,6,0.00102237
condemn,6,0.00102237
riders,6,0.00102237
transformed,6,0.00102237
respects,6,0.00102237
acknowledge,6,0.00102237
logic,6,0.00102237
secrecy,6,0.00102237
momentum,6,0.00102237
inactive,6,0.00102237
consult,6,0.00102237
assuming,6,0.00102237
possessor,6,0.00102237
Fancy,6,0.00102237
inheritance,6,0.00102237
fortunate,6,0.00102237
contemplate,6,0.00102237
doubted,6,0.00102237
strict,6,0.00102237
female,6,0.00102237
mourning,6,0.00102237
smelled,6,0.00102237
strode,6,0.00102237
tugged,6,0.00102237
product,6,0.00102237
library,6,0.00102237
poverty,6,0.00102237
disappear,6,0.00102237
chkov,6,0.00102237
seats,6,0.00102237
Cadet,6,0.00102237
Corps,6,0.00102237
blessed,6,0.00102237
sweets,6,0.00102237
merging,6,0.00102237
sets,6,0.00102237
sickness,6,0.00102237
Were,6,0.00102237
patrol,6,0.00102237
evo,6,0.00102237
verse,6,0.00102237
Poniatowski,6,0.00102237
Chance,6,0.00102237
downward,6,0.00102237
chanced,6,0.00102237
hanged,6,0.00102237
bitterly,6,0.00102237
copied,6,0.00102237
willingly,6,0.00102237
maintaining,6,0.00102237
convulsively,6,0.00102237
perturbed,6,0.00102237
ruled,6,0.00102237
influenced,6,0.00102237
leaped,6,0.00102237
globe,6,0.00102237
Gol,6,0.00102237
horseback,6,0.00102237
heavenly,6,0.00102237
Church,6,0.00102237
barefoot,6,0.00102237
conquerors,6,0.00102237
Friant,6,0.00102237
union,6,0.00102237
plant,6,0.00102237
leisurely,6,0.00102237
deduction,6,0.00102237
drives,6,0.00102237
stroked,6,0.00102237
vskis,6,0.00102237
relics,6,0.00102237
risk,6,0.00102237
remembers,6,0.00102237
approvingly,6,0.00102237
kneeling,6,0.00102237
intent,6,0.00102237
patting,6,0.00102237
joyously,6,0.00102237
Rhine,6,0.00102237
tumbler,6,0.00102237
abstraction,6,0.00102237
absently,6,0.00102237
intact,6,0.00102237
emphasis,6,0.00102237
extending,6,0.00102237
amount,6,0.00102237
Fabvier,6,0.00102237
whither,6,0.00102237
tout,6,0.00102237
b,6,0.00102237
meetings,6,0.00102237
naval,6,0.00102237
gift,6,0.00102237
breathe,6,0.00102237
outer,6,0.00102237
Other,6,0.00102237
rigid,6,0.00102237
normal,6,0.00102237
wearily,6,0.00102237
bark,6,0.00102237
Haven,6,0.00102237
mothers,6,0.00102237
repress,6,0.00102237
pregnant,6,0.00102237
ti,6,0.00102237
asylum,6,0.00102237
upwards,6,0.00102237
emaciated,6,0.00102237
Sta,6,0.00102237
bustling,6,0.00102237
unfastened,6,0.00102237
stocking,6,0.00102237
heiresses,6,0.00102237
farm,6,0.00102237
Ilari,6,0.00102237
calf,6,0.00102237
cavalrymen,6,0.00102237
disgraceful,6,0.00102237
date,6,0.00102237
whiteness,6,0.00102237
dya,6,0.00102237
argued,6,0.00102237
rascal,6,0.00102237
livelier,6,0.00102237
crows,6,0.00102237
tr,6,0.00102237
grade,6,0.00102237
peculiarity,6,0.00102237
eagle,6,0.00102237
agitating,6,0.00102237
straightened,6,0.00102237
refreshed,6,0.00102237
footing,6,0.00102237
Its,6,0.00102237
games,6,0.00102237
blew,6,0.00102237
Ut,6,0.00102237
tsa,6,0.00102237
banks,6,0.00102237
negative,6,0.00102237
occasioned,6,0.00102237
infant,6,0.00102237
influences,6,0.00102237
moans,6,0.00102237
unintelligible,6,0.00102237
limits,6,0.00102237
fwom,6,0.00102237
condescending,6,0.00102237
collision,6,0.00102237
drivers,6,0.00102237
confession,6,0.00102237
define,6,0.00102237
board,6,0.00102237
pronounced,6,0.00102237
broadsheet,6,0.00102237
dusk,6,0.00102237
pains,6,0.00102237
correspondence,6,0.00102237
ally,6,0.00102237
De,6,0.00102237
impetuously,6,0.00102237
assuring,6,0.00102237
depriving,6,0.00102237
supreme,6,0.00102237
emerging,6,0.00102237
instrument,6,0.00102237
rescript,6,0.00102237
arousing,6,0.00102237
Poor,6,0.00102237
staggering,6,0.00102237
disappoint,6,0.00102237
weren,6,0.00102237
fixing,6,0.00102237
suppress,6,0.00102237
condescension,6,0.00102237
melting,6,0.00102237
congratulated,6,0.00102237
embarrassing,6,0.00102237
disgraced,6,0.00102237
magnates,6,0.00102237
pleasing,6,0.00102237
proudly,6,0.00102237
sniffing,6,0.00102237
garments,6,0.00102237
Lauriston,6,0.00102237
altar,6,0.00102237
Any,6,0.00102237
acknowledged,6,0.00102237
overtaken,6,0.00102237
Razum,6,0.00102237
burnt,6,0.00102237
puffy,6,0.00102237
Nar,6,0.00102237
wrinkle,6,0.00102237
restraining,6,0.00102237
recognizes,6,0.00102237
repulsion,6,0.00102237
proceeded,6,0.00102237
boyars,6,0.00102237
roared,6,0.00102237
Torzh,6,0.00102237
kharev,6,0.00102237
bluish,6,0.00102237
thrusting,6,0.00102237
gather,6,0.00102237
Caulaincourt,6,0.00102237
seemingly,6,0.00102237
coachmen,6,0.00102237
adventures,6,0.00102237
sung,6,0.00102237
Poles,6,0.00102237
solve,6,0.00102237
suit,6,0.00102237
Tears,6,0.00102237
flour,6,0.00102237
Won,6,0.00102237
salver,6,0.00102237
annoyed,6,0.00102237
exceedingly,6,0.00102237
overtaking,6,0.00102237
girlish,6,0.00102237
Strange,6,0.00102237
rttemberg,6,0.00102237
overseer,6,0.00102237
announcing,6,0.00102237
submissively,6,0.00102237
twisting,6,0.00102237
unsteady,6,0.00102237
cords,6,0.00102237
chapel,6,0.00102237
hinted,6,0.00102237
Charming,6,0.00102237
charitable,6,0.00102237
buttoning,6,0.00102237
11,6,0.00102237
morally,6,0.00102237
similarly,6,0.00102237
Prusse,6,0.00102237
indispensable,6,0.00102237
achievement,6,0.00102237
ensued,6,0.00102237
gliding,6,0.00102237
pine,6,0.00102237
streamed,6,0.00102237
satisfactory,6,0.00102237
deaf,6,0.00102237
sublime,6,0.00102237
belt,6,0.00102237
snatch,6,0.00102237
variously,6,0.00102237
clapping,6,0.00102237
nearing,6,0.00102237
greedily,6,0.00102237
system,6,0.00102237
disgrace,6,0.00102237
unfinished,6,0.00102237
expelled,6,0.00102237
rests,6,0.00102237
ejaculated,6,0.00102237
Ma,6,0.00102237
recollections,6,0.00102237
XXVIII,6,0.00102237
crumpled,6,0.00102237
require,6,0.00102237
knock,6,0.00102237
XXVII,6,0.00102237
conferred,6,0.00102237
greet,6,0.00102237
ninth,6,0.00102237
neatly,6,0.00102237
choir,6,0.00102237
convey,6,0.00102237
supple,6,0.00102237
supposition,6,0.00102237
accidentally,6,0.00102237
za,6,0.00102237
status,6,0.00102237
sausage,6,0.00102237
10,6,0.00102237
Roi,6,0.00102237
Vistula,6,0.00102237
deciding,6,0.00102237
gauze,6,0.00102237
damned,6,0.00102237
mechanically,6,0.00102237
shove,6,0.00102237
provincial,6,0.00102237
monstrous,6,0.00102237
sparks,6,0.00102237
student,6,0.00102237
Almost,6,0.00102237
secretly,6,0.00102237
grieve,6,0.00102237
scream,6,0.00102237
vogue,6,0.00102237
unto,6,0.00102237
untrue,6,0.00102237
behavior,6,0.00102237
canteen,6,0.00102237
unchanging,6,0.00102237
tastes,6,0.00102237
invite,6,0.00102237
tiresome,6,0.00102237
counted,6,0.00102237
entertaining,6,0.00102237
Agraf,6,0.00102237
evenings,6,0.00102237
inquisitive,6,0.00102237
reserved,6,0.00102237
cordial,6,0.00102237
devote,6,0.00102237
torture,6,0.00102237
pauvre,6,0.00102237
restraint,6,0.00102237
Vicomte,6,0.00102237
remove,6,0.00102237
allowing,6,0.00102237
complained,6,0.00102237
combinations,6,0.00102237
pained,6,0.00102237
aiming,6,0.00102237
monk,6,0.00102237
muscle,6,0.00102237
critical,6,0.00102237
vanquished,6,0.00102237
conspiracy,6,0.00102237
Achilles,6,0.00102237
assist,6,0.00102237
crown,6,0.00102237
scanning,6,0.00102237
8,6,0.00102237
9,6,0.00102237
payments,6,0.00102237
incident,6,0.00102237
strictly,6,0.00102237
Klyuchar,6,0.00102237
feast,6,0.00102237
mantle,6,0.00102237
debt,6,0.00102237
666,6,0.00102237
shabby,6,0.00102237
skirts,6,0.00102237
Stone,6,0.00102237
Genlis,6,0.00102237
stinging,6,0.00102237
minutely,6,0.00102237
waste,6,0.00102237
Dowager,6,0.00102237
indubitable,6,0.00102237
spoon,6,0.00102237
attentions,6,0.00102237
oblige,6,0.00102237
puzzled,6,0.00102237
affect,6,0.00102237
founded,6,0.00102237
ecstatically,6,0.00102237
doubtful,6,0.00102237
wont,6,0.00102237
humiliation,6,0.00102237
calmer,6,0.00102237
unthinkable,6,0.00102237
button,6,0.00102237
stretch,6,0.00102237
lunatic,6,0.00102237
governed,6,0.00102237
ni,6,0.00102237
destiny,6,0.00102237
tubs,6,0.00102237
upright,6,0.00102237
proposing,6,0.00102237
sk,6,0.00102237
Following,6,0.00102237
stifle,6,0.00102237
inspect,6,0.00102237
Pult,6,0.00102237
experiment,6,0.00102237
whiskers,6,0.00102237
unheard,6,0.00102237
luxurious,6,0.00102237
calculated,6,0.00102237
fatal,6,0.00102237
sighted,6,0.00102237
prefer,6,0.00102237
ambush,6,0.00102237
powerless,6,0.00102237
Make,6,0.00102237
abrupt,6,0.00102237
implored,6,0.00102237
Katie,6,0.00102237
receipt,6,0.00102237
reckoned,6,0.00102237
frighten,6,0.00102237
irritably,6,0.00102237
birth,6,0.00102237
longing,6,0.00102237
shkin,5,0.000851976
ulyulyu,5,0.000851976
grenadier,5,0.000851976
impetus,5,0.000851976
improper,5,0.000851976
speeches,5,0.000851976
continuity,5,0.000851976
ardor,5,0.000851976
covert,5,0.000851976
infinity,5,0.000851976
heal,5,0.000851976
regularly,5,0.000851976
anecdotes,5,0.000851976
collapsed,5,0.000851976
flanks,5,0.000851976
abused,5,0.000851976
dov,5,0.000851976
examples,5,0.000851976
curses,5,0.000851976
Hearing,5,0.000851976
entrenchment,5,0.000851976
leisure,5,0.000851976
frontiers,5,0.000851976
constrained,5,0.000851976
opens,5,0.000851976
decreed,5,0.000851976
perfumed,5,0.000851976
ants,5,0.000851976
Crimean,5,0.000851976
Antichrist,5,0.000851976
sleek,5,0.000851976
challenged,5,0.000851976
trampling,5,0.000851976
odor,5,0.000851976
represent,5,0.000851976
deliberation,5,0.000851976
saints,5,0.000851976
banquet,5,0.000851976
erected,5,0.000851976
Augesd,5,0.000851976
reproachful,5,0.000851976
enabled,5,0.000851976
Early,5,0.000851976
bury,5,0.000851976
Eylau,5,0.000851976
wash,5,0.000851976
bears,5,0.000851976
conclusions,5,0.000851976
purification,5,0.000851976
fish,5,0.000851976
peculiarities,5,0.000851976
delirious,5,0.000851976
valiant,5,0.000851976
polonaise,5,0.000851976
drag,5,0.000851976
civilians,5,0.000851976
awfully,5,0.000851976
Jena,5,0.000851976
Crowds,5,0.000851976
footstep,5,0.000851976
pastime,5,0.000851976
swore,5,0.000851976
soirees,5,0.000851976
pool,5,0.000851976
sums,5,0.000851976
flogged,5,0.000851976
subsided,5,0.000851976
torment,5,0.000851976
regain,5,0.000851976
providing,5,0.000851976
survive,5,0.000851976
bandy,5,0.000851976
clay,5,0.000851976
blinking,5,0.000851976
ksin,5,0.000851976
additional,5,0.000851976
Moscovites,5,0.000851976
rises,5,0.000851976
jolting,5,0.000851976
cocks,5,0.000851976
romance,5,0.000851976
fr,5,0.000851976
runs,5,0.000851976
muffled,5,0.000851976
wronged,5,0.000851976
dwell,5,0.000851976
aspect,5,0.000851976
category,5,0.000851976
anticipated,5,0.000851976
labors,5,0.000851976
chord,5,0.000851976
linked,5,0.000851976
indubitably,5,0.000851976
faculty,5,0.000851976
thyself,5,0.000851976
flush,5,0.000851976
sunburned,5,0.000851976
sarcastically,5,0.000851976
totally,5,0.000851976
Jerusalem,5,0.000851976
encountered,5,0.000851976
Hard,5,0.000851976
bayonet,5,0.000851976
betray,5,0.000851976
devise,5,0.000851976
toilet,5,0.000851976
endowed,5,0.000851976
Forward,5,0.000851976
pig,5,0.000851976
involved,5,0.000851976
replace,5,0.000851976
chess,5,0.000851976
bathed,5,0.000851976
accuracy,5,0.000851976
addition,5,0.000851976
societies,5,0.000851976
reviewed,5,0.000851976
opportunities,5,0.000851976
mighty,5,0.000851976
quarrels,5,0.000851976
generosity,5,0.000851976
appointments,5,0.000851976
inflict,5,0.000851976
reasonably,5,0.000851976
opponents,5,0.000851976
chamber,5,0.000851976
snuff,5,0.000851976
sensibility,5,0.000851976
regretting,5,0.000851976
encounters,5,0.000851976
paragraphs,5,0.000851976
magic,5,0.000851976
refer,5,0.000851976
painstaking,5,0.000851976
nurses,5,0.000851976
apt,5,0.000851976
Owing,5,0.000851976
unsuitable,5,0.000851976
bewilderment,5,0.000851976
concentration,5,0.000851976
gentleness,5,0.000851976
quitrent,5,0.000851976
fingering,5,0.000851976
overwhelmed,5,0.000851976
puffs,5,0.000851976
doffed,5,0.000851976
designs,5,0.000851976
1808,5,0.000851976
valets,5,0.000851976
curtsied,5,0.000851976
Nobody,5,0.000851976
paternal,5,0.000851976
fluttering,5,0.000851976
intense,5,0.000851976
renounced,5,0.000851976
shyness,5,0.000851976
bivouacking,5,0.000851976
Could,5,0.000851976
translated,5,0.000851976
recounted,5,0.000851976
monastery,5,0.000851976
consist,5,0.000851976
eleven,5,0.000851976
sentiment,5,0.000851976
statement,5,0.000851976
intensified,5,0.000851976
Fool,5,0.000851976
sympathize,5,0.000851976
Thirdly,5,0.000851976
occasions,5,0.000851976
inward,5,0.000851976
furious,5,0.000851976
suitors,5,0.000851976
aime,5,0.000851976
supports,5,0.000851976
dazzling,5,0.000851976
Home,5,0.000851976
Scarcely,5,0.000851976
sensations,5,0.000851976
loyalty,5,0.000851976
Vyazm,5,0.000851976
attempted,5,0.000851976
transparent,5,0.000851976
emotions,5,0.000851976
conflagration,5,0.000851976
failure,5,0.000851976
image,5,0.000851976
dreaming,5,0.000851976
shortsighted,5,0.000851976
employ,5,0.000851976
masterly,5,0.000851976
trifling,5,0.000851976
streams,5,0.000851976
unbroken,5,0.000851976
Mik,5,0.000851976
varying,5,0.000851976
lodging,5,0.000851976
probability,5,0.000851976
sheds,5,0.000851976
apartment,5,0.000851976
bobtailed,5,0.000851976
stuff,5,0.000851976
exposing,5,0.000851976
violent,5,0.000851976
induced,5,0.000851976
Gabriel,5,0.000851976
lighter,5,0.000851976
Aren,5,0.000851976
Friedland,5,0.000851976
sting,5,0.000851976
foul,5,0.000851976
April,5,0.000851976
objections,5,0.000851976
wards,5,0.000851976
twisted,5,0.000851976
glistening,5,0.000851976
pursue,5,0.000851976
latent,5,0.000851976
reared,5,0.000851976
worrying,5,0.000851976
ts,5,0.000851976
harmonious,5,0.000851976
south,5,0.000851976
jostled,5,0.000851976
thronged,5,0.000851976
outline,5,0.000851976
epoch,5,0.000851976
charged,5,0.000851976
knights,5,0.000851976
midwife,5,0.000851976
pallor,5,0.000851976
creation,5,0.000851976
hastening,5,0.000851976
hollows,5,0.000851976
shrine,5,0.000851976
fulfilling,5,0.000851976
wretches,5,0.000851976
pretend,5,0.000851976
casement,5,0.000851976
whiff,5,0.000851976
turmoil,5,0.000851976
repay,5,0.000851976
bewitching,5,0.000851976
permitted,5,0.000851976
root,5,0.000851976
indications,5,0.000851976
rug,5,0.000851976
bravest,5,0.000851976
trunk,5,0.000851976
subordination,5,0.000851976
heed,5,0.000851976
heartily,5,0.000851976
exalted,5,0.000851976
Guardsman,5,0.000851976
hitting,5,0.000851976
courts,5,0.000851976
hissing,5,0.000851976
irrational,5,0.000851976
trait,5,0.000851976
Hand,5,0.000851976
dispersing,5,0.000851976
impotence,5,0.000851976
forgetfulness,5,0.000851976
staffs,5,0.000851976
neglect,5,0.000851976
players,5,0.000851976
disclosed,5,0.000851976
Theodosia,5,0.000851976
stiff,5,0.000851976
Nowadays,5,0.000851976
omitted,5,0.000851976
Friday,5,0.000851976
bush,5,0.000851976
exasperation,5,0.000851976
Much,5,0.000851976
decrees,5,0.000851976
rice,5,0.000851976
nerves,5,0.000851976
withstand,5,0.000851976
Comte,5,0.000851976
pensive,5,0.000851976
constraint,5,0.000851976
catches,5,0.000851976
mechanism,5,0.000851976
delusion,5,0.000851976
daybreak,5,0.000851976
unwounded,5,0.000851976
justifying,5,0.000851976
Lads,5,0.000851976
documents,5,0.000851976
blackened,5,0.000851976
persistently,5,0.000851976
deign,5,0.000851976
Napol,5,0.000851976
policy,5,0.000851976
outlook,5,0.000851976
regulations,5,0.000851976
uphill,5,0.000851976
strips,5,0.000851976
nuisance,5,0.000851976
Nobility,5,0.000851976
maneuver,5,0.000851976
entertained,5,0.000851976
click,5,0.000851976
knit,5,0.000851976
splashed,5,0.000851976
prison,5,0.000851976
tracks,5,0.000851976
behaving,5,0.000851976
carved,5,0.000851976
encourage,5,0.000851976
jerky,5,0.000851976
bored,5,0.000851976
belongs,5,0.000851976
organized,5,0.000851976
sends,5,0.000851976
duc,5,0.000851976
villain,5,0.000851976
laboriously,5,0.000851976
creditors,5,0.000851976
nous,5,0.000851976
destination,5,0.000851976
shaved,5,0.000851976
interval,5,0.000851976
pulse,5,0.000851976
Orsh,5,0.000851976
vigor,5,0.000851976
brightness,5,0.000851976
sheep,5,0.000851976
privilege,5,0.000851976
seeks,5,0.000851976
obscurity,5,0.000851976
dissolution,5,0.000851976
bloodshot,5,0.000851976
Kiss,5,0.000851976
gravitation,5,0.000851976
carries,5,0.000851976
admiring,5,0.000851976
thoroughbred,5,0.000851976
Number,5,0.000851976
madly,5,0.000851976
len,5,0.000851976
rival,5,0.000851976
reverie,5,0.000851976
Consider,5,0.000851976
arbitrarily,5,0.000851976
tremendous,5,0.000851976
milk,5,0.000851976
deference,5,0.000851976
sorting,5,0.000851976
glided,5,0.000851976
infantrymen,5,0.000851976
block,5,0.000851976
swarthy,5,0.000851976
conquered,5,0.000851976
headed,5,0.000851976
piled,5,0.000851976
conducting,5,0.000851976
taper,5,0.000851976
ruddy,5,0.000851976
Enghien,5,0.000851976
luxury,5,0.000851976
scrutinizing,5,0.000851976
metallic,5,0.000851976
derived,5,0.000851976
rouse,5,0.000851976
Courage,5,0.000851976
ascertain,5,0.000851976
treading,5,0.000851976
jammed,5,0.000851976
vicinity,5,0.000851976
censure,5,0.000851976
faculties,5,0.000851976
job,5,0.000851976
carted,5,0.000851976
alluded,5,0.000851976
dozing,5,0.000851976
hushed,5,0.000851976
dismount,5,0.000851976
brigands,5,0.000851976
abreast,5,0.000851976
workman,5,0.000851976
folks,5,0.000851976
robbed,5,0.000851976
Staff,5,0.000851976
workmen,5,0.000851976
induce,5,0.000851976
rabble,5,0.000851976
extend,5,0.000851976
eagerness,5,0.000851976
Sundays,5,0.000851976
Inform,5,0.000851976
twilight,5,0.000851976
pensively,5,0.000851976
worry,5,0.000851976
bar,5,0.000851976
pantry,5,0.000851976
mir,5,0.000851976
someday,5,0.000851976
murmur,5,0.000851976
nuts,5,0.000851976
drawer,5,0.000851976
ksina,5,0.000851976
convicts,5,0.000851976
irregular,5,0.000851976
blandly,5,0.000851976
resignation,5,0.000851976
uneven,5,0.000851976
educational,5,0.000851976
commonplace,5,0.000851976
theaters,5,0.000851976
foresee,5,0.000851976
gardens,5,0.000851976
hurts,5,0.000851976
boned,5,0.000851976
versa,5,0.000851976
chaffing,5,0.000851976
lashes,5,0.000851976
cleaning,5,0.000851976
estrangement,5,0.000851976
suggest,5,0.000851976
softness,5,0.000851976
attracting,5,0.000851976
uncovered,5,0.000851976
although,5,0.000851976
squadrons,5,0.000851976
Sventsy,5,0.000851976
applicable,5,0.000851976
knitted,5,0.000851976
favors,5,0.000851976
landowners,5,0.000851976
boundary,5,0.000851976
sturdy,5,0.000851976
barrels,5,0.000851976
Junot,5,0.000851976
Bazaar,5,0.000851976
feigned,5,0.000851976
bodice,5,0.000851976
propped,5,0.000851976
generation,5,0.000851976
muslin,5,0.000851976
Hungarian,5,0.000851976
random,5,0.000851976
overflowed,5,0.000851976
communion,5,0.000851976
slay,5,0.000851976
criminals,5,0.000851976
chivalry,5,0.000851976
mimicked,5,0.000851976
fist,5,0.000851976
handkerchiefs,5,0.000851976
partners,5,0.000851976
thunder,5,0.000851976
confer,5,0.000851976
favorable,5,0.000851976
mortally,5,0.000851976
confidently,5,0.000851976
lets,5,0.000851976
convincing,5,0.000851976
flourished,5,0.000851976
ordre,5,0.000851976
trimmed,5,0.000851976
Morand,5,0.000851976
lamps,5,0.000851976
murders,5,0.000851976
cavalryman,5,0.000851976
boiled,5,0.000851976
contents,5,0.000851976
Talleyrand,5,0.000851976
paler,5,0.000851976
stable,5,0.000851976
forfeit,5,0.000851976
squatting,5,0.000851976
slaughter,5,0.000851976
smartly,5,0.000851976
River,5,0.000851976
consoling,5,0.000851976
onlookers,5,0.000851976
spiteful,5,0.000851976
Cooper,5,0.000851976
mot,5,0.000851976
successes,5,0.000851976
Long,5,0.000851976
rinova,5,0.000851976
teacher,5,0.000851976
musicians,5,0.000851976
Novos,5,0.000851976
ltsev,5,0.000851976
ram,5,0.000851976
Within,5,0.000851976
boats,5,0.000851976
electricity,5,0.000851976
Ten,5,0.000851976
Must,5,0.000851976
accurately,5,0.000851976
forbidding,5,0.000851976
Chateaubriand,5,0.000851976
incredible,5,0.000851976
sweetly,5,0.000851976
entertainment,5,0.000851976
Leppich,5,0.000851976
steppes,5,0.000851976
Moscou,5,0.000851976
shiver,5,0.000851976
Oo,5,0.000851976
foraging,5,0.000851976
scouts,5,0.000851976
adroit,5,0.000851976
bend,5,0.000851976
Charles,5,0.000851976
hasty,5,0.000851976
brings,5,0.000851976
keeps,5,0.000851976
rioting,5,0.000851976
imaginary,5,0.000851976
mocking,5,0.000851976
rhythmically,5,0.000851976
obstinacy,5,0.000851976
Adieu,5,0.000851976
pleaded,5,0.000851976
duke,5,0.000851976
slain,5,0.000851976
convulsive,5,0.000851976
Sophie,5,0.000851976
sharper,5,0.000851976
transference,5,0.000851976
mole,5,0.000851976
corpse,5,0.000851976
wag,5,0.000851976
declare,5,0.000851976
scented,5,0.000851976
moaned,5,0.000851976
elope,5,0.000851976
occurrences,5,0.000851976
stifled,5,0.000851976
wrongs,5,0.000851976
ooh,5,0.000851976
relatives,5,0.000851976
atone,5,0.000851976
tents,5,0.000851976
expanse,5,0.000851976
notices,5,0.000851976
depicted,5,0.000851976
ingratitude,5,0.000851976
buckwheat,5,0.000851976
merciful,5,0.000851976
grandee,5,0.000851976
feed,5,0.000851976
La,5,0.000851976
coin,5,0.000851976
reverse,5,0.000851976
succeed,5,0.000851976
femme,5,0.000851976
definition,5,0.000851976
inconceivable,5,0.000851976
cropped,5,0.000851976
punch,5,0.000851976
yourselves,5,0.000851976
suffused,5,0.000851976
clearer,5,0.000851976
tasted,5,0.000851976
insanity,5,0.000851976
chalk,5,0.000851976
reflecting,5,0.000851976
rendering,5,0.000851976
Clapar,5,0.000851976
justified,5,0.000851976
subdued,5,0.000851976
quiver,5,0.000851976
sympathized,5,0.000851976
Prussians,5,0.000851976
recruiting,5,0.000851976
smoked,5,0.000851976
rsten,5,0.000851976
brood,5,0.000851976
riot,5,0.000851976
buttoned,5,0.000851976
shake,5,0.000851976
costumes,5,0.000851976
believes,5,0.000851976
littered,5,0.000851976
forage,5,0.000851976
Ya,5,0.000851976
hopelessness,5,0.000851976
debauchery,5,0.000851976
awarded,5,0.000851976
Broussier,5,0.000851976
New,5,0.000851976
luggage,5,0.000851976
intends,5,0.000851976
executions,5,0.000851976
Lannes,5,0.000851976
wailing,5,0.000851976
destined,5,0.000851976
Moreau,5,0.000851976
torments,5,0.000851976
oppose,5,0.000851976
tie,5,0.000851976
maidservant,5,0.000851976
sorrows,5,0.000851976
Pot,5,0.000851976
idiot,5,0.000851976
Dearest,5,0.000851976
lackey,5,0.000851976
rumored,5,0.000851976
signal,5,0.000851976
chattered,5,0.000851976
plundered,5,0.000851976
Belliard,5,0.000851976
needles,5,0.000851976
shod,5,0.000851976
huddled,5,0.000851976
buried,5,0.000851976
sinewy,5,0.000851976
notorious,5,0.000851976
faltered,5,0.000851976
trade,5,0.000851976
contrived,5,0.000851976
suburb,5,0.000851976
mown,5,0.000851976
eleventh,5,0.000851976
loses,5,0.000851976
fairy,5,0.000851976
fill,5,0.000851976
hospitality,5,0.000851976
fitted,5,0.000851976
exclusively,5,0.000851976
inspecting,5,0.000851976
homme,5,0.000851976
whirl,5,0.000851976
meditating,5,0.000851976
mop,5,0.000851976
troykas,5,0.000851976
qui,5,0.000851976
runners,5,0.000851976
quitted,5,0.000851976
sickly,5,0.000851976
impassive,5,0.000851976
Queen,5,0.000851976
cab,5,0.000851976
glimpses,5,0.000851976
Immediately,5,0.000851976
lighthearted,5,0.000851976
delayed,5,0.000851976
snoring,5,0.000851976
sowing,5,0.000851976
Besuhof,5,0.000851976
contain,5,0.000851976
Tugendbund,5,0.000851976
clothing,5,0.000851976
soiree,5,0.000851976
Hollabr,5,0.000851976
detain,5,0.000851976
beaver,5,0.000851976
southern,5,0.000851976
rounded,5,0.000851976
bared,5,0.000851976
Meeting,5,0.000851976
accident,5,0.000851976
plaited,5,0.000851976
brush,5,0.000851976
gracefully,5,0.000851976
tradesmen,5,0.000851976
clouded,5,0.000851976
ryefield,5,0.000851976
overgrown,5,0.000851976
thickly,5,0.000851976
reader,5,0.000851976
converse,5,0.000851976
Gr,5,0.000851976
indifferently,5,0.000851976
Information,5,0.000851976
Time,5,0.000851976
suggestions,5,0.000851976
ho,5,0.000851976
topics,5,0.000851976
criticism,5,0.000851976
pitch,5,0.000851976
inspire,5,0.000851976
checking,5,0.000851976
alleged,5,0.000851976
Directly,5,0.000851976
catastrophe,5,0.000851976
diverted,5,0.000851976
tearful,5,0.000851976
Chasseurs,5,0.000851976
Help,5,0.000851976
expects,5,0.000851976
gilt,5,0.000851976
Rousseau,5,0.000851976
locks,5,0.000851976
distinctions,5,0.000851976
barefooted,5,0.000851976
fathom,5,0.000851976
playful,5,0.000851976
preached,5,0.000851976
attribute,5,0.000851976
intercourse,5,0.000851976
lookout,5,0.000851976
executing,5,0.000851976
monsieur,5,0.000851976
philanthropy,5,0.000851976
donate,5,0.000851976
Kindly,5,0.000851976
spine,5,0.000851976
tendency,5,0.000851976
Day,5,0.000851976
reconciled,5,0.000851976
retirement,5,0.000851976
yelled,5,0.000851976
import,5,0.000851976
lanterns,5,0.000851976
elegantly,5,0.000851976
branch,5,0.000851976
Going,5,0.000851976
mutually,5,0.000851976
sack,5,0.000851976
Death,5,0.000851976
fists,5,0.000851976
antechamber,5,0.000851976
descend,5,0.000851976
interrupt,5,0.000851976
drown,5,0.000851976
bursting,5,0.000851976
generous,5,0.000851976
sources,5,0.000851976
sphere,5,0.000851976
Put,5,0.000851976
cabinet,5,0.000851976
ambulance,5,0.000851976
partisan,5,0.000851976
dissipated,5,0.000851976
fourteenth,5,0.000851976
pavement,5,0.000851976
casual,5,0.000851976
problems,5,0.000851976
perceptibly,5,0.000851976
levee,5,0.000851976
tooth,5,0.000851976
afforded,5,0.000851976
geometry,5,0.000851976
limping,5,0.000851976
imperials,5,0.000851976
procure,5,0.000851976
memoirs,5,0.000851976
washing,5,0.000851976
proves,5,0.000851976
ry,5,0.000851976
clad,5,0.000851976
Nataly,5,0.000851976
Pokr,5,0.000851976
banners,5,0.000851976
surmises,5,0.000851976
coquettish,5,0.000851976
improvement,5,0.000851976
Note,5,0.000851976
unattainable,5,0.000851976
rapier,5,0.000851976
distribute,5,0.000851976
syllable,5,0.000851976
jauntily,5,0.000851976
remarkably,5,0.000851976
withered,5,0.000851976
eloquent,5,0.000851976
astray,5,0.000851976
recovering,5,0.000851976
conspicuous,4,0.000681581
Faster,4,0.000681581
remarking,4,0.000681581
departments,4,0.000681581
capitals,4,0.000681581
tragic,4,0.000681581
deigned,4,0.000681581
Gospels,4,0.000681581
experiences,4,0.000681581
sinners,4,0.000681581
obediently,4,0.000681581
unfolded,4,0.000681581
fan,4,0.000681581
Glancing,4,0.000681581
gatherings,4,0.000681581
impenetrable,4,0.000681581
conveyance,4,0.000681581
countermovement,4,0.000681581
accepting,4,0.000681581
dismounting,4,0.000681581
eastward,4,0.000681581
brigand,4,0.000681581
quickness,4,0.000681581
whew,4,0.000681581
antique,4,0.000681581
theme,4,0.000681581
twitch,4,0.000681581
badge,4,0.000681581
Nearer,4,0.000681581
festive,4,0.000681581
poorer,4,0.000681581
lazily,4,0.000681581
plaintive,4,0.000681581
schemes,4,0.000681581
responded,4,0.000681581
compensation,4,0.000681581
Les,4,0.000681581
hundredth,4,0.000681581
constitution,4,0.000681581
whirled,4,0.000681581
hosts,4,0.000681581
senator,4,0.000681581
awaken,4,0.000681581
buzz,4,0.000681581
weaknesses,4,0.000681581
Slob,4,0.000681581
Place,4,0.000681581
sailing,4,0.000681581
administered,4,0.000681581
allowance,4,0.000681581
Wittgenstein,4,0.000681581
grabbed,4,0.000681581
slopes,4,0.000681581
mute,4,0.000681581
Regulations,4,0.000681581
plea,4,0.000681581
shocked,4,0.000681581
hats,4,0.000681581
fortify,4,0.000681581
mkin,4,0.000681581
recovery,4,0.000681581
Committee,4,0.000681581
blundered,4,0.000681581
salary,4,0.000681581
aloof,4,0.000681581
circular,4,0.000681581
initiated,4,0.000681581
flows,4,0.000681581
yelling,4,0.000681581
tapping,4,0.000681581
stamp,4,0.000681581
beatific,4,0.000681581
imbued,4,0.000681581
grumbling,4,0.000681581
arrives,4,0.000681581
respond,4,0.000681581
staggered,4,0.000681581
boat,4,0.000681581
arsenal,4,0.000681581
receded,4,0.000681581
gravely,4,0.000681581
internal,4,0.000681581
suspense,4,0.000681581
key,4,0.000681581
blazing,4,0.000681581
thrill,4,0.000681581
tidied,4,0.000681581
matchmaking,4,0.000681581
repose,4,0.000681581
unction,4,0.000681581
barque,4,0.000681581
differences,4,0.000681581
ken,4,0.000681581
dimensions,4,0.000681581
grasped,4,0.000681581
deserve,4,0.000681581
snort,4,0.000681581
emitted,4,0.000681581
satisfying,4,0.000681581
obeying,4,0.000681581
guiding,4,0.000681581
Sokolnitz,4,0.000681581
noiseless,4,0.000681581
reminder,4,0.000681581
bearded,4,0.000681581
lump,4,0.000681581
obstinately,4,0.000681581
ski,4,0.000681581
dispatching,4,0.000681581
stiffly,4,0.000681581
GUTENBERG,4,0.000681581
ponds,4,0.000681581
director,4,0.000681581
blindman,4,0.000681581
doorpost,4,0.000681581
Schlappanitz,4,0.000681581
cautious,4,0.000681581
Doesn,4,0.000681581
Catch,4,0.000681581
casting,4,0.000681581
symmetrically,4,0.000681581
sentiments,4,0.000681581
dislike,4,0.000681581
tremor,4,0.000681581
David,4,0.000681581
disadvantage,4,0.000681581
zh,4,0.000681581
booming,4,0.000681581
lodged,4,0.000681581
sighs,4,0.000681581
maps,4,0.000681581
declaring,4,0.000681581
Christians,4,0.000681581
implying,4,0.000681581
merits,4,0.000681581
Read,4,0.000681581
thirteenth,4,0.000681581
PROJECT,4,0.000681581
pouch,4,0.000681581
costing,4,0.000681581
Czartor,4,0.000681581
yellowish,4,0.000681581
shche,4,0.000681581
Zaym,4,0.000681581
operating,4,0.000681581
snowy,4,0.000681581
revo,4,0.000681581
evidence,4,0.000681581
conflicts,4,0.000681581
nicknamed,4,0.000681581
foes,4,0.000681581
Savary,4,0.000681581
inferior,4,0.000681581
ruinous,4,0.000681581
disfigured,4,0.000681581
inactivity,4,0.000681581
audacity,4,0.000681581
pursuits,4,0.000681581
tenths,4,0.000681581
bled,4,0.000681581
authors,4,0.000681581
stately,4,0.000681581
burdened,4,0.000681581
starving,4,0.000681581
cellar,4,0.000681581
migration,4,0.000681581
rations,4,0.000681581
palms,4,0.000681581
contemporary,4,0.000681581
mystical,4,0.000681581
horsecloths,4,0.000681581
cocked,4,0.000681581
AND,4,0.000681581
wandering,4,0.000681581
Vewy,4,0.000681581
Adr,4,0.000681581
Step,4,0.000681581
grades,4,0.000681581
heirs,4,0.000681581
Late,4,0.000681581
exclamations,4,0.000681581
chat,4,0.000681581
frightful,4,0.000681581
complying,4,0.000681581
waltz,4,0.000681581
bonds,4,0.000681581
twirled,4,0.000681581
flatter,4,0.000681581
lint,4,0.000681581
reverberated,4,0.000681581
brains,4,0.000681581
Przebysz,4,0.000681581
wski,4,0.000681581
outspread,4,0.000681581
cushion,4,0.000681581
sunny,4,0.000681581
tray,4,0.000681581
flags,4,0.000681581
agony,4,0.000681581
vewy,4,0.000681581
identical,4,0.000681581
lagging,4,0.000681581
splinters,4,0.000681581
remainder,4,0.000681581
thief,4,0.000681581
monster,4,0.000681581
horseman,4,0.000681581
worthless,4,0.000681581
enfeebled,4,0.000681581
youthfulness,4,0.000681581
accessible,4,0.000681581
shafts,4,0.000681581
ntich,4,0.000681581
flurried,4,0.000681581
intimidated,4,0.000681581
unfathomable,4,0.000681581
softening,4,0.000681581
embittered,4,0.000681581
formation,4,0.000681581
ancestors,4,0.000681581
congratulations,4,0.000681581
Unterkunft,4,0.000681581
bespattered,4,0.000681581
buttons,4,0.000681581
split,4,0.000681581
tripping,4,0.000681581
Tut,4,0.000681581
cherish,4,0.000681581
Regiment,4,0.000681581
yell,4,0.000681581
ingratiating,4,0.000681581
sharpening,4,0.000681581
emptying,4,0.000681581
grim,4,0.000681581
sloping,4,0.000681581
Swiss,4,0.000681581
purify,4,0.000681581
commotion,4,0.000681581
Certainly,4,0.000681581
prostrate,4,0.000681581
owed,4,0.000681581
Commander,4,0.000681581
trowel,4,0.000681581
Knowing,4,0.000681581
sober,4,0.000681581
gambler,4,0.000681581
forcing,4,0.000681581
scenes,4,0.000681581
manifestations,4,0.000681581
sphinx,4,0.000681581
structure,4,0.000681581
ledge,4,0.000681581
mostly,4,0.000681581
curved,4,0.000681581
manuscript,4,0.000681581
draft,4,0.000681581
consistently,4,0.000681581
entreat,4,0.000681581
stain,4,0.000681581
defining,4,0.000681581
ramrod,4,0.000681581
interposed,4,0.000681581
degraded,4,0.000681581
uk,4,0.000681581
zheg,4,0.000681581
enrollment,4,0.000681581
inherit,4,0.000681581
Forty,4,0.000681581
subordinates,4,0.000681581
lino,4,0.000681581
preoccupation,4,0.000681581
godfather,4,0.000681581
rivals,4,0.000681581
portly,4,0.000681581
recommenced,4,0.000681581
actress,4,0.000681581
frock,4,0.000681581
anecdote,4,0.000681581
hearers,4,0.000681581
screened,4,0.000681581
deepest,4,0.000681581
needle,4,0.000681581
ty,4,0.000681581
sodden,4,0.000681581
entreaties,4,0.000681581
radiantly,4,0.000681581
continues,4,0.000681581
Auerst,4,0.000681581
dt,4,0.000681581
fortresses,4,0.000681581
screens,4,0.000681581
watchhouse,4,0.000681581
flints,4,0.000681581
Tuesday,4,0.000681581
hairs,4,0.000681581
commits,4,0.000681581
patch,4,0.000681581
Bad,4,0.000681581
unfolding,4,0.000681581
complacent,4,0.000681581
wit,4,0.000681581
administrator,4,0.000681581
Speaking,4,0.000681581
regrets,4,0.000681581
scraping,4,0.000681581
quieter,4,0.000681581
Peace,4,0.000681581
artisans,4,0.000681581
penetrated,4,0.000681581
caressed,4,0.000681581
attaining,4,0.000681581
rallied,4,0.000681581
exasperated,4,0.000681581
upside,4,0.000681581
beardless,4,0.000681581
boiling,4,0.000681581
merriest,4,0.000681581
affirmatively,4,0.000681581
iron,4,0.000681581
querulous,4,0.000681581
proposition,4,0.000681581
gloved,4,0.000681581
stripped,4,0.000681581
preserved,4,0.000681581
judges,4,0.000681581
utterance,4,0.000681581
channel,4,0.000681581
Kiril,4,0.000681581
robbery,4,0.000681581
mildness,4,0.000681581
pillaging,4,0.000681581
vileness,4,0.000681581
liquid,4,0.000681581
plume,4,0.000681581
vessel,4,0.000681581
intentionally,4,0.000681581
physics,4,0.000681581
Being,4,0.000681581
hunter,4,0.000681581
implanted,4,0.000681581
commerce,4,0.000681581
wincing,4,0.000681581
planets,4,0.000681581
intelligible,4,0.000681581
generations,4,0.000681581
minimum,4,0.000681581
agreeably,4,0.000681581
administration,4,0.000681581
disclose,4,0.000681581
Egypt,4,0.000681581
wavering,4,0.000681581
municipality,4,0.000681581
Pakhr,4,0.000681581
route,4,0.000681581
meditation,4,0.000681581
ysov,4,0.000681581
Bank,4,0.000681581
rokhov,4,0.000681581
chorus,4,0.000681581
suits,4,0.000681581
spun,4,0.000681581
dissipation,4,0.000681581
exceptions,4,0.000681581
forwards,4,0.000681581
dryly,4,0.000681581
articulating,4,0.000681581
Architect,4,0.000681581
compliment,4,0.000681581
dangers,4,0.000681581
angina,4,0.000681581
madame,4,0.000681581
aimless,4,0.000681581
decisions,4,0.000681581
bursts,4,0.000681581
Round,4,0.000681581
petitions,4,0.000681581
faut,4,0.000681581
coincides,4,0.000681581
secondary,4,0.000681581
slapping,4,0.000681581
albums,4,0.000681581
privation,4,0.000681581
abundance,4,0.000681581
decorated,4,0.000681581
combat,4,0.000681581
chit,4,0.000681581
households,4,0.000681581
Halfway,4,0.000681581
undefined,4,0.000681581
irrevocable,4,0.000681581
velvety,4,0.000681581
incorrect,4,0.000681581
fragrance,4,0.000681581
excuses,4,0.000681581
rightly,4,0.000681581
convict,4,0.000681581
tries,4,0.000681581
unlucky,4,0.000681581
colors,4,0.000681581
wrists,4,0.000681581
experiments,4,0.000681581
motives,4,0.000681581
nod,4,0.000681581
proverb,4,0.000681581
squares,4,0.000681581
oblivious,4,0.000681581
recourse,4,0.000681581
rebuild,4,0.000681581
vet,4,0.000681581
fails,4,0.000681581
thither,4,0.000681581
verbal,4,0.000681581
ferry,4,0.000681581
threes,4,0.000681581
allows,4,0.000681581
Gracious,4,0.000681581
fortification,4,0.000681581
dismal,4,0.000681581
scraped,4,0.000681581
convinces,4,0.000681581
Dessaix,4,0.000681581
knives,4,0.000681581
opposing,4,0.000681581
strewn,4,0.000681581
Talk,4,0.000681581
reckon,4,0.000681581
Fifth,4,0.000681581
summon,4,0.000681581
resemble,4,0.000681581
repent,4,0.000681581
links,4,0.000681581
remembrance,4,0.000681581
instructed,4,0.000681581
palpable,4,0.000681581
exaggerated,4,0.000681581
Vous,4,0.000681581
perpetual,4,0.000681581
flopped,4,0.000681581
scheme,4,0.000681581
mowing,4,0.000681581
inconvenience,4,0.000681581
Hasn,4,0.000681581
simpler,4,0.000681581
maximum,4,0.000681581
grandson,4,0.000681581
bigger,4,0.000681581
earthwork,4,0.000681581
waddling,4,0.000681581
unceasingly,4,0.000681581
reckless,4,0.000681581
doubled,4,0.000681581
cream,4,0.000681581
kitchens,4,0.000681581
enduring,4,0.000681581
psherons,4,0.000681581
brisk,4,0.000681581
1820,4,0.000681581
psheron,4,0.000681581
crystal,4,0.000681581
bag,4,0.000681581
resounding,4,0.000681581
heartless,4,0.000681581
relay,4,0.000681581
hugged,4,0.000681581
panorama,4,0.000681581
pleasanter,4,0.000681581
dressers,4,0.000681581
malevolent,4,0.000681581
coughing,4,0.000681581
shore,4,0.000681581
hugging,4,0.000681581
hl,4,0.000681581
Eckm,4,0.000681581
striving,4,0.000681581
scrap,4,0.000681581
foreboding,4,0.000681581
busily,4,0.000681581
savory,4,0.000681581
wallet,4,0.000681581
Bergs,4,0.000681581
Germany,4,0.000681581
conscientious,4,0.000681581
distraught,4,0.000681581
suis,4,0.000681581
declaration,4,0.000681581
zat,4,0.000681581
foundations,4,0.000681581
handful,4,0.000681581
stimulated,4,0.000681581
desperation,4,0.000681581
expressionless,4,0.000681581
stab,4,0.000681581
exciting,4,0.000681581
zin,4,0.000681581
voir,4,0.000681581
impulsive,4,0.000681581
singer,4,0.000681581
routed,4,0.000681581
fuel,4,0.000681581
incapacity,4,0.000681581
forbid,4,0.000681581
defective,4,0.000681581
appropriate,4,0.000681581
ability,4,0.000681581
stamped,4,0.000681581
Boulogne,4,0.000681581
comments,4,0.000681581
Gazette,4,0.000681581
villains,4,0.000681581
nickname,4,0.000681581
flirt,4,0.000681581
irritating,4,0.000681581
distraction,4,0.000681581
hospitable,4,0.000681581
seclusion,4,0.000681581
refuting,4,0.000681581
endured,4,0.000681581
peered,4,0.000681581
decorum,4,0.000681581
mirth,4,0.000681581
rampart,4,0.000681581
vanishing,4,0.000681581
lorgnette,4,0.000681581
adjusting,4,0.000681581
wearied,4,0.000681581
vacant,4,0.000681581
Preussisch,4,0.000681581
plowed,4,0.000681581
parquet,4,0.000681581
seizes,4,0.000681581
promises,4,0.000681581
cat,4,0.000681581
adoration,4,0.000681581
confidentially,4,0.000681581
flaring,4,0.000681581
Arkh,4,0.000681581
Thursday,4,0.000681581
confidential,4,0.000681581
Voltaire,4,0.000681581
invent,4,0.000681581
achieved,4,0.000681581
limbs,4,0.000681581
discern,4,0.000681581
Saint,4,0.000681581
tallow,4,0.000681581
sympathetically,4,0.000681581
cleaned,4,0.000681581
plaster,4,0.000681581
overhead,4,0.000681581
crossroads,4,0.000681581
ruts,4,0.000681581
foresaw,4,0.000681581
fir,4,0.000681581
Surely,4,0.000681581
homestead,4,0.000681581
threshing,4,0.000681581
aggrandizement,4,0.000681581
Alliance,4,0.000681581
bivouac,4,0.000681581
construction,4,0.000681581
security,4,0.000681581
swing,4,0.000681581
indistinct,4,0.000681581
disturbing,4,0.000681581
Sparrow,4,0.000681581
heavens,4,0.000681581
Land,4,0.000681581
observations,4,0.000681581
monseigneur,4,0.000681581
magnate,4,0.000681581
imploringly,4,0.000681581
soothe,4,0.000681581
oven,4,0.000681581
consultations,4,0.000681581
consequent,4,0.000681581
h,4,0.000681581
questioningly,4,0.000681581
kisses,4,0.000681581
accomplish,4,0.000681581
engine,4,0.000681581
conquests,4,0.000681581
online,4,0.000681581
disposal,4,0.000681581
modestly,4,0.000681581
pairs,4,0.000681581
portmanteaus,4,0.000681581
travelers,4,0.000681581
progression,4,0.000681581
examines,4,0.000681581
Try,4,0.000681581
flash,4,0.000681581
XXX,4,0.000681581
shifted,4,0.000681581
regained,4,0.000681581
lied,4,0.000681581
foundation,4,0.000681581
prevents,4,0.000681581
anyway,4,0.000681581
banner,4,0.000681581
zealous,4,0.000681581
aching,4,0.000681581
vindictive,4,0.000681581
Gervais,4,0.000681581
Stol,4,0.000681581
bloodthirsty,4,0.000681581
squatted,4,0.000681581
Boulevard,4,0.000681581
beasts,4,0.000681581
disillusionment,4,0.000681581
sunlight,4,0.000681581
Lie,4,0.000681581
detested,4,0.000681581
scrutinized,4,0.000681581
1810,4,0.000681581
Whenever,4,0.000681581
scratching,4,0.000681581
fwiend,4,0.000681581
oo,4,0.000681581
nonobservance,4,0.000681581
queen,4,0.000681581
disintegration,4,0.000681581
sniffed,4,0.000681581
issues,4,0.000681581
arising,4,0.000681581
blended,4,0.000681581
Western,4,0.000681581
countless,4,0.000681581
buckled,4,0.000681581
warming,4,0.000681581
veins,4,0.000681581
frequented,4,0.000681581
XXIX,4,0.000681581
offend,4,0.000681581
accordingly,4,0.000681581
Assumption,4,0.000681581
chased,4,0.000681581
outcome,4,0.000681581
cleverness,4,0.000681581
cakes,4,0.000681581
sticky,4,0.000681581
irresolute,4,0.000681581
allusions,4,0.000681581
objects,4,0.000681581
hemmed,4,0.000681581
seventeen,4,0.000681581
soothing,4,0.000681581
restlessness,4,0.000681581
Freedom,4,0.000681581
flies,4,0.000681581
brightening,4,0.000681581
Newton,4,0.000681581
lain,4,0.000681581
XXXII,4,0.000681581
chip,4,0.000681581
complacently,4,0.000681581
stikov,4,0.000681581
Khv,4,0.000681581
subside,4,0.000681581
Warsaw,4,0.000681581
menka,4,0.000681581
background,4,0.000681581
Lay,4,0.000681581
suspicion,4,0.000681581
flask,4,0.000681581
eventually,4,0.000681581
dearly,4,0.000681581
laughingly,4,0.000681581
entreated,4,0.000681581
patronizing,4,0.000681581
exempt,4,0.000681581
ascribe,4,0.000681581
spirited,4,0.000681581
fantastic,4,0.000681581
symmetry,4,0.000681581
drunkenness,4,0.000681581
XXXI,4,0.000681581
heedless,4,0.000681581
vision,4,0.000681581
file,4,0.000681581
Hessian,4,0.000681581
etc,4,0.000681581
cheerfulness,4,0.000681581
unexecuted,4,0.000681581
permit,4,0.000681581
obeyed,4,0.000681581
ye,4,0.000681581
plates,4,0.000681581
cone,4,0.000681581
utterly,4,0.000681581
actor,4,0.000681581
Six,4,0.000681581
stated,4,0.000681581
suppers,4,0.000681581
languidly,4,0.000681581
conjunction,4,0.000681581
tour,4,0.000681581
prearranged,4,0.000681581
hardest,4,0.000681581
Blackguards,4,0.000681581
indistinctly,4,0.000681581
venerable,4,0.000681581
boundless,4,0.000681581
Godfreys,4,0.000681581
defeats,4,0.000681581
butt,4,0.000681581
discontented,4,0.000681581
furnished,4,0.000681581
thigh,4,0.000681581
entirety,4,0.000681581
imitating,4,0.000681581
petted,4,0.000681581
headache,4,0.000681581
grumbled,4,0.000681581
distract,4,0.000681581
3rd,4,0.000681581
Wasn,4,0.000681581
Moldavia,4,0.000681581
expended,4,0.000681581
faded,4,0.000681581
bridle,4,0.000681581
contemplation,4,0.000681581
dukes,4,0.000681581
princes,4,0.000681581
manure,4,0.000681581
fireworks,4,0.000681581
platoon,4,0.000681581
blockhead,4,0.000681581
Mais,4,0.000681581
deserves,4,0.000681581
securing,4,0.000681581
Police,4,0.000681581
baize,4,0.000681581
purely,4,0.000681581
tool,4,0.000681581
Taurida,4,0.000681581
Gardens,4,0.000681581
piles,4,0.000681581
befits,4,0.000681581
coincided,4,0.000681581
Fr,4,0.000681581
jests,4,0.000681581
curling,4,0.000681581
conceited,4,0.000681581
tuft,4,0.000681581
rent,4,0.000681581
bandage,4,0.000681581
pencil,4,0.000681581
disaster,4,0.000681581
amounted,4,0.000681581
seriousness,4,0.000681581
profile,4,0.000681581
preceded,4,0.000681581
august,4,0.000681581
album,4,0.000681581
Potsdam,4,0.000681581
fait,4,0.000681581
limitation,4,0.000681581
imposed,4,0.000681581
link,4,0.000681581
theology,4,0.000681581
ville,4,0.000681581
bruised,4,0.000681581
forthcoming,4,0.000681581
cabbage,4,0.000681581
corded,4,0.000681581
thanksgiving,4,0.000681581
Negro,4,0.000681581
plums,4,0.000681581
repressing,4,0.000681581
dominated,4,0.000681581
fortifications,4,0.000681581
halves,4,0.000681581
hound,4,0.000681581
Toulon,4,0.000681581
fees,4,0.000681581
volunteers,4,0.000681581
Listening,4,0.000681581
bonfires,4,0.000681581
incendiary,4,0.000681581
unlimbered,4,0.000681581
dazzled,4,0.000681581
benefactors,4,0.000681581
holder,4,0.000681581
gains,4,0.000681581
20,4,0.000681581
frosts,4,0.000681581
nbrunn,4,0.000681581
format,4,0.000681581
mined,4,0.000681581
imply,4,0.000681581
u,4,0.000681581
lui,4,0.000681581
rattling,4,0.000681581
Contrary,4,0.000681581
Ours,4,0.000681581
rudely,4,0.000681581
squeaking,4,0.000681581
arched,4,0.000681581
Louisa,4,0.000681581
Afraid,4,0.000681581
frightening,4,0.000681581
According,4,0.000681581
boomed,4,0.000681581
possibilities,4,0.000681581
tenfold,4,0.000681581
endeavor,4,0.000681581
scar,4,0.000681581
swarmed,4,0.000681581
surround,4,0.000681581
belly,4,0.000681581
risked,4,0.000681581
skins,4,0.000681581
bred,4,0.000681581
stealthily,4,0.000681581
wiser,4,0.000681581
benches,4,0.000681581
hunted,4,0.000681581
soaked,4,0.000681581
wailed,4,0.000681581
marks,4,0.000681581
Grunth,4,0.000681581
store,4,0.000681581
detected,4,0.000681581
bitten,4,0.000681581
armistice,4,0.000681581
sutler,4,0.000681581
patiently,4,0.000681581
decent,4,0.000681581
formidable,4,0.000681581
argue,4,0.000681581
ford,4,0.000681581
brandy,4,0.000681581
sacks,4,0.000681581
denser,4,0.000681581
din,4,0.000681581
floundering,4,0.000681581
Second,4,0.000681581
chicken,4,0.000681581
raw,4,0.000681581
rych,4,0.000681581
Back,4,0.000681581
deftly,4,0.000681581
housekeeper,4,0.000681581
ragged,4,0.000681581
folding,4,0.000681581
Passing,4,0.000681581
website,4,0.000681581
dorov,4,0.000681581
reigned,4,0.000681581
moods,4,0.000681581
dividing,4,0.000681581
ducked,4,0.000681581
spots,4,0.000681581
Copernicus,4,0.000681581
elated,4,0.000681581
mare,4,0.000681581
inconvenient,4,0.000681581
disengaged,4,0.000681581
reconciliation,4,0.000681581
repulsive,4,0.000681581
adorer,4,0.000681581
rod,4,0.000681581
Nizheg,4,0.000681581
unpleasantness,4,0.000681581
stepmother,4,0.000681581
scarlet,4,0.000681581
cord,4,0.000681581
sans,4,0.000681581
nape,4,0.000681581
likeness,4,0.000681581
Arab,4,0.000681581
hack,4,0.000681581
amazing,4,0.000681581
fortunately,4,0.000681581
preservation,4,0.000681581
diffused,4,0.000681581
fingered,4,0.000681581
exemplary,4,0.000681581
perfume,4,0.000681581
intangible,4,0.000681581
unawares,4,0.000681581
Things,4,0.000681581
cardboard,4,0.000681581
imposing,4,0.000681581
XXXIII,4,0.000681581
XXXIV,4,0.000681581
betrothal,4,0.000681581
skirmishers,4,0.000681581
inaccessible,4,0.000681581
incidents,4,0.000681581
outskirts,4,0.000681581
entrenched,4,0.000681581
chatted,4,0.000681581
ordering,4,0.000681581
streaming,4,0.000681581
groaning,4,0.000681581
courtesy,4,0.000681581
inverse,4,0.000681581
disdain,4,0.000681581
heightened,4,0.000681581
malady,4,0.000681581
repressed,4,0.000681581
interfering,4,0.000681581
Franz,4,0.000681581
EPILOGUE,4,0.000681581
Below,4,0.000681581
borrowed,4,0.000681581
compliance,4,0.000681581
residents,4,0.000681581
trousseau,4,0.000681581
thousandth,4,0.000681581
blunder,4,0.000681581
sealed,4,0.000681581
limbers,4,0.000681581
epaulets,4,0.000681581
rim,4,0.000681581
Glad,4,0.000681581
semicircle,4,0.000681581
cruelly,4,0.000681581
faraway,4,0.000681581
skirted,4,0.000681581
invitations,4,0.000681581
editions,4,0.000681581
sell,4,0.000681581
indulgence,4,0.000681581
complaints,4,0.000681581
uses,4,0.000681581
Pope,4,0.000681581
Turning,4,0.000681581
seizure,4,0.000681581
Lopukh,4,0.000681581
certainty,4,0.000681581
roans,4,0.000681581
humming,4,0.000681581
Left,4,0.000681581
warriors,4,0.000681581
intend,4,0.000681581
strip,4,0.000681581
decidedly,4,0.000681581
squeaked,4,0.000681581
sway,4,0.000681581
sergeants,4,0.000681581
unoccupied,4,0.000681581
insist,4,0.000681581
perfecting,4,0.000681581
sait,4,0.000681581
monkey,4,0.000681581
humble,4,0.000681581
governing,4,0.000681581
irrefutable,4,0.000681581
wisest,4,0.000681581
twelfth,4,0.000681581
unshakable,4,0.000681581
rejoiced,4,0.000681581
massive,4,0.000681581
crafty,4,0.000681581
East,4,0.000681581
absurdity,4,0.000681581
Know,4,0.000681581
covers,4,0.000681581
genuine,4,0.000681581
awry,4,0.000681581
adherents,4,0.000681581
siege,4,0.000681581
revolution,4,0.000681581
w,4,0.000681581
hawkers,4,0.000681581
migr,4,0.000681581
achieve,4,0.000681581
unaccustomed,4,0.000681581
dimple,4,0.000681581
prized,4,0.000681581
z,4,0.000681581
calculation,4,0.000681581
decently,4,0.000681581
bova,4,0.000681581
Code,4,0.000681581
slackening,4,0.000681581
sa,4,0.000681581
pole,4,0.000681581
codes,4,0.000681581
dumb,4,0.000681581
meal,4,0.000681581
remounts,4,0.000681581
stove,4,0.000681581
nskis,4,0.000681581
Frederick,4,0.000681581
reread,4,0.000681581
heel,4,0.000681581
limitations,4,0.000681581
cette,4,0.000681581
vlovich,4,0.000681581
angered,4,0.000681581
Goliath,4,0.000681581
gleeful,4,0.000681581
specialist,4,0.000681581
thence,4,0.000681581
strive,4,0.000681581
Salt,4,0.000681581
exploit,4,0.000681581
intonations,4,0.000681581
reasonableness,4,0.000681581
profundity,4,0.000681581
Gone,4,0.000681581
failures,4,0.000681581
Morio,4,0.000681581
scratched,4,0.000681581
x,4,0.000681581
Too,4,0.000681581
solicitude,4,0.000681581
Use,4,0.000681581
strap,4,0.000681581
disfavor,4,0.000681581
hath,4,0.000681581
revolutions,4,0.000681581
agriculture,4,0.000681581
components,4,0.000681581
fences,4,0.000681581
inspected,4,0.000681581
blunders,4,0.000681581
manhood,4,0.000681581
noting,4,0.000681581
Apocalypse,4,0.000681581
gifted,4,0.000681581
philosophic,4,0.000681581
bond,4,0.000681581
ruling,4,0.000681581
nursed,4,0.000681581
pills,4,0.000681581
wasting,4,0.000681581
medical,4,0.000681581
criticized,4,0.000681581
mischievous,4,0.000681581
assistants,4,0.000681581
provoked,4,0.000681581
threaten,4,0.000681581
conditionally,4,0.000681581
sidelong,4,0.000681581
barring,4,0.000681581
trend,4,0.000681581
chattering,4,0.000681581
Nearly,4,0.000681581
decree,4,0.000681581
breathlessly,4,0.000681581
delegated,4,0.000681581
allotted,4,0.000681581
development,4,0.000681581
blaming,4,0.000681581
reads,4,0.000681581
fearful,4,0.000681581
akimbo,4,0.000681581
spies,4,0.000681581
overcame,4,0.000681581
coherence,4,0.000681581
unwritten,4,0.000681581
laden,4,0.000681581
wits,4,0.000681581
Along,4,0.000681581
fluttered,4,0.000681581
calculations,4,0.000681581
immeasurable,4,0.000681581
encamped,4,0.000681581
trip,4,0.000681581
reviews,4,0.000681581
medicines,4,0.000681581
intimately,4,0.000681581
Swedish,4,0.000681581
goose,4,0.000681581
mode,4,0.000681581
finest,3,0.000511186
eyelids,3,0.000511186
crackled,3,0.000511186
smelt,3,0.000511186
acutely,3,0.000511186
refraining,3,0.000511186
radiated,3,0.000511186
Department,3,0.000511186
plaits,3,0.000511186
tightly,3,0.000511186
carelessness,3,0.000511186
smash,3,0.000511186
spheres,3,0.000511186
sullen,3,0.000511186
shield,3,0.000511186
distractions,3,0.000511186
humbug,3,0.000511186
stammered,3,0.000511186
Me,3,0.000511186
stations,3,0.000511186
adroitness,3,0.000511186
laughingstock,3,0.000511186
cleverer,3,0.000511186
incredulously,3,0.000511186
stony,3,0.000511186
shading,3,0.000511186
jested,3,0.000511186
endeavors,3,0.000511186
languid,3,0.000511186
hither,3,0.000511186
Heavens,3,0.000511186
engagements,3,0.000511186
withdrawal,3,0.000511186
infantryman,3,0.000511186
Shut,3,0.000511186
artificiality,3,0.000511186
babies,3,0.000511186
petitioners,3,0.000511186
talkative,3,0.000511186
hammering,3,0.000511186
pound,3,0.000511186
veneration,3,0.000511186
emerge,3,0.000511186
resemblance,3,0.000511186
puppet,3,0.000511186
tenor,3,0.000511186
influential,3,0.000511186
indolently,3,0.000511186
adjacent,3,0.000511186
Frenchy,3,0.000511186
charmant,3,0.000511186
crowed,3,0.000511186
assent,3,0.000511186
staid,3,0.000511186
stating,3,0.000511186
wrenched,3,0.000511186
Funke,3,0.000511186
pursing,3,0.000511186
shades,3,0.000511186
university,3,0.000511186
travail,3,0.000511186
baron,3,0.000511186
Beklesh,3,0.000511186
crash,3,0.000511186
emitting,3,0.000511186
ceremonial,3,0.000511186
uncalled,3,0.000511186
ka,3,0.000511186
vishna,3,0.000511186
mustered,3,0.000511186
wig,3,0.000511186
pricked,3,0.000511186
wipe,3,0.000511186
disapproved,3,0.000511186
advocates,3,0.000511186
plainer,3,0.000511186
Kostrom,3,0.000511186
broom,3,0.000511186
13,3,0.000511186
maintenance,3,0.000511186
conquest,3,0.000511186
racing,3,0.000511186
Ever,3,0.000511186
mouthed,3,0.000511186
Bonapartist,3,0.000511186
sonorous,3,0.000511186
WAR,3,0.000511186
trigger,3,0.000511186
survey,3,0.000511186
portraits,3,0.000511186
measuring,3,0.000511186
toast,3,0.000511186
bugler,3,0.000511186
barriers,3,0.000511186
testing,3,0.000511186
rake,3,0.000511186
detect,3,0.000511186
Lead,3,0.000511186
restrictions,3,0.000511186
troublesome,3,0.000511186
eats,3,0.000511186
attaching,3,0.000511186
scratch,3,0.000511186
deceiving,3,0.000511186
swarming,3,0.000511186
Officer,3,0.000511186
liveried,3,0.000511186
clenched,3,0.000511186
attach,3,0.000511186
hilt,3,0.000511186
actresses,3,0.000511186
Pale,3,0.000511186
fo,3,0.000511186
epaulettes,3,0.000511186
offending,3,0.000511186
Abb,3,0.000511186
malevolence,3,0.000511186
thirtieth,3,0.000511186
aristocratic,3,0.000511186
trophies,3,0.000511186
bounds,3,0.000511186
slur,3,0.000511186
Blood,3,0.000511186
aghast,3,0.000511186
fran,3,0.000511186
languor,3,0.000511186
calmed,3,0.000511186
mantilla,3,0.000511186
diable,3,0.000511186
indissoluble,3,0.000511186
immeasurably,3,0.000511186
medals,3,0.000511186
deprives,3,0.000511186
Throughout,3,0.000511186
trepidation,3,0.000511186
hooked,3,0.000511186
Trying,3,0.000511186
erroneous,3,0.000511186
15,3,0.000511186
climate,3,0.000511186
Mimi,3,0.000511186
resources,3,0.000511186
jaunty,3,0.000511186
Close,3,0.000511186
annihilate,3,0.000511186
bloody,3,0.000511186
manager,3,0.000511186
bump,3,0.000511186
resembles,3,0.000511186
variation,3,0.000511186
tidy,3,0.000511186
shooting,3,0.000511186
alternate,3,0.000511186
narrator,3,0.000511186
swerved,3,0.000511186
Friend,3,0.000511186
distinctness,3,0.000511186
weighty,3,0.000511186
enjoys,3,0.000511186
encountering,3,0.000511186
flapping,3,0.000511186
personification,3,0.000511186
woolen,3,0.000511186
threat,3,0.000511186
Aide,3,0.000511186
thread,3,0.000511186
screw,3,0.000511186
pancake,3,0.000511186
citizenship,3,0.000511186
gist,3,0.000511186
pregnancy,3,0.000511186
Turn,3,0.000511186
thrashing,3,0.000511186
squirrel,3,0.000511186
Fetch,3,0.000511186
steal,3,0.000511186
prey,3,0.000511186
regicide,3,0.000511186
repellent,3,0.000511186
Contrat,3,0.000511186
encampment,3,0.000511186
Social,3,0.000511186
sonata,3,0.000511186
whim,3,0.000511186
frigid,3,0.000511186
recounting,3,0.000511186
sounding,3,0.000511186
alight,3,0.000511186
whining,3,0.000511186
unload,3,0.000511186
sutlers,3,0.000511186
beats,3,0.000511186
si,3,0.000511186
rob,3,0.000511186
tempting,3,0.000511186
puts,3,0.000511186
resistance,3,0.000511186
pa,3,0.000511186
consistent,3,0.000511186
strenuous,3,0.000511186
reviendra,3,0.000511186
scolding,3,0.000511186
rigged,3,0.000511186
adore,3,0.000511186
fera,3,0.000511186
Capital,3,0.000511186
sinister,3,0.000511186
awards,3,0.000511186
askance,3,0.000511186
indicates,3,0.000511186
expeditions,3,0.000511186
rebuke,3,0.000511186
incited,3,0.000511186
Calm,3,0.000511186
quand,3,0.000511186
condescend,3,0.000511186
PEACE,3,0.000511186
invariable,3,0.000511186
hem,3,0.000511186
forestall,3,0.000511186
postilion,3,0.000511186
jocular,3,0.000511186
omit,3,0.000511186
regretfully,3,0.000511186
blasphemous,3,0.000511186
exposure,3,0.000511186
theatricals,3,0.000511186
stormy,3,0.000511186
ungainly,3,0.000511186
lids,3,0.000511186
soften,3,0.000511186
walks,3,0.000511186
cornered,3,0.000511186
popped,3,0.000511186
dandies,3,0.000511186
vanquish,3,0.000511186
attributes,3,0.000511186
stationary,3,0.000511186
gleefully,3,0.000511186
baritone,3,0.000511186
ruse,3,0.000511186
swagger,3,0.000511186
NAPOLEON,3,0.000511186
rudeness,3,0.000511186
associations,3,0.000511186
Bohemian,3,0.000511186
bowl,3,0.000511186
frenzy,3,0.000511186
sample,3,0.000511186
boiler,3,0.000511186
orator,3,0.000511186
winced,3,0.000511186
shelters,3,0.000511186
operation,3,0.000511186
instantaneously,3,0.000511186
Arcola,3,0.000511186
profession,3,0.000511186
spasmodically,3,0.000511186
apprehension,3,0.000511186
recommendation,3,0.000511186
poisoned,3,0.000511186
guardsman,3,0.000511186
Later,3,0.000511186
womanly,3,0.000511186
Caesar,3,0.000511186
pierced,3,0.000511186
complacency,3,0.000511186
spluttered,3,0.000511186
connecting,3,0.000511186
chessmen,3,0.000511186
simultaneous,3,0.000511186
plague,3,0.000511186
enjoyable,3,0.000511186
tidings,3,0.000511186
Genoa,3,0.000511186
comedy,3,0.000511186
humiliated,3,0.000511186
coronation,3,0.000511186
atom,3,0.000511186
riches,3,0.000511186
lounge,3,0.000511186
R,3,0.000511186
amorous,3,0.000511186
exquisite,3,0.000511186
campaigning,3,0.000511186
multitude,3,0.000511186
herb,3,0.000511186
conventional,3,0.000511186
menace,3,0.000511186
furlough,3,0.000511186
reaping,3,0.000511186
reasoned,3,0.000511186
tension,3,0.000511186
confusing,3,0.000511186
ambassadors,3,0.000511186
aches,3,0.000511186
awed,3,0.000511186
lsk,3,0.000511186
Finally,3,0.000511186
marriageable,3,0.000511186
j,3,0.000511186
retorted,3,0.000511186
Philip,3,0.000511186
surgeon,3,0.000511186
admits,3,0.000511186
Ho,3,0.000511186
spell,3,0.000511186
inflamed,3,0.000511186
feature,3,0.000511186
brigade,3,0.000511186
13th,3,0.000511186
formality,3,0.000511186
fragrant,3,0.000511186
briskness,3,0.000511186
bigwigs,3,0.000511186
font,3,0.000511186
floated,3,0.000511186
skirmishing,3,0.000511186
rrenstein,3,0.000511186
releasing,3,0.000511186
Allies,3,0.000511186
clenching,3,0.000511186
immobility,3,0.000511186
tricks,3,0.000511186
pillaged,3,0.000511186
Impossible,3,0.000511186
savior,3,0.000511186
agile,3,0.000511186
caustic,3,0.000511186
Drawing,3,0.000511186
revelation,3,0.000511186
weighs,3,0.000511186
Spirit,3,0.000511186
faithfully,3,0.000511186
scarves,3,0.000511186
disquieting,3,0.000511186
chords,3,0.000511186
forsaken,3,0.000511186
extinguished,3,0.000511186
Pod,3,0.000511186
aristocracy,3,0.000511186
quoting,3,0.000511186
unobserved,3,0.000511186
speedy,3,0.000511186
appreciation,3,0.000511186
approaches,3,0.000511186
ONE,3,0.000511186
ranged,3,0.000511186
Marry,3,0.000511186
dishonored,3,0.000511186
resonance,3,0.000511186
swelled,3,0.000511186
crawled,3,0.000511186
Excellent,3,0.000511186
knight,3,0.000511186
conferring,3,0.000511186
dwelling,3,0.000511186
comme,3,0.000511186
excite,3,0.000511186
crowing,3,0.000511186
criticize,3,0.000511186
weal,3,0.000511186
delightedly,3,0.000511186
mysteries,3,0.000511186
clanking,3,0.000511186
perpetrated,3,0.000511186
concentrate,3,0.000511186
casket,3,0.000511186
Constantine,3,0.000511186
Eternal,3,0.000511186
staked,3,0.000511186
portmanteau,3,0.000511186
commendation,3,0.000511186
Thabor,3,0.000511186
vividness,3,0.000511186
illumined,3,0.000511186
messieurs,3,0.000511186
conform,3,0.000511186
doubly,3,0.000511186
exceeded,3,0.000511186
groomed,3,0.000511186
reddening,3,0.000511186
Brook,3,0.000511186
goodhearted,3,0.000511186
Splendid,3,0.000511186
guise,3,0.000511186
redder,3,0.000511186
barely,3,0.000511186
perceived,3,0.000511186
shaken,3,0.000511186
flood,3,0.000511186
Higher,3,0.000511186
gasped,3,0.000511186
ices,3,0.000511186
munition,3,0.000511186
pudding,3,0.000511186
cowshed,3,0.000511186
cottage,3,0.000511186
engage,3,0.000511186
cogwheels,3,0.000511186
fret,3,0.000511186
bivouacs,3,0.000511186
unarmed,3,0.000511186
circumstance,3,0.000511186
charity,3,0.000511186
dispirited,3,0.000511186
trailing,3,0.000511186
emphatic,3,0.000511186
arching,3,0.000511186
circulated,3,0.000511186
discernible,3,0.000511186
demonstrate,3,0.000511186
descried,3,0.000511186
forgiving,3,0.000511186
swallowed,3,0.000511186
maroon,3,0.000511186
yawning,3,0.000511186
affecting,3,0.000511186
Happy,3,0.000511186
strayed,3,0.000511186
straps,3,0.000511186
nko,3,0.000511186
jerk,3,0.000511186
strengthening,3,0.000511186
cousins,3,0.000511186
chanting,3,0.000511186
stuffy,3,0.000511186
wearisome,3,0.000511186
drooped,3,0.000511186
stupidest,3,0.000511186
crumpling,3,0.000511186
vgorod,3,0.000511186
worded,3,0.000511186
dans,3,0.000511186
notre,3,0.000511186
majesty,3,0.000511186
shoe,3,0.000511186
armpits,3,0.000511186
opportune,3,0.000511186
cheekbones,3,0.000511186
witted,3,0.000511186
indisposition,3,0.000511186
Seven,3,0.000511186
imperturbable,3,0.000511186
growled,3,0.000511186
physician,3,0.000511186
derision,3,0.000511186
prelude,3,0.000511186
avert,3,0.000511186
bedding,3,0.000511186
fearless,3,0.000511186
hasn,3,0.000511186
acres,3,0.000511186
sinner,3,0.000511186
twos,3,0.000511186
shaping,3,0.000511186
distressing,3,0.000511186
Health,3,0.000511186
remnant,3,0.000511186
fortress,3,0.000511186
surveying,3,0.000511186
oldest,3,0.000511186
inspires,3,0.000511186
appalled,3,0.000511186
Hullo,3,0.000511186
flaming,3,0.000511186
dwelt,3,0.000511186
thumping,3,0.000511186
workbag,3,0.000511186
create,3,0.000511186
tangled,3,0.000511186
externally,3,0.000511186
snatches,3,0.000511186
dwink,3,0.000511186
alliances,3,0.000511186
strongest,3,0.000511186
Ugh,3,0.000511186
clinking,3,0.000511186
straggling,3,0.000511186
intoxication,3,0.000511186
youths,3,0.000511186
eighteenth,3,0.000511186
overhear,3,0.000511186
engraved,3,0.000511186
plucked,3,0.000511186
blushes,3,0.000511186
Madeira,3,0.000511186
mysteriously,3,0.000511186
groundless,3,0.000511186
omitting,3,0.000511186
goot,3,0.000511186
rectify,3,0.000511186
intriguing,3,0.000511186
quartermasters,3,0.000511186
deceit,3,0.000511186
meanness,3,0.000511186
unwilling,3,0.000511186
Louise,3,0.000511186
glade,3,0.000511186
Tversk,3,0.000511186
cooked,3,0.000511186
statue,3,0.000511186
lap,3,0.000511186
defects,3,0.000511186
expand,3,0.000511186
naming,3,0.000511186
Kobelnitz,3,0.000511186
kindle,3,0.000511186
seating,3,0.000511186
mistaking,3,0.000511186
flinging,3,0.000511186
bower,3,0.000511186
pickets,3,0.000511186
player,3,0.000511186
cupboards,3,0.000511186
consoled,3,0.000511186
spontaneously,3,0.000511186
pricking,3,0.000511186
reprimanded,3,0.000511186
admission,3,0.000511186
spilled,3,0.000511186
faintly,3,0.000511186
scarred,3,0.000511186
valid,3,0.000511186
drone,3,0.000511186
Ismail,3,0.000511186
nudged,3,0.000511186
geography,3,0.000511186
complaint,3,0.000511186
clattering,3,0.000511186
saluted,3,0.000511186
bordered,3,0.000511186
stubbornly,3,0.000511186
hothouse,3,0.000511186
foi,3,0.000511186
genial,3,0.000511186
inlaid,3,0.000511186
extra,3,0.000511186
Last,3,0.000511186
housemaid,3,0.000511186
emotional,3,0.000511186
foggy,3,0.000511186
sensibly,3,0.000511186
rite,3,0.000511186
unsuccessful,3,0.000511186
eaters,3,0.000511186
characteristically,3,0.000511186
equipped,3,0.000511186
neglected,3,0.000511186
stingy,3,0.000511186
mildly,3,0.000511186
advising,3,0.000511186
Herr,3,0.000511186
orb,3,0.000511186
float,3,0.000511186
Except,3,0.000511186
indolence,3,0.000511186
joked,3,0.000511186
exercising,3,0.000511186
murderer,3,0.000511186
steppe,3,0.000511186
tapped,3,0.000511186
anglaise,3,0.000511186
violin,3,0.000511186
aglow,3,0.000511186
avenge,3,0.000511186
ballet,3,0.000511186
replacing,3,0.000511186
Assuming,3,0.000511186
Maria,3,0.000511186
Theresa,3,0.000511186
minority,3,0.000511186
podgy,3,0.000511186
combed,3,0.000511186
grizzled,3,0.000511186
majestically,3,0.000511186
cordiality,3,0.000511186
unkind,3,0.000511186
escorted,3,0.000511186
Enough,3,0.000511186
Viennese,3,0.000511186
magnificent,3,0.000511186
starts,3,0.000511186
pranced,3,0.000511186
Outside,3,0.000511186
confirming,3,0.000511186
sailor,3,0.000511186
dictated,3,0.000511186
grounds,3,0.000511186
chairman,3,0.000511186
inexhaustible,3,0.000511186
toilets,3,0.000511186
abyss,3,0.000511186
confiding,3,0.000511186
maidservants,3,0.000511186
cooks,3,0.000511186
arch,3,0.000511186
gleaming,3,0.000511186
muddle,3,0.000511186
discharge,3,0.000511186
Sitting,3,0.000511186
cushions,3,0.000511186
carpeted,3,0.000511186
schoolroom,3,0.000511186
maybe,3,0.000511186
excused,3,0.000511186
undertook,3,0.000511186
foam,3,0.000511186
reddened,3,0.000511186
selfish,3,0.000511186
develop,3,0.000511186
deafened,3,0.000511186
prank,3,0.000511186
roadside,3,0.000511186
trotter,3,0.000511186
bravery,3,0.000511186
training,3,0.000511186
em,3,0.000511186
courteously,3,0.000511186
penny,3,0.000511186
amiability,3,0.000511186
st,3,0.000511186
enthusiastically,3,0.000511186
hopelessly,3,0.000511186
confinement,3,0.000511186
ham,3,0.000511186
whirling,3,0.000511186
Together,3,0.000511186
grouped,3,0.000511186
refreshment,3,0.000511186
kinsman,3,0.000511186
inflammable,3,0.000511186
unharnessed,3,0.000511186
gasping,3,0.000511186
Darling,3,0.000511186
Matthew,3,0.000511186
springing,3,0.000511186
priceless,3,0.000511186
unconcern,3,0.000511186
rails,3,0.000511186
diminishing,3,0.000511186
drunkard,3,0.000511186
shaving,3,0.000511186
Thousands,3,0.000511186
quill,3,0.000511186
husky,3,0.000511186
blanket,3,0.000511186
crew,3,0.000511186
exiled,3,0.000511186
railings,3,0.000511186
cheat,3,0.000511186
swallowing,3,0.000511186
stimulating,3,0.000511186
loading,3,0.000511186
exactitude,3,0.000511186
invariably,3,0.000511186
promising,3,0.000511186
exacting,3,0.000511186
sixteenth,3,0.000511186
whites,3,0.000511186
decides,3,0.000511186
safely,3,0.000511186
censured,3,0.000511186
Himself,3,0.000511186
bless,3,0.000511186
mischief,3,0.000511186
revenge,3,0.000511186
Especially,3,0.000511186
hail,3,0.000511186
crupper,3,0.000511186
readjusted,3,0.000511186
diamond,3,0.000511186
snorting,3,0.000511186
necklace,3,0.000511186
Adam,3,0.000511186
animosity,3,0.000511186
intensity,3,0.000511186
obedient,3,0.000511186
playfully,3,0.000511186
Hussars,3,0.000511186
ami,3,0.000511186
breeze,3,0.000511186
prompt,3,0.000511186
comb,3,0.000511186
entr,3,0.000511186
roses,3,0.000511186
Gallop,3,0.000511186
flock,3,0.000511186
bestowed,3,0.000511186
hillock,3,0.000511186
cow,3,0.000511186
beef,3,0.000511186
warmer,3,0.000511186
pen,3,0.000511186
diminish,3,0.000511186
restive,3,0.000511186
shoving,3,0.000511186
tossing,3,0.000511186
tub,3,0.000511186
inaudibly,3,0.000511186
daredevil,3,0.000511186
mov,3,0.000511186
cuffs,3,0.000511186
shapely,3,0.000511186
plants,3,0.000511186
Ekon,3,0.000511186
distinguishing,3,0.000511186
coquetry,3,0.000511186
mate,3,0.000511186
muscles,3,0.000511186
Gently,3,0.000511186
silvery,3,0.000511186
liar,3,0.000511186
mova,3,0.000511186
Akhros,3,0.000511186
watering,3,0.000511186
disapproving,3,0.000511186
damaged,3,0.000511186
untruth,3,0.000511186
landed,3,0.000511186
justly,3,0.000511186
dawdling,3,0.000511186
Plain,3,0.000511186
snap,3,0.000511186
deferential,3,0.000511186
summons,3,0.000511186
thieves,3,0.000511186
gnawing,3,0.000511186
saut,3,0.000511186
dimmed,3,0.000511186
prize,3,0.000511186
spectacled,3,0.000511186
alternately,3,0.000511186
countrymen,3,0.000511186
impetuosity,3,0.000511186
slippery,3,0.000511186
monosyllables,3,0.000511186
dinnertime,3,0.000511186
oeuvres,3,0.000511186
hurting,3,0.000511186
disarmed,3,0.000511186
fleshy,3,0.000511186
canopy,3,0.000511186
Better,3,0.000511186
ache,3,0.000511186
sorrowfully,3,0.000511186
wartime,3,0.000511186
waiter,3,0.000511186
inhaling,3,0.000511186
ruffle,3,0.000511186
overpowered,3,0.000511186
Foot,3,0.000511186
peaked,3,0.000511186
revived,3,0.000511186
ration,3,0.000511186
electric,3,0.000511186
distrust,3,0.000511186
spark,3,0.000511186
inhaled,3,0.000511186
Dam,3,0.000511186
load,3,0.000511186
thirds,3,0.000511186
loneliness,3,0.000511186
Larrey,3,0.000511186
hummed,3,0.000511186
sewn,3,0.000511186
outright,3,0.000511186
permits,3,0.000511186
hissed,3,0.000511186
reproaching,3,0.000511186
unabashed,3,0.000511186
careworn,3,0.000511186
pattern,3,0.000511186
proceed,3,0.000511186
transmitted,3,0.000511186
prone,3,0.000511186
differed,3,0.000511186
grip,3,0.000511186
favorably,3,0.000511186
cabman,3,0.000511186
tying,3,0.000511186
riotous,3,0.000511186
relieve,3,0.000511186
gingerbread,3,0.000511186
oftener,3,0.000511186
conflagrations,3,0.000511186
uninjured,3,0.000511186
fold,3,0.000511186
nunnery,3,0.000511186
shedding,3,0.000511186
lonely,3,0.000511186
tomowwow,3,0.000511186
sympathetic,3,0.000511186
squeeze,3,0.000511186
Chinese,3,0.000511186
altering,3,0.000511186
Got,3,0.000511186
rainy,3,0.000511186
unconsciousness,3,0.000511186
commiseration,3,0.000511186
guarding,3,0.000511186
stiffened,3,0.000511186
brilliantly,3,0.000511186
rumble,3,0.000511186
mastering,3,0.000511186
Down,3,0.000511186
handwriting,3,0.000511186
bonfire,3,0.000511186
hearty,3,0.000511186
pronounce,3,0.000511186
park,3,0.000511186
bestow,3,0.000511186
meddle,3,0.000511186
resuming,3,0.000511186
melt,3,0.000511186
futile,3,0.000511186
unimportance,3,0.000511186
liveliness,3,0.000511186
snout,3,0.000511186
tumblers,3,0.000511186
Bucharest,3,0.000511186
Bravo,3,0.000511186
pens,3,0.000511186
threats,3,0.000511186
oaths,3,0.000511186
department,3,0.000511186
crackle,3,0.000511186
lastly,3,0.000511186
theorist,3,0.000511186
naughty,3,0.000511186
tendencies,3,0.000511186
immutable,3,0.000511186
madman,3,0.000511186
pseudo,3,0.000511186
representatives,3,0.000511186
Torm,3,0.000511186
peremptorily,3,0.000511186
gowns,3,0.000511186
amputated,3,0.000511186
Eau,3,0.000511186
Cologne,3,0.000511186
Judging,3,0.000511186
Oder,3,0.000511186
errors,3,0.000511186
devout,3,0.000511186
pounds,3,0.000511186
exalt,3,0.000511186
compassionately,3,0.000511186
panes,3,0.000511186
compromise,3,0.000511186
ur,3,0.000511186
demean,3,0.000511186
rovna,3,0.000511186
marauding,3,0.000511186
demonstrating,3,0.000511186
robust,3,0.000511186
restlessly,3,0.000511186
reformers,3,0.000511186
imagines,3,0.000511186
1789,3,0.000511186
Al,3,0.000511186
rotten,3,0.000511186
sprouting,3,0.000511186
sided,3,0.000511186
deviations,3,0.000511186
eloquently,3,0.000511186
caldrons,3,0.000511186
inexplicable,3,0.000511186
extricate,3,0.000511186
mistresses,3,0.000511186
cellars,3,0.000511186
beggars,3,0.000511186
transports,3,0.000511186
baked,3,0.000511186
furiously,3,0.000511186
capitally,3,0.000511186
consecutive,3,0.000511186
vibrating,3,0.000511186
defensive,3,0.000511186
conflicting,3,0.000511186
Board,3,0.000511186
embers,3,0.000511186
journalists,3,0.000511186
falsity,3,0.000511186
mended,3,0.000511186
swarm,3,0.000511186
drones,3,0.000511186
conditional,3,0.000511186
tactical,3,0.000511186
ensure,3,0.000511186
inches,3,0.000511186
Modern,3,0.000511186
solicit,3,0.000511186
firs,3,0.000511186
gnarled,3,0.000511186
oaks,3,0.000511186
assumes,3,0.000511186
cherry,3,0.000511186
visibly,3,0.000511186
floors,3,0.000511186
volition,3,0.000511186
Uhlan,3,0.000511186
singsong,3,0.000511186
expenditure,3,0.000511186
Dresden,3,0.000511186
compulsory,3,0.000511186
keenly,3,0.000511186
botanist,3,0.000511186
guardhouse,3,0.000511186
incendiaries,3,0.000511186
Alexandre,3,0.000511186
guardian,3,0.000511186
rski,3,0.000511186
vigorously,3,0.000511186
descriptions,3,0.000511186
reminding,3,0.000511186
dismayed,3,0.000511186
velocity,3,0.000511186
instinctive,3,0.000511186
Millions,3,0.000511186
conscription,3,0.000511186
birthday,3,0.000511186
Continental,3,0.000511186
System,3,0.000511186
Consequently,3,0.000511186
desiring,3,0.000511186
Metternich,3,0.000511186
Helena,3,0.000511186
employment,3,0.000511186
research,3,0.000511186
inflicted,3,0.000511186
dewy,3,0.000511186
tethered,3,0.000511186
stretches,3,0.000511186
monograms,3,0.000511186
tested,3,0.000511186
include,3,0.000511186
Italians,3,0.000511186
semidarkness,3,0.000511186
intoxicated,3,0.000511186
stubborn,3,0.000511186
auditor,3,0.000511186
incumbent,3,0.000511186
Royalty,3,0.000511186
originator,3,0.000511186
barrel,3,0.000511186
persistent,3,0.000511186
wick,3,0.000511186
fitting,3,0.000511186
cockroaches,3,0.000511186
marauder,3,0.000511186
rewarded,3,0.000511186
ceaseless,3,0.000511186
rascals,3,0.000511186
gion,3,0.000511186
Vivat,3,0.000511186
braces,3,0.000511186
telescope,3,0.000511186
brute,3,0.000511186
Legion,3,0.000511186
Awfully,3,0.000511186
intercede,3,0.000511186
expenses,3,0.000511186
indignation,3,0.000511186
enliven,3,0.000511186
Shishk,3,0.000511186
Saltyk,3,0.000511186
Dans,3,0.000511186
swim,3,0.000511186
residence,3,0.000511186
Bwing,3,0.000511186
manuscripts,3,0.000511186
chantry,3,0.000511186
bwing,3,0.000511186
benefits,3,0.000511186
kindliness,3,0.000511186
Streets,3,0.000511186
jolly,3,0.000511186
liberation,3,0.000511186
decreases,3,0.000511186
orators,3,0.000511186
Ef,3,0.000511186
sash,3,0.000511186
phaeton,3,0.000511186
furnish,3,0.000511186
liberate,3,0.000511186
aptitude,3,0.000511186
erection,3,0.000511186
Cathedral,3,0.000511186
paths,3,0.000511186
chanter,3,0.000511186
temporary,3,0.000511186
kvass,3,0.000511186
solid,3,0.000511186
monuments,3,0.000511186
Tsars,3,0.000511186
manorial,3,0.000511186
stables,3,0.000511186
drenched,3,0.000511186
notables,3,0.000511186
parapet,3,0.000511186
toothless,3,0.000511186
sale,3,0.000511186
cupolas,3,0.000511186
evoking,3,0.000511186
obstacles,3,0.000511186
celebrate,3,0.000511186
sweat,3,0.000511186
zoology,3,0.000511186
proposes,3,0.000511186
candlestick,3,0.000511186
impassable,3,0.000511186
presentation,3,0.000511186
crop,3,0.000511186
dealer,3,0.000511186
factories,3,0.000511186
Folks,3,0.000511186
sore,3,0.000511186
Dorogob,3,0.000511186
crops,3,0.000511186
blending,3,0.000511186
Hospital,3,0.000511186
garrison,3,0.000511186
shopman,3,0.000511186
fetching,3,0.000511186
punishes,3,0.000511186
rebuilding,3,0.000511186
harvests,3,0.000511186
statements,3,0.000511186
fonder,3,0.000511186
luring,3,0.000511186
chiffonier,3,0.000511186
necessarily,3,0.000511186
withdrawing,3,0.000511186
comparative,3,0.000511186
Satisfied,3,0.000511186
asylums,3,0.000511186
unloaded,3,0.000511186
taverns,3,0.000511186
bronzes,3,0.000511186
warning,3,0.000511186
bureau,3,0.000511186
perspired,3,0.000511186
unsatisfactory,3,0.000511186
caution,3,0.000511186
blunt,3,0.000511186
ai,3,0.000511186
parole,3,0.000511186
catacombs,3,0.000511186
lunatics,3,0.000511186
Koly,3,0.000511186
powders,3,0.000511186
forbade,3,0.000511186
Minnesingers,3,0.000511186
shrines,3,0.000511186
avec,3,0.000511186
miracle,3,0.000511186
print,3,0.000511186
sanctuary,3,0.000511186
Synod,3,0.000511186
Robbery,3,0.000511186
hen,3,0.000511186
deliverance,3,0.000511186
instances,3,0.000511186
trickled,3,0.000511186
Gate,3,0.000511186
terrific,3,0.000511186
retreats,3,0.000511186
es,3,0.000511186
unequal,3,0.000511186
citadel,3,0.000511186
sand,3,0.000511186
lyevich,3,0.000511186
plentiful,3,0.000511186
Republican,3,0.000511186
Ostr,3,0.000511186
fours,3,0.000511186
calamities,3,0.000511186
planted,3,0.000511186
hotly,3,0.000511186
analysis,3,0.000511186
reopened,3,0.000511186
inherent,3,0.000511186
Class,3,0.000511186
laborer,3,0.000511186
Muscovites,3,0.000511186
combs,3,0.000511186
bleed,3,0.000511186
conceivable,3,0.000511186
crooked,3,0.000511186
chevalier,3,0.000511186
inwardly,3,0.000511186
ceremonies,3,0.000511186
challenging,3,0.000511186
borders,3,0.000511186
bondage,3,0.000511186
evils,3,0.000511186
Crusades,3,0.000511186
searchingly,3,0.000511186
queenless,3,0.000511186
sparkle,3,0.000511186
lisping,3,0.000511186
righteousness,3,0.000511186
puddles,3,0.000511186
ceases,3,0.000511186
eternally,3,0.000511186
Angel,3,0.000511186
repetition,3,0.000511186
govern,3,0.000511186
fundamental,3,0.000511186
cells,3,0.000511186
Show,3,0.000511186
Christianity,3,0.000511186
Convention,3,0.000511186
denote,3,0.000511186
Beatified,3,0.000511186
90,3,0.000511186
unlimited,3,0.000511186
Third,3,0.000511186
article,3,0.000511186
scepter,3,0.000511186
balk,3,0.000511186
pad,3,0.000511186
abusing,3,0.000511186
knuckle,3,0.000511186
sits,3,0.000511186
amusements,3,0.000511186
glowed,3,0.000511186
aback,3,0.000511186
Meshch,3,0.000511186
nut,3,0.000511186
Lady,3,0.000511186
raining,3,0.000511186
broe,3,0.000511186
reluctance,3,0.000511186
tuned,3,0.000511186
narrated,3,0.000511186
twas,3,0.000511186
representation,3,0.000511186
mushrooms,3,0.000511186
temps,3,0.000511186
heaving,3,0.000511186
aspen,3,0.000511186
fleas,3,0.000511186
Dutch,3,0.000511186
hindquarters,3,0.000511186
irrecoverable,3,0.000511186
crouched,3,0.000511186
rides,3,0.000511186
atoms,3,0.000511186
pins,3,0.000511186
petticoat,3,0.000511186
Mouton,3,0.000511186
chemical,3,0.000511186
steel,3,0.000511186
swiftness,3,0.000511186
tu,3,0.000511186
guerrillas,3,0.000511186
clicked,3,0.000511186
Standing,3,0.000511186
soot,3,0.000511186
Platoche,3,0.000511186
instructive,3,0.000511186
Sokol,3,0.000511186
urgently,3,0.000511186
consented,3,0.000511186
stud,3,0.000511186
drawings,3,0.000511186
lice,3,0.000511186
decoration,3,0.000511186
furs,3,0.000511186
keener,3,0.000511186
worker,3,0.000511186
yells,3,0.000511186
worldliness,3,0.000511186
Scriptures,3,0.000511186
revealing,3,0.000511186
freezing,3,0.000511186
throbbing,3,0.000511186
comprehended,3,0.000511186
vniki,3,0.000511186
Kham,3,0.000511186
unites,3,0.000511186
season,3,0.000511186
kit,3,0.000511186
unconcernedly,3,0.000511186
quit,3,0.000511186
Jackdaw,3,0.000511186
hardships,3,0.000511186
cheaper,3,0.000511186
holds,3,0.000511186
fiery,3,0.000511186
Trinity,3,0.000511186
constitute,3,0.000511186
eggs,3,0.000511186
angels,3,0.000511186
raisins,3,0.000511186
Ozheg,3,0.000511186
Already,3,0.000511186
timidity,3,0.000511186
imitate,3,0.000511186
blotch,3,0.000511186
incalculable,3,0.000511186
characteristics,3,0.000511186
pretexts,3,0.000511186
sportsmen,3,0.000511186
discerning,3,0.000511186
sinful,3,0.000511186
objected,3,0.000511186
innocently,3,0.000511186
Son,3,0.000511186
chains,3,0.000511186
wrongly,3,0.000511186
Bible,3,0.000511186
primitive,3,0.000511186
attachments,3,0.000511186
terrifying,3,0.000511186
rural,3,0.000511186
tap,3,0.000511186
disappointment,3,0.000511186
postpone,3,0.000511186
Fourthly,3,0.000511186
adopting,3,0.000511186
diplomacy,3,0.000511186
Pray,3,0.000511186
mastered,3,0.000511186
girths,3,0.000511186
Religion,3,0.000511186
Creator,3,0.000511186
beneficent,3,0.000511186
noticeably,3,0.000511186
melody,3,0.000511186
foresees,3,0.000511186
sores,3,0.000511186
gloomier,3,0.000511186
enclosure,3,0.000511186
howling,3,0.000511186
ceiling,3,0.000511186
constitutional,3,0.000511186
gelding,3,0.000511186
capturing,3,0.000511186
whippers,3,0.000511186
criticizing,3,0.000511186
Vincent,3,0.000511186
unhappiness,3,0.000511186
Chekm,3,0.000511186
compulsion,3,0.000511186
periods,3,0.000511186
Bordeaux,3,0.000511186
upland,3,0.000511186
astounded,3,0.000511186
lope,3,0.000511186
pounced,3,0.000511186
whipped,3,0.000511186
subscription,3,0.000511186
Thoughts,3,0.000511186
odd,3,0.000511186
discord,3,0.000511186
painstakingly,3,0.000511186
buff,3,0.000511186
exhaustion,3,0.000511186
approximately,3,0.000511186
sport,3,0.000511186
approving,3,0.000511186
Spanish,3,0.000511186
verdure,3,0.000511186
vsk,3,0.000511186
ardent,3,0.000511186
swamp,3,0.000511186
dripping,3,0.000511186
threads,3,0.000511186
seed,3,0.000511186
blackguard,3,0.000511186
desirable,3,0.000511186
dies,3,0.000511186
daggers,3,0.000511186
divinity,3,0.000511186
promoting,3,0.000511186
scope,3,0.000511186
beards,3,0.000511186
scales,3,0.000511186
sparkled,3,0.000511186
torturing,3,0.000511186
irritate,3,0.000511186
payment,3,0.000511186
manages,3,0.000511186
ylovich,3,0.000511186
gambling,3,0.000511186
fleet,3,0.000511186
halo,3,0.000511186
innovations,3,0.000511186
potato,3,0.000511186
purchaser,3,0.000511186
scold,3,0.000511186
concept,3,0.000511186
wholly,3,0.000511186
slower,3,0.000511186
reprimand,3,0.000511186
correspond,3,0.000511186
festering,3,0.000511186
Frola,3,0.000511186
privileges,3,0.000511186
headdress,3,0.000511186
mysticism,3,0.000511186
incontestable,3,0.000511186
restoration,3,0.000511186
imprisonment,3,0.000511186
actors,3,0.000511186
strangest,3,0.000511186
Lavra,3,0.000511186
angrier,3,0.000511186
examinations,3,0.000511186
rugs,3,0.000511186
reforms,3,0.000511186
condescendingly,3,0.000511186
spirituality,3,0.000511186
upsetting,3,0.000511186
illogical,3,0.000511186
buying,3,0.000511186
courted,3,0.000511186
smock,3,0.000511186
tyevna,3,0.000511186
privations,3,0.000511186
diffusing,3,0.000511186
pollen,3,0.000511186
Timof,3,0.000511186
blossom,3,0.000511186
banished,3,0.000511186
shoots,3,0.000511186
designed,3,0.000511186
committees,3,0.000511186
nest,3,0.000511186
needlessly,3,0.000511186
developed,3,0.000511186
recite,3,0.000511186
charmer,3,0.000511186
directs,3,0.000511186
divert,3,0.000511186
witnesses,3,0.000511186
hazel,3,0.000511186
merrier,3,0.000511186
lengths,3,0.000511186
prior,3,0.000511186
audibly,3,0.000511186
comprehension,3,0.000511186
affinity,3,0.000511186
abduction,3,0.000511186
financial,3,0.000511186
expedient,3,0.000511186
Spaniards,3,0.000511186
reproved,3,0.000511186
swear,3,0.000511186
substitute,3,0.000511186
carousals,3,0.000511186
commissaries,3,0.000511186
warned,3,0.000511186
originality,3,0.000511186
passes,3,0.000511186
kovlev,3,0.000511186
estimate,3,0.000511186
Illuminism,3,0.000511186
corresponded,3,0.000511186
confide,3,0.000511186
instruction,3,0.000511186
repel,3,0.000511186
demonstrations,3,0.000511186
conscripted,3,0.000511186
lmin,3,0.000511186
subjected,3,0.000511186
dreary,3,0.000511186
firewood,3,0.000511186
confided,3,0.000511186
outlined,3,0.000511186
irresolutely,3,0.000511186
charmante,3,0.000511186
notabilities,3,0.000511186
vehemence,3,0.000511186
distances,3,0.000511186
Self,3,0.000511186
reformation,3,0.000511186
industrious,3,0.000511186
predetermined,3,0.000511186
reconcile,3,0.000511186
temporarily,3,0.000511186
elemental,3,0.000511186
formalities,3,0.000511186
intriguer,3,0.000511186
authentic,3,0.000511186
accustom,3,0.000511186
Column,3,0.000511186
labels,3,0.000511186
transfers,3,0.000511186
standpoint,3,0.000511186
metaphysics,3,0.000511186
diversity,3,0.000511186
plunderers,3,0.000511186
nourishment,3,0.000511186
mirrorlike,3,0.000511186
tacit,3,0.000511186
rational,3,0.000511186
creatures,3,0.000511186
classes,3,0.000511186
Bonjour,3,0.000511186
lightness,3,0.000511186
blameworthy,3,0.000511186
excessive,3,0.000511186
plundering,3,0.000511186
explosion,3,0.000511186
communicate,3,0.000511186
territory,3,0.000511186
wonders,3,0.000511186
deviated,3,0.000511186
doubting,3,0.000511186
forcible,3,0.000511186
analyze,3,0.000511186
mercury,3,0.000511186
sulphur,3,0.000511186
crawl,3,0.000511186
designation,3,0.000511186
threefold,3,0.000511186
categories,3,0.000511186
carpenters,3,0.000511186
vow,3,0.000511186
honestly,3,0.000511186
troubling,3,0.000511186
seeker,3,0.000511186
compare,3,0.000511186
replacement,3,0.000511186
enmity,3,0.000511186
Thirty,3,0.000511186
rag,3,0.000511186
astonish,3,0.000511186
propriety,3,0.000511186
weaken,3,0.000511186
Plutarch,3,0.000511186
interpreted,3,0.000511186
establishments,3,0.000511186
contradicted,3,0.000511186
salons,3,0.000511186
prevails,3,0.000511186
Scherb,3,0.000511186
Jobert,3,0.000511186
Lelorgne,3,0.000511186
arisen,3,0.000511186
remotest,3,0.000511186
amiss,3,0.000511186
pot,3,0.000511186
stray,3,0.000511186
Dav,3,0.000511186
courtly,3,0.000511186
redoute,3,0.000511186
humility,3,0.000511186
instructor,3,0.000511186
narrative,3,0.000511186
reveal,3,0.000511186
unentrenched,3,0.000511186
infallible,3,0.000511186
implied,3,0.000511186
Bind,3,0.000511186
craft,3,0.000511186
wineglass,3,0.000511186
shopkeepers,3,0.000511186
slippered,3,0.000511186
executioner,3,0.000511186
cupboard,3,0.000511186
flogging,3,0.000511186
Pwince,3,0.000511186
wardrobe,3,0.000511186
attire,3,0.000511186
bnoe,3,0.000511186
brethren,3,0.000511186
incoherently,3,0.000511186
divorce,3,0.000511186
consulted,3,0.000511186
idiotic,3,0.000511186
curtains,3,0.000511186
proprieties,3,0.000511186
bweak,3,0.000511186
hundwed,3,0.000511186
twofold,3,0.000511186
undefinable,3,0.000511186
differs,3,0.000511186
statutes,3,0.000511186
chewing,3,0.000511186
economic,3,0.000511186
robbing,3,0.000511186
Inevitability,3,0.000511186
password,3,0.000511186
flooded,3,0.000511186
Luby,3,0.000511186
LIMITED,3,0.000511186
provision,3,0.000511186
edifice,3,0.000511186
Knyazk,3,0.000511186
migrate,3,0.000511186
demonstration,3,0.000511186
occurring,3,0.000511186
undercurrents,3,0.000511186
uninterrupted,3,0.000511186
Solomon,3,0.000511186
values,3,0.000511186
advantageously,3,0.000511186
faults,3,0.000511186
derivative,3,0.000511186
boorishness,3,0.000511186
royalties,3,0.000511186
observes,3,0.000511186
appealed,3,0.000511186
undermining,3,0.000511186
lantern,3,0.000511186
claimed,3,0.000511186
westward,3,0.000511186
entity,3,0.000511186
buds,3,0.000511186
winds,3,0.000511186
Rameau,3,0.000511186
creating,3,0.000511186
seething,3,0.000511186
bloom,3,0.000511186
foretold,3,0.000511186
Knoll,3,0.000511186
Battery,3,0.000511186
slaughtered,3,0.000511186
THIS,3,0.000511186
gross,3,0.000511186
forcibly,3,0.000511186
obedience,3,0.000511186
thirdly,3,0.000511186
alms,3,0.000511186
recruit,3,0.000511186
espied,3,0.000511186
hauling,3,0.000511186
evacuation,3,0.000511186
valuables,3,0.000511186
Unconsciously,3,0.000511186
invaders,3,0.000511186
striven,3,0.000511186
tradition,3,0.000511186
migrations,3,0.000511186
disagreement,3,0.000511186
Asiatic,3,0.000511186
user,3,0.000511186
Ideville,3,0.000511186
Wagram,3,0.000511186
victims,3,0.000511186
deductions,3,0.000511186
disobey,3,0.000511186
exertion,3,0.000511186
mounting,3,0.000511186
Yank,3,0.000511186
unit,3,0.000511186
digging,3,0.000511186
grin,3,0.000511186
Urope,3,0.000511186
hinders,3,0.000511186
affording,3,0.000511186
campstool,3,0.000511186
muddles,3,0.000511186
crockery,3,0.000511186
Der,3,0.000511186
images,3,0.000511186
writer,3,0.000511186
Temple,3,0.000511186
relit,3,0.000511186
FOR,3,0.000511186
contributions,3,0.000511186
rchevo,3,0.000511186
frivolous,3,0.000511186
anew,3,0.000511186
terrestrial,3,0.000511186
dresser,3,0.000511186
gory,3,0.000511186
respite,3,0.000511186
leadership,3,0.000511186
nostrils,3,0.000511186
considerate,3,0.000511186
pays,3,0.000511186
practiced,3,0.000511186
genuinely,3,0.000511186
ANY,3,0.000511186
admire,3,0.000511186
confirms,3,0.000511186
rkov,3,0.000511186
laya,3,0.000511186
roi,3,0.000511186
overwhelm,3,0.000511186
investigation,3,0.000511186
madness,3,0.000511186
profligate,3,0.000511186
collapsing,3,0.000511186
unexplained,3,0.000511186
scorched,3,0.000511186
howitzers,3,0.000511186
Qui,3,0.000511186
patients,3,0.000511186
novels,3,0.000511186
sleeplessness,3,0.000511186
breaks,3,0.000511186
glued,3,0.000511186
dignitary,3,0.000511186
repugnant,3,0.000511186
unfair,3,0.000511186
accepts,2,0.00034079
bridles,2,0.00034079
dimpled,2,0.00034079
amphitheater,2,0.00034079
Saturdays,2,0.00034079
emphatically,2,0.00034079
skein,2,0.00034079
concise,2,0.00034079
disobedience,2,0.00034079
toys,2,0.00034079
dame,2,0.00034079
negation,2,0.00034079
echo,2,0.00034079
recklessly,2,0.00034079
courte,2,0.00034079
tucking,2,0.00034079
falsely,2,0.00034079
cities,2,0.00034079
countryside,2,0.00034079
daren,2,0.00034079
governmental,2,0.00034079
partially,2,0.00034079
redoubts,2,0.00034079
ungrateful,2,0.00034079
alighted,2,0.00034079
inwards,2,0.00034079
Inhabitants,2,0.00034079
mobs,2,0.00034079
homage,2,0.00034079
Nurse,2,0.00034079
feat,2,0.00034079
comedian,2,0.00034079
knouted,2,0.00034079
decreased,2,0.00034079
accentuating,2,0.00034079
Reinforcements,2,0.00034079
unconnected,2,0.00034079
belfry,2,0.00034079
fertile,2,0.00034079
Scotch,2,0.00034079
profess,2,0.00034079
deserter,2,0.00034079
departed,2,0.00034079
Quand,2,0.00034079
illegal,2,0.00034079
courses,2,0.00034079
aspirations,2,0.00034079
er,2,0.00034079
ridiculed,2,0.00034079
geniuses,2,0.00034079
cambric,2,0.00034079
dispatches,2,0.00034079
swells,2,0.00034079
Until,2,0.00034079
matchless,2,0.00034079
Hi,2,0.00034079
pleading,2,0.00034079
mechanics,2,0.00034079
discredited,2,0.00034079
coincide,2,0.00034079
innocence,2,0.00034079
devotions,2,0.00034079
considerably,2,0.00034079
fooled,2,0.00034079
hint,2,0.00034079
Magdalenes,2,0.00034079
crunching,2,0.00034079
virulence,2,0.00034079
facility,2,0.00034079
doomed,2,0.00034079
Latterly,2,0.00034079
concerts,2,0.00034079
Thursdays,2,0.00034079
gig,2,0.00034079
priding,2,0.00034079
livery,2,0.00034079
lays,2,0.00034079
gathers,2,0.00034079
cleverly,2,0.00034079
thawing,2,0.00034079
alphabet,2,0.00034079
graves,2,0.00034079
flustered,2,0.00034079
humiliate,2,0.00034079
gr,2,0.00034079
wander,2,0.00034079
unfavorable,2,0.00034079
persuading,2,0.00034079
parish,2,0.00034079
inhuman,2,0.00034079
sequel,2,0.00034079
purchase,2,0.00034079
beringed,2,0.00034079
Wherever,2,0.00034079
mots,2,0.00034079
unwrinkled,2,0.00034079
widened,2,0.00034079
Prater,2,0.00034079
blossoming,2,0.00034079
cherished,2,0.00034079
intolerable,2,0.00034079
narrowed,2,0.00034079
caustique,2,0.00034079
boasting,2,0.00034079
praising,2,0.00034079
stacks,2,0.00034079
slips,2,0.00034079
hewn,2,0.00034079
votre,2,0.00034079
collided,2,0.00034079
retaken,2,0.00034079
grenade,2,0.00034079
Firmly,2,0.00034079
Brumaire,2,0.00034079
Charon,2,0.00034079
disengaging,2,0.00034079
Bohemia,2,0.00034079
gladness,2,0.00034079
entrez,2,0.00034079
robberies,2,0.00034079
magical,2,0.00034079
bridgehead,2,0.00034079
envoys,2,0.00034079
protecting,2,0.00034079
admonish,2,0.00034079
spaces,2,0.00034079
receding,2,0.00034079
assiduous,2,0.00034079
grande,2,0.00034079
fatigues,2,0.00034079
conceived,2,0.00034079
chimney,2,0.00034079
vex,2,0.00034079
Greek,2,0.00034079
invincibility,2,0.00034079
scrambled,2,0.00034079
bovski,2,0.00034079
diversion,2,0.00034079
performances,2,0.00034079
network,2,0.00034079
benevolent,2,0.00034079
diplomats,2,0.00034079
nuns,2,0.00034079
dressmaker,2,0.00034079
joins,2,0.00034079
bid,2,0.00034079
Copenhagen,2,0.00034079
variance,2,0.00034079
humoredly,2,0.00034079
summit,2,0.00034079
rut,2,0.00034079
outfit,2,0.00034079
wriggle,2,0.00034079
republic,2,0.00034079
aimlessly,2,0.00034079
strategist,2,0.00034079
flown,2,0.00034079
inculpate,2,0.00034079
preliminaries,2,0.00034079
products,2,0.00034079
trading,2,0.00034079
spelling,2,0.00034079
truths,2,0.00034079
liveliest,2,0.00034079
skittles,2,0.00034079
recaptured,2,0.00034079
compromising,2,0.00034079
seller,2,0.00034079
enchantress,2,0.00034079
brilliance,2,0.00034079
Contributions,2,0.00034079
statesman,2,0.00034079
prices,2,0.00034079
witticisms,2,0.00034079
portable,2,0.00034079
striped,2,0.00034079
vtsev,2,0.00034079
Vrazh,2,0.00034079
kindest,2,0.00034079
pointedly,2,0.00034079
Convent,2,0.00034079
chanters,2,0.00034079
rearrange,2,0.00034079
retinue,2,0.00034079
signifying,2,0.00034079
captivated,2,0.00034079
prisons,2,0.00034079
fey,2,0.00034079
jovial,2,0.00034079
substantial,2,0.00034079
appetizing,2,0.00034079
loosened,2,0.00034079
applause,2,0.00034079
calming,2,0.00034079
newspapers,2,0.00034079
capers,2,0.00034079
particle,2,0.00034079
backed,2,0.00034079
screening,2,0.00034079
chap,2,0.00034079
sweep,2,0.00034079
Evst,2,0.00034079
airs,2,0.00034079
horns,2,0.00034079
exit,2,0.00034079
aloofness,2,0.00034079
stormcloud,2,0.00034079
sauce,2,0.00034079
pulley,2,0.00034079
clapped,2,0.00034079
bravo,2,0.00034079
shkovo,2,0.00034079
mingle,2,0.00034079
snaya,2,0.00034079
fixity,2,0.00034079
Sell,2,0.00034079
West,2,0.00034079
Divine,2,0.00034079
disappointments,2,0.00034079
expiring,2,0.00034079
Perkh,2,0.00034079
superhuman,2,0.00034079
approximation,2,0.00034079
accuses,2,0.00034079
falcon,2,0.00034079
multiplicity,2,0.00034079
reverent,2,0.00034079
convulsions,2,0.00034079
Kony,2,0.00034079
sheny,2,0.00034079
duration,2,0.00034079
bonne,2,0.00034079
bluntly,2,0.00034079
praises,2,0.00034079
apportioned,2,0.00034079
overture,2,0.00034079
obtainable,2,0.00034079
disagreeably,2,0.00034079
Smart,2,0.00034079
unaccountable,2,0.00034079
needn,2,0.00034079
rail,2,0.00034079
Caucasus,2,0.00034079
nova,2,0.00034079
semicircles,2,0.00034079
pawing,2,0.00034079
exertions,2,0.00034079
acte,2,0.00034079
stallion,2,0.00034079
Voronts,2,0.00034079
frantically,2,0.00034079
Barbara,2,0.00034079
context,2,0.00034079
gems,2,0.00034079
stiffness,2,0.00034079
saddlecloth,2,0.00034079
oatfield,2,0.00034079
dandy,2,0.00034079
wegiment,2,0.00034079
disadvantages,2,0.00034079
neighing,2,0.00034079
provocatively,2,0.00034079
vie,2,0.00034079
Suppert,2,0.00034079
nudging,2,0.00034079
Roguet,2,0.00034079
sheathed,2,0.00034079
stirrups,2,0.00034079
doorways,2,0.00034079
spurring,2,0.00034079
wince,2,0.00034079
cousine,2,0.00034079
belated,2,0.00034079
tramping,2,0.00034079
insuperable,2,0.00034079
bantering,2,0.00034079
loaf,2,0.00034079
indulge,2,0.00034079
divan,2,0.00034079
spectators,2,0.00034079
nervousness,2,0.00034079
unexpectedness,2,0.00034079
offhand,2,0.00034079
buoyant,2,0.00034079
apparition,2,0.00034079
squeezing,2,0.00034079
Merci,2,0.00034079
unfriendly,2,0.00034079
popping,2,0.00034079
voe,2,0.00034079
dismally,2,0.00034079
inability,2,0.00034079
Agitated,2,0.00034079
Bah,2,0.00034079
vacantly,2,0.00034079
redeemed,2,0.00034079
woolwork,2,0.00034079
coiled,2,0.00034079
indiscretion,2,0.00034079
mathematically,2,0.00034079
ruffian,2,0.00034079
mound,2,0.00034079
limp,2,0.00034079
jumps,2,0.00034079
target,2,0.00034079
sont,2,0.00034079
Opinions,2,0.00034079
courting,2,0.00034079
tournament,2,0.00034079
khen,2,0.00034079
unwinding,2,0.00034079
deft,2,0.00034079
sufficed,2,0.00034079
converted,2,0.00034079
presiding,2,0.00034079
pocketbook,2,0.00034079
gratification,2,0.00034079
nightmare,2,0.00034079
fable,2,0.00034079
indecisive,2,0.00034079
flirted,2,0.00034079
slackened,2,0.00034079
scruple,2,0.00034079
protested,2,0.00034079
Bagov,2,0.00034079
teachers,2,0.00034079
ruffling,2,0.00034079
accidents,2,0.00034079
protests,2,0.00034079
strategics,2,0.00034079
composition,2,0.00034079
egotists,2,0.00034079
yna,2,0.00034079
wording,2,0.00034079
enable,2,0.00034079
dazed,2,0.00034079
Forfeit,2,0.00034079
befouled,2,0.00034079
slighted,2,0.00034079
countenances,2,0.00034079
True,2,0.00034079
recognizable,2,0.00034079
wrapping,2,0.00034079
braided,2,0.00034079
jackets,2,0.00034079
billet,2,0.00034079
cursed,2,0.00034079
risks,2,0.00034079
MOSCOW,2,0.00034079
accuse,2,0.00034079
clasp,2,0.00034079
risking,2,0.00034079
Et,2,0.00034079
Stretchers,2,0.00034079
assert,2,0.00034079
ksins,2,0.00034079
leagues,2,0.00034079
conjecture,2,0.00034079
abundant,2,0.00034079
Ok,2,0.00034079
Princesse,2,0.00034079
stored,2,0.00034079
Lansk,2,0.00034079
wring,2,0.00034079
outstripped,2,0.00034079
requests,2,0.00034079
sickening,2,0.00034079
disapprove,2,0.00034079
summits,2,0.00034079
fanning,2,0.00034079
cunningly,2,0.00034079
pegs,2,0.00034079
announcements,2,0.00034079
incurring,2,0.00034079
chkino,2,0.00034079
admirably,2,0.00034079
onwards,2,0.00034079
Delightful,2,0.00034079
precautions,2,0.00034079
scouting,2,0.00034079
misdirected,2,0.00034079
rounds,2,0.00034079
mort,2,0.00034079
lengthening,2,0.00034079
Fallen,2,0.00034079
fierce,2,0.00034079
contre,2,0.00034079
serried,2,0.00034079
medal,2,0.00034079
poison,2,0.00034079
bouts,2,0.00034079
undisturbed,2,0.00034079
greediness,2,0.00034079
expiate,2,0.00034079
parleys,2,0.00034079
particles,2,0.00034079
kills,2,0.00034079
Mounting,2,0.00034079
outturned,2,0.00034079
super,2,0.00034079
haunched,2,0.00034079
philosophizing,2,0.00034079
inimitable,2,0.00034079
scorn,2,0.00034079
pie,2,0.00034079
flashing,2,0.00034079
forwarded,2,0.00034079
blindfold,2,0.00034079
sedate,2,0.00034079
irksome,2,0.00034079
accidental,2,0.00034079
sketched,2,0.00034079
sorrel,2,0.00034079
prettily,2,0.00034079
Vifly,2,0.00034079
patriotically,2,0.00034079
brook,2,0.00034079
attendants,2,0.00034079
resented,2,0.00034079
chasseurs,2,0.00034079
roaring,2,0.00034079
outflanking,2,0.00034079
Madrid,2,0.00034079
snapping,2,0.00034079
wretch,2,0.00034079
scruff,2,0.00034079
shrubbery,2,0.00034079
impart,2,0.00034079
Lift,2,0.00034079
prefect,2,0.00034079
unhindered,2,0.00034079
culprits,2,0.00034079
gunners,2,0.00034079
lambskin,2,0.00034079
fettered,2,0.00034079
compassionate,2,0.00034079
stakes,2,0.00034079
promissory,2,0.00034079
saturated,2,0.00034079
musketoon,2,0.00034079
flop,2,0.00034079
paralyze,2,0.00034079
swell,2,0.00034079
orderers,2,0.00034079
copses,2,0.00034079
islands,2,0.00034079
hares,2,0.00034079
remedies,2,0.00034079
freckled,2,0.00034079
thicket,2,0.00034079
Sid,2,0.00034079
licking,2,0.00034079
ulyulyuing,2,0.00034079
vell,2,0.00034079
compassion,2,0.00034079
leaps,2,0.00034079
drying,2,0.00034079
capless,2,0.00034079
humbugged,2,0.00034079
departures,2,0.00034079
Ulyulyulyu,2,0.00034079
ribs,2,0.00034079
Kirgh,2,0.00034079
theories,2,0.00034079
lashed,2,0.00034079
ment,2,0.00034079
Voil,2,0.00034079
translucent,2,0.00034079
sweating,2,0.00034079
spadefuls,2,0.00034079
Zat,2,0.00034079
indebted,2,0.00034079
Puff,2,0.00034079
baring,2,0.00034079
compact,2,0.00034079
pouting,2,0.00034079
comic,2,0.00034079
poking,2,0.00034079
reasson,2,0.00034079
Ar,2,0.00034079
Trun,2,0.00034079
confronted,2,0.00034079
budge,2,0.00034079
heartfelt,2,0.00034079
encouragement,2,0.00034079
22,2,0.00034079
peals,2,0.00034079
slew,2,0.00034079
expressive,2,0.00034079
irregulars,2,0.00034079
declares,2,0.00034079
shouldering,2,0.00034079
Westphalians,2,0.00034079
nom,2,0.00034079
Sacr,2,0.00034079
narrating,2,0.00034079
Qu,2,0.00034079
Hessians,2,0.00034079
comparing,2,0.00034079
equations,2,0.00034079
adept,2,0.00034079
jabbering,2,0.00034079
Hark,2,0.00034079
musketeer,2,0.00034079
seers,2,0.00034079
Ly,2,0.00034079
prevailing,2,0.00034079
suspect,2,0.00034079
Nowhere,2,0.00034079
Sorrow,2,0.00034079
Fouch,2,0.00034079
irresolution,2,0.00034079
daresay,2,0.00034079
harming,2,0.00034079
24,2,0.00034079
cowardice,2,0.00034079
fictitious,2,0.00034079
negotiating,2,0.00034079
fugue,2,0.00034079
Pernetti,2,0.00034079
Taking,2,0.00034079
delegate,2,0.00034079
suppositions,2,0.00034079
hymn,2,0.00034079
toned,2,0.00034079
morrow,2,0.00034079
neighed,2,0.00034079
vot,2,0.00034079
derive,2,0.00034079
shortly,2,0.00034079
thundered,2,0.00034079
nothingness,2,0.00034079
dubiously,2,0.00034079
vehemently,2,0.00034079
dissolved,2,0.00034079
iss,2,0.00034079
fascination,2,0.00034079
Done,2,0.00034079
postponed,2,0.00034079
reject,2,0.00034079
pear,2,0.00034079
hindmost,2,0.00034079
earrings,2,0.00034079
economy,2,0.00034079
wrist,2,0.00034079
disentangled,2,0.00034079
fainting,2,0.00034079
pinning,2,0.00034079
forelegs,2,0.00034079
accompanies,2,0.00034079
lovingly,2,0.00034079
Bondarch,2,0.00034079
slack,2,0.00034079
physiognomy,2,0.00034079
shower,2,0.00034079
retaining,2,0.00034079
brunt,2,0.00034079
Ahead,2,0.00034079
expectant,2,0.00034079
Massacre,2,0.00034079
Bartholomew,2,0.00034079
Hur,2,0.00034079
gripping,2,0.00034079
slash,2,0.00034079
spared,2,0.00034079
divined,2,0.00034079
Reading,2,0.00034079
padded,2,0.00034079
wanting,2,0.00034079
entreating,2,0.00034079
plunging,2,0.00034079
entanglements,2,0.00034079
ties,2,0.00034079
dotard,2,0.00034079
auction,2,0.00034079
peur,2,0.00034079
welcomes,2,0.00034079
lather,2,0.00034079
pouches,2,0.00034079
profoundly,2,0.00034079
rivalry,2,0.00034079
Salamanca,2,0.00034079
exterminate,2,0.00034079
choirs,2,0.00034079
spitting,2,0.00034079
delivering,2,0.00034079
grunting,2,0.00034079
brace,2,0.00034079
stressing,2,0.00034079
tempered,2,0.00034079
courtship,2,0.00034079
engaging,2,0.00034079
skeptically,2,0.00034079
bwute,2,0.00034079
Bosse,2,0.00034079
neglecting,2,0.00034079
whetstone,2,0.00034079
pineapples,2,0.00034079
reduce,2,0.00034079
kh,2,0.00034079
Karab,2,0.00034079
redness,2,0.00034079
amiabilities,2,0.00034079
Herself,2,0.00034079
shapes,2,0.00034079
consolations,2,0.00034079
profoundest,2,0.00034079
toiling,2,0.00034079
paint,2,0.00034079
persuasiveness,2,0.00034079
turtle,2,0.00034079
trooper,2,0.00034079
Non,2,0.00034079
cling,2,0.00034079
ici,2,0.00034079
Mot,2,0.00034079
hempen,2,0.00034079
wines,2,0.00034079
6th,2,0.00034079
mechanical,2,0.00034079
offensively,2,0.00034079
curse,2,0.00034079
monogram,2,0.00034079
staining,2,0.00034079
disinterestedly,2,0.00034079
palings,2,0.00034079
ostrich,2,0.00034079
Serenity,2,0.00034079
defer,2,0.00034079
burns,2,0.00034079
interrogative,2,0.00034079
identification,2,0.00034079
celebration,2,0.00034079
stink,2,0.00034079
inmates,2,0.00034079
mistrustfully,2,0.00034079
Pass,2,0.00034079
gushed,2,0.00034079
leashes,2,0.00034079
sadder,2,0.00034079
dove,2,0.00034079
Mavr,2,0.00034079
Misha,2,0.00034079
irreproachably,2,0.00034079
partial,2,0.00034079
responsibilities,2,0.00034079
martyr,2,0.00034079
dawning,2,0.00034079
Ice,2,0.00034079
daydreams,2,0.00034079
Glory,2,0.00034079
streamlet,2,0.00034079
Gascons,2,0.00034079
pont,2,0.00034079
Cond,2,0.00034079
valse,2,0.00034079
undiscerning,2,0.00034079
gueules,2,0.00034079
Cette,2,0.00034079
traps,2,0.00034079
receptive,2,0.00034079
obstructed,2,0.00034079
lured,2,0.00034079
assimilated,2,0.00034079
limitless,2,0.00034079
spontaneous,2,0.00034079
High,2,0.00034079
regime,2,0.00034079
philosopher,2,0.00034079
accusations,2,0.00034079
Vogel,2,0.00034079
roughness,2,0.00034079
enlarged,2,0.00034079
rascality,2,0.00034079
skilled,2,0.00034079
rightful,2,0.00034079
Beauharnais,2,0.00034079
wisp,2,0.00034079
subsiding,2,0.00034079
emigrant,2,0.00034079
rushes,2,0.00034079
celui,2,0.00034079
resigned,2,0.00034079
inadequate,2,0.00034079
belted,2,0.00034079
18,2,0.00034079
abuses,2,0.00034079
variations,2,0.00034079
wrinkling,2,0.00034079
riverside,2,0.00034079
peeped,2,0.00034079
fragments,2,0.00034079
provocative,2,0.00034079
breed,2,0.00034079
Juan,2,0.00034079
Chancellor,2,0.00034079
epigram,2,0.00034079
excursions,2,0.00034079
Kos,2,0.00034079
tighter,2,0.00034079
Recalling,2,0.00034079
showered,2,0.00034079
interjected,2,0.00034079
shrieking,2,0.00034079
cannonading,2,0.00034079
privately,2,0.00034079
emancipation,2,0.00034079
reminds,2,0.00034079
refreshments,2,0.00034079
underfoot,2,0.00034079
Sardinian,2,0.00034079
impelled,2,0.00034079
Madagascar,2,0.00034079
drum,2,0.00034079
destroys,2,0.00034079
car,2,0.00034079
superfluity,2,0.00034079
restricted,2,0.00034079
bookcase,2,0.00034079
brooding,2,0.00034079
Water,2,0.00034079
dignitaries,2,0.00034079
squeaky,2,0.00034079
disbelieve,2,0.00034079
archduchess,2,0.00034079
chamberlain,2,0.00034079
permanent,2,0.00034079
clearest,2,0.00034079
immortal,2,0.00034079
sewing,2,0.00034079
burdensome,2,0.00034079
ceremoniously,2,0.00034079
smartness,2,0.00034079
maternal,2,0.00034079
Idiot,2,0.00034079
25,2,0.00034079
humane,2,0.00034079
clown,2,0.00034079
crumbling,2,0.00034079
nonrecognition,2,0.00034079
attractions,2,0.00034079
translate,2,0.00034079
PRINCE,2,0.00034079
glassy,2,0.00034079
doffing,2,0.00034079
fallow,2,0.00034079
loosed,2,0.00034079
conspired,2,0.00034079
tails,2,0.00034079
demande,2,0.00034079
peu,2,0.00034079
authorized,2,0.00034079
emissary,2,0.00034079
freak,2,0.00034079
Hence,2,0.00034079
fowls,2,0.00034079
shorter,2,0.00034079
der,2,0.00034079
stampede,2,0.00034079
forestalled,2,0.00034079
sections,2,0.00034079
hey,2,0.00034079
yushka,2,0.00034079
diminutive,2,0.00034079
gentlefolk,2,0.00034079
scenting,2,0.00034079
scut,2,0.00034079
tat,2,0.00034079
vill,2,0.00034079
seams,2,0.00034079
Diana,2,0.00034079
Jerome,2,0.00034079
matted,2,0.00034079
decrease,2,0.00034079
roam,2,0.00034079
cheese,2,0.00034079
scare,2,0.00034079
balloons,2,0.00034079
intercept,2,0.00034079
rending,2,0.00034079
yelp,2,0.00034079
bearings,2,0.00034079
earn,2,0.00034079
saddlebow,2,0.00034079
recommend,2,0.00034079
disbelieved,2,0.00034079
decomposition,2,0.00034079
persisted,2,0.00034079
panted,2,0.00034079
hunters,2,0.00034079
detach,2,0.00034079
jaws,2,0.00034079
tricked,2,0.00034079
bridled,2,0.00034079
Officers,2,0.00034079
impostor,2,0.00034079
shying,2,0.00034079
den,2,0.00034079
yelping,2,0.00034079
cloudlets,2,0.00034079
roasted,2,0.00034079
openings,2,0.00034079
preserves,2,0.00034079
beware,2,0.00034079
flatten,2,0.00034079
aromatic,2,0.00034079
equipage,2,0.00034079
disinterested,2,0.00034079
strokes,2,0.00034079
cranks,2,0.00034079
shawls,2,0.00034079
Open,2,0.00034079
rovsk,2,0.00034079
sur,2,0.00034079
vin,2,0.00034079
acme,2,0.00034079
Wishing,2,0.00034079
Elizabeth,2,0.00034079
Sesl,2,0.00034079
uproar,2,0.00034079
betrayal,2,0.00034079
Arist,2,0.00034079
errand,2,0.00034079
theatrical,2,0.00034079
usurper,2,0.00034079
fights,2,0.00034079
ascent,2,0.00034079
preparatory,2,0.00034079
mixing,2,0.00034079
po,2,0.00034079
drip,2,0.00034079
wrathfully,2,0.00034079
gaunt,2,0.00034079
ossible,2,0.00034079
Patience,2,0.00034079
Adorable,2,0.00034079
Dispositions,2,0.00034079
daytime,2,0.00034079
disrespectful,2,0.00034079
inattentive,2,0.00034079
Grenadiers,2,0.00034079
trenches,2,0.00034079
dictating,2,0.00034079
mead,2,0.00034079
overclean,2,0.00034079
unexpressed,2,0.00034079
apples,2,0.00034079
birchwood,2,0.00034079
peal,2,0.00034079
stem,2,0.00034079
reappearance,2,0.00034079
stoutness,2,0.00034079
nicht,2,0.00034079
trod,2,0.00034079
pickled,2,0.00034079
kann,2,0.00034079
buttermilk,2,0.00034079
compressing,2,0.00034079
retainers,2,0.00034079
spree,2,0.00034079
outlived,2,0.00034079
Wonderful,2,0.00034079
meekness,2,0.00034079
countries,2,0.00034079
dramshop,2,0.00034079
momentous,2,0.00034079
motherly,2,0.00034079
Swaying,2,0.00034079
counsels,2,0.00034079
zhski,2,0.00034079
Rog,2,0.00034079
wurst,2,0.00034079
unlocked,2,0.00034079
Hofs,2,0.00034079
statues,2,0.00034079
gavest,2,0.00034079
Moses,2,0.00034079
Amalek,2,0.00034079
Gideon,2,0.00034079
Midian,2,0.00034079
mkins,2,0.00034079
Name,2,0.00034079
spear,2,0.00034079
statesmen,2,0.00034079
confound,2,0.00034079
tactician,2,0.00034079
glises,2,0.00034079
kriegs,2,0.00034079
indulgent,2,0.00034079
sparing,2,0.00034079
repentance,2,0.00034079
barges,2,0.00034079
emanating,2,0.00034079
tapes,2,0.00034079
China,2,0.00034079
upward,2,0.00034079
Saturday,2,0.00034079
piety,2,0.00034079
boulevard,2,0.00034079
swimming,2,0.00034079
nods,2,0.00034079
lord,2,0.00034079
heave,2,0.00034079
bootmakers,2,0.00034079
signboard,2,0.00034079
amuses,2,0.00034079
Moros,2,0.00034079
admirer,2,0.00034079
cowards,2,0.00034079
mates,2,0.00034079
inattention,2,0.00034079
intervened,2,0.00034079
handsomer,2,0.00034079
Thine,2,0.00034079
desecrate,2,0.00034079
Hear,2,0.00034079
menservants,2,0.00034079
employer,2,0.00034079
meditatively,2,0.00034079
relates,2,0.00034079
guerre,2,0.00034079
Island,2,0.00034079
drawers,2,0.00034079
guarded,2,0.00034079
decrepit,2,0.00034079
nationality,2,0.00034079
spellbound,2,0.00034079
ninety,2,0.00034079
bulletin,2,0.00034079
Pomerania,2,0.00034079
peg,2,0.00034079
Fourth,2,0.00034079
Jesuit,2,0.00034079
circulation,2,0.00034079
prowling,2,0.00034079
ape,2,0.00034079
Sacred,2,0.00034079
nineteen,2,0.00034079
Treasury,2,0.00034079
levy,2,0.00034079
strategy,2,0.00034079
robber,2,0.00034079
lining,2,0.00034079
affords,2,0.00034079
hobby,2,0.00034079
Sweden,2,0.00034079
innombrables,2,0.00034079
retelling,2,0.00034079
Impudence,2,0.00034079
drinks,2,0.00034079
asiatique,2,0.00034079
Silence,2,0.00034079
Augustin,2,0.00034079
upbraiding,2,0.00034079
smite,2,0.00034079
contrasting,2,0.00034079
shopkeeper,2,0.00034079
reverence,2,0.00034079
laughs,2,0.00034079
bolt,2,0.00034079
friendships,2,0.00034079
prophecy,2,0.00034079
artist,2,0.00034079
Princes,2,0.00034079
chapter,2,0.00034079
genealogical,2,0.00034079
dealers,2,0.00034079
blasphemies,2,0.00034079
colony,2,0.00034079
numerical,2,0.00034079
cheap,2,0.00034079
equals,2,0.00034079
distinguishes,2,0.00034079
50,2,0.00034079
60,2,0.00034079
Tradesmen,2,0.00034079
lodgings,2,0.00034079
famished,2,0.00034079
attributing,2,0.00034079
relays,2,0.00034079
burdening,2,0.00034079
election,2,0.00034079
Ukraine,2,0.00034079
Clear,2,0.00034079
interplay,2,0.00034079
appropriated,2,0.00034079
Latin,2,0.00034079
Thermopylae,2,0.00034079
dig,2,0.00034079
Tout,2,0.00034079
shanty,2,0.00034079
fyev,2,0.00034079
vespers,2,0.00034079
resigning,2,0.00034079
assemble,2,0.00034079
circulating,2,0.00034079
kits,2,0.00034079
proclamations,2,0.00034079
concerns,2,0.00034079
preside,2,0.00034079
mahogany,2,0.00034079
dissolve,2,0.00034079
thrice,2,0.00034079
Thrice,2,0.00034079
contradicting,2,0.00034079
southeast,2,0.00034079
patriotisme,2,0.00034079
creases,2,0.00034079
brand,2,0.00034079
monitress,2,0.00034079
wider,2,0.00034079
implicitly,2,0.00034079
choleric,2,0.00034079
servility,2,0.00034079
sarcasm,2,0.00034079
holes,2,0.00034079
deceptions,2,0.00034079
Row,2,0.00034079
paw,2,0.00034079
Carriage,2,0.00034079
Egyptian,2,0.00034079
expounded,2,0.00034079
mend,2,0.00034079
array,2,0.00034079
demonstrated,2,0.00034079
cooking,2,0.00034079
mending,2,0.00034079
Various,2,0.00034079
loot,2,0.00034079
pitiable,2,0.00034079
soundness,2,0.00034079
traits,2,0.00034079
personalities,2,0.00034079
err,2,0.00034079
forefinger,2,0.00034079
liver,2,0.00034079
harshly,2,0.00034079
organs,2,0.00034079
sullenly,2,0.00034079
wizard,2,0.00034079
Against,2,0.00034079
repented,2,0.00034079
charms,2,0.00034079
hook,2,0.00034079
doses,2,0.00034079
Brigade,2,0.00034079
Foundling,2,0.00034079
apathy,2,0.00034079
Registrar,2,0.00034079
tapers,2,0.00034079
beau,2,0.00034079
peremptory,2,0.00034079
stifling,2,0.00034079
sanguine,2,0.00034079
munitions,2,0.00034079
probable,2,0.00034079
identity,2,0.00034079
carefree,2,0.00034079
Schneider,2,0.00034079
pettiness,2,0.00034079
Communion,2,0.00034079
Matins,2,0.00034079
vestments,2,0.00034079
extremity,2,0.00034079
flourish,2,0.00034079
unpunished,2,0.00034079
scanty,2,0.00034079
pacify,2,0.00034079
vertically,2,0.00034079
Service,2,0.00034079
flexible,2,0.00034079
lurched,2,0.00034079
gratify,2,0.00034079
enfant,2,0.00034079
Pyramids,2,0.00034079
appease,2,0.00034079
dale,2,0.00034079
clumsily,2,0.00034079
sinning,2,0.00034079
levich,2,0.00034079
Lv,2,0.00034079
viewed,2,0.00034079
swooped,2,0.00034079
secluded,2,0.00034079
artless,2,0.00034079
uncomprehended,2,0.00034079
hopping,2,0.00034079
perched,2,0.00034079
vein,2,0.00034079
callers,2,0.00034079
Red,2,0.00034079
pauses,2,0.00034079
damask,2,0.00034079
kindling,2,0.00034079
ungraceful,2,0.00034079
devoting,2,0.00034079
uncorded,2,0.00034079
conversed,2,0.00034079
banged,2,0.00034079
detestation,2,0.00034079
Jewish,2,0.00034079
bother,2,0.00034079
chna,2,0.00034079
Ilyn,2,0.00034079
geographical,2,0.00034079
swamps,2,0.00034079
discordant,2,0.00034079
greasy,2,0.00034079
rou,2,0.00034079
storeroom,2,0.00034079
bolts,2,0.00034079
viands,2,0.00034079
mash,2,0.00034079
coloring,2,0.00034079
apologetically,2,0.00034079
cauldron,2,0.00034079
Frowning,2,0.00034079
vehement,2,0.00034079
Myasn,2,0.00034079
damn,2,0.00034079
slapped,2,0.00034079
miniature,2,0.00034079
storerooms,2,0.00034079
accomplishment,2,0.00034079
fortunes,2,0.00034079
weakening,2,0.00034079
despicable,2,0.00034079
inexperienced,2,0.00034079
tenaciously,2,0.00034079
unanswerable,2,0.00034079
inherited,2,0.00034079
Scythian,2,0.00034079
lure,2,0.00034079
gossips,2,0.00034079
volcano,2,0.00034079
hating,2,0.00034079
Takes,2,0.00034079
dites,2,0.00034079
transient,2,0.00034079
tises,2,0.00034079
viciously,2,0.00034079
unpopular,2,0.00034079
effecting,2,0.00034079
avoidance,2,0.00034079
harms,2,0.00034079
obstruct,2,0.00034079
Bronn,2,0.00034079
overthrown,2,0.00034079
Somebody,2,0.00034079
contest,2,0.00034079
Maman,2,0.00034079
manservant,2,0.00034079
shamefully,2,0.00034079
lamenting,2,0.00034079
lectures,2,0.00034079
innyard,2,0.00034079
Beat,2,0.00034079
purchases,2,0.00034079
yawned,2,0.00034079
Postmaster,2,0.00034079
Noticing,2,0.00034079
thronging,2,0.00034079
Forever,2,0.00034079
parcels,2,0.00034079
lemonade,2,0.00034079
scornfully,2,0.00034079
bombardment,2,0.00034079
prime,2,0.00034079
regularity,2,0.00034079
snuffboxes,2,0.00034079
Simplicity,2,0.00034079
marvels,2,0.00034079
solving,2,0.00034079
shrouded,2,0.00034079
splinter,2,0.00034079
rocked,2,0.00034079
widespread,2,0.00034079
superstition,2,0.00034079
sickle,2,0.00034079
hardhearted,2,0.00034079
edifying,2,0.00034079
obstinate,2,0.00034079
geometrical,2,0.00034079
doze,2,0.00034079
bov,2,0.00034079
Provincial,2,0.00034079
penthouse,2,0.00034079
stuffed,2,0.00034079
inkstand,2,0.00034079
dismantled,2,0.00034079
unshaven,2,0.00034079
bundle,2,0.00034079
vinegar,2,0.00034079
reaped,2,0.00034079
clutches,2,0.00034079
chisel,2,0.00034079
Black,2,0.00034079
topsy,2,0.00034079
storing,2,0.00034079
tenacious,2,0.00034079
Night,2,0.00034079
seeds,2,0.00034079
harvesting,2,0.00034079
superficial,2,0.00034079
undone,2,0.00034079
varied,2,0.00034079
Asch,2,0.00034079
shavings,2,0.00034079
possessions,2,0.00034079
turvy,2,0.00034079
fruitless,2,0.00034079
venial,2,0.00034079
practicing,2,0.00034079
helplessness,2,0.00034079
bishop,2,0.00034079
twinkling,2,0.00034079
cracking,2,0.00034079
domes,2,0.00034079
pedestal,2,0.00034079
embankment,2,0.00034079
tickling,2,0.00034079
signing,2,0.00034079
occupies,2,0.00034079
unloading,2,0.00034079
ecclesiastical,2,0.00034079
mold,2,0.00034079
guttural,2,0.00034079
MARY,2,0.00034079
halls,2,0.00034079
donc,2,0.00034079
refreshing,2,0.00034079
injuries,2,0.00034079
divorced,2,0.00034079
bloated,2,0.00034079
ignorant,2,0.00034079
sipping,2,0.00034079
ample,2,0.00034079
lawsuit,2,0.00034079
tint,2,0.00034079
Georgian,2,0.00034079
disappearance,2,0.00034079
sensual,2,0.00034079
decay,2,0.00034079
spire,2,0.00034079
godson,2,0.00034079
emptiness,2,0.00034079
entrusting,2,0.00034079
equip,2,0.00034079
abdomens,2,0.00034079
scandals,2,0.00034079
patriot,2,0.00034079
hives,2,0.00034079
Wants,2,0.00034079
avenues,2,0.00034079
Confessor,2,0.00034079
zski,2,0.00034079
Koll,2,0.00034079
mmer,2,0.00034079
rumbling,2,0.00034079
House,2,0.00034079
Maison,2,0.00034079
sacrilege,2,0.00034079
filthy,2,0.00034079
towel,2,0.00034079
nimble,2,0.00034079
mosque,2,0.00034079
ferocious,2,0.00034079
converting,2,0.00034079
beggar,2,0.00034079
poorest,2,0.00034079
impressively,2,0.00034079
preventing,2,0.00034079
canon,2,0.00034079
counsel,2,0.00034079
Kingdom,2,0.00034079
flabby,2,0.00034079
smote,2,0.00034079
sweeter,2,0.00034079
tangible,2,0.00034079
foment,2,0.00034079
hell,2,0.00034079
districts,2,0.00034079
thunderclaps,2,0.00034079
dangereux,2,0.00034079
voisinage,2,0.00034079
compliments,2,0.00034079
clubs,2,0.00034079
Cousinhood,2,0.00034079
bonnet,2,0.00034079
scapegrace,2,0.00034079
remarriage,2,0.00034079
otkupshch,2,0.00034079
implore,2,0.00034079
mayor,2,0.00034079
lifetime,2,0.00034079
marriages,2,0.00034079
tightened,2,0.00034079
townsfolk,2,0.00034079
alleys,2,0.00034079
quietest,2,0.00034079
impose,2,0.00034079
ornamental,2,0.00034079
overturned,2,0.00034079
institution,2,0.00034079
motley,2,0.00034079
straying,2,0.00034079
Empewah,2,0.00034079
galoshes,2,0.00034079
rejects,2,0.00034079
weign,2,0.00034079
Sophia,2,0.00034079
volume,2,0.00034079
Schubert,2,0.00034079
Ponds,2,0.00034079
Patriarch,2,0.00034079
hired,2,0.00034079
feasting,2,0.00034079
merrymaking,2,0.00034079
ensign,2,0.00034079
astonishing,2,0.00034079
managing,2,0.00034079
speakers,2,0.00034079
mumbling,2,0.00034079
quizzical,2,0.00034079
disguise,2,0.00034079
deliberations,2,0.00034079
approbation,2,0.00034079
ses,2,0.00034079
Tea,2,0.00034079
heaviness,2,0.00034079
peuples,2,0.00034079
relaxed,2,0.00034079
pectoris,2,0.00034079
bwother,2,0.00034079
Whew,2,0.00034079
inclinations,2,0.00034079
testily,2,0.00034079
Sergius,2,0.00034079
Venerable,2,0.00034079
tousled,2,0.00034079
roce,2,0.00034079
adapted,2,0.00034079
ripened,2,0.00034079
stays,2,0.00034079
wins,2,0.00034079
withers,2,0.00034079
wagged,2,0.00034079
peak,2,0.00034079
Sounds,2,0.00034079
Welt,2,0.00034079
ganze,2,0.00034079
Und,2,0.00034079
Equally,2,0.00034079
suspicious,2,0.00034079
looters,2,0.00034079
glaring,2,0.00034079
descendants,2,0.00034079
sentenced,2,0.00034079
unclouded,2,0.00034079
foreseeing,2,0.00034079
convert,2,0.00034079
subsequent,2,0.00034079
dictatorship,2,0.00034079
insufficiently,2,0.00034079
slaying,2,0.00034079
voluntary,2,0.00034079
Pitt,2,0.00034079
earliest,2,0.00034079
concurrence,2,0.00034079
rat,2,0.00034079
abstain,2,0.00034079
Leading,2,0.00034079
Supposing,2,0.00034079
burying,2,0.00034079
coinciding,2,0.00034079
Ready,2,0.00034079
doubles,2,0.00034079
singles,2,0.00034079
verser,2,0.00034079
expound,2,0.00034079
ou,2,0.00034079
gripped,2,0.00034079
impudently,2,0.00034079
cahd,2,0.00034079
Wetched,2,0.00034079
hommes,2,0.00034079
creeping,2,0.00034079
lackeys,2,0.00034079
Olga,2,0.00034079
grieving,2,0.00034079
benefactions,2,0.00034079
invalidity,2,0.00034079
contention,2,0.00034079
excess,2,0.00034079
Hundreds,2,0.00034079
sheaves,2,0.00034079
manes,2,0.00034079
untimely,2,0.00034079
hoch,2,0.00034079
clambered,2,0.00034079
glee,2,0.00034079
issuing,2,0.00034079
forged,2,0.00034079
Bavarians,2,0.00034079
rttembergers,2,0.00034079
provisioning,2,0.00034079
Stevens,2,0.00034079
swoon,2,0.00034079
Excited,2,0.00034079
adventure,2,0.00034079
Bruin,2,0.00034079
reviewing,2,0.00034079
arrogant,2,0.00034079
hiss,2,0.00034079
Russen,2,0.00034079
Hoch,2,0.00034079
suspects,2,0.00034079
Morgen,2,0.00034079
gut,2,0.00034079
maimed,2,0.00034079
dishonor,2,0.00034079
zealously,2,0.00034079
Danzig,2,0.00034079
Ukrainian,2,0.00034079
barracks,2,0.00034079
Vilkavisski,2,0.00034079
Walk,2,0.00034079
wetweating,2,0.00034079
alli,2,0.00034079
sainte,2,0.00034079
rope,2,0.00034079
astir,2,0.00034079
pouring,2,0.00034079
prosperity,2,0.00034079
Anf,2,0.00034079
Salzeneck,2,0.00034079
massacred,2,0.00034079
tranquility,2,0.00034079
dont,2,0.00034079
rien,2,0.00034079
gar,2,0.00034079
overlooked,2,0.00034079
bien,2,0.00034079
Bondar,2,0.00034079
abdomen,2,0.00034079
disregard,2,0.00034079
charging,2,0.00034079
Drive,2,0.00034079
tumbled,2,0.00034079
fervor,2,0.00034079
girt,2,0.00034079
fling,2,0.00034079
regretful,2,0.00034079
Tproo,2,0.00034079
Podnov,2,0.00034079
unsolicited,2,0.00034079
Illness,2,0.00034079
ambitious,2,0.00034079
Villeneuve,2,0.00034079
wicket,2,0.00034079
tongues,2,0.00034079
wrenching,2,0.00034079
Beautiful,2,0.00034079
interfered,2,0.00034079
tremble,2,0.00034079
elation,2,0.00034079
disasters,2,0.00034079
apologizing,2,0.00034079
lolled,2,0.00034079
parched,2,0.00034079
valses,2,0.00034079
assurances,2,0.00034079
intercepting,2,0.00034079
captors,2,0.00034079
deported,2,0.00034079
strangeness,2,0.00034079
calculating,2,0.00034079
whizz,2,0.00034079
whirring,2,0.00034079
succumb,2,0.00034079
patrols,2,0.00034079
alighting,2,0.00034079
convent,2,0.00034079
turrets,2,0.00034079
gorges,2,0.00034079
safeguard,2,0.00034079
partiality,2,0.00034079
militiaman,2,0.00034079
expectancy,2,0.00034079
mock,2,0.00034079
confluence,2,0.00034079
bitterness,2,0.00034079
Chig,2,0.00034079
wags,2,0.00034079
scandal,2,0.00034079
obstacle,2,0.00034079
jostling,2,0.00034079
administer,2,0.00034079
plot,2,0.00034079
clerical,2,0.00034079
roofed,2,0.00034079
passport,2,0.00034079
ashes,2,0.00034079
undo,2,0.00034079
eastwards,2,0.00034079
Cygne,2,0.00034079
philosophical,2,0.00034079
searched,2,0.00034079
Feel,2,0.00034079
drug,2,0.00034079
lend,2,0.00034079
grease,2,0.00034079
reassuring,2,0.00034079
Chevaliers,2,0.00034079
completeness,2,0.00034079
shuts,2,0.00034079
London,2,0.00034079
varnish,2,0.00034079
smacked,2,0.00034079
vacated,2,0.00034079
effected,2,0.00034079
duchy,2,0.00034079
portions,2,0.00034079
legitimists,2,0.00034079
disgusting,2,0.00034079
bons,2,0.00034079
magnitude,2,0.00034079
rivet,2,0.00034079
hoof,2,0.00034079
foreleg,2,0.00034079
marking,2,0.00034079
besprinkled,2,0.00034079
snuggery,2,0.00034079
sage,2,0.00034079
Behave,2,0.00034079
loathing,2,0.00034079
impassioned,2,0.00034079
proverbs,2,0.00034079
dor,2,0.00034079
dat,2,0.00034079
paperweight,2,0.00034079
ruining,2,0.00034079
morbid,2,0.00034079
plays,2,0.00034079
cawing,2,0.00034079
flog,2,0.00034079
Disregarding,2,0.00034079
Jacquot,2,0.00034079
mal,2,0.00034079
treason,2,0.00034079
maliciously,2,0.00034079
voil,2,0.00034079
welled,2,0.00034079
playfulness,2,0.00034079
chiefs,2,0.00034079
flay,2,0.00034079
tranger,2,0.00034079
quoique,2,0.00034079
arrow,2,0.00034079
scintillating,2,0.00034079
additions,2,0.00034079
obsequiously,2,0.00034079
devoured,2,0.00034079
lency,2,0.00034079
response,2,0.00034079
infinitesimals,2,0.00034079
rejoices,2,0.00034079
western,2,0.00034079
radius,2,0.00034079
disadvantageous,2,0.00034079
Discharge,2,0.00034079
appellation,2,0.00034079
Trust,2,0.00034079
moreover,2,0.00034079
fetes,2,0.00034079
enforce,2,0.00034079
bodyguard,2,0.00034079
meddling,2,0.00034079
ral,2,0.00034079
edged,2,0.00034079
efficacy,2,0.00034079
bookish,2,0.00034079
valves,2,0.00034079
decanter,2,0.00034079
tut,2,0.00034079
Light,2,0.00034079
righted,2,0.00034079
theorists,2,0.00034079
imbecile,2,0.00034079
startle,2,0.00034079
Polt,2,0.00034079
toying,2,0.00034079
vres,2,0.00034079
hearer,2,0.00034079
derisive,2,0.00034079
separates,2,0.00034079
convention,2,0.00034079
vengeance,2,0.00034079
unrelated,2,0.00034079
avenged,2,0.00034079
Parisian,2,0.00034079
sustained,2,0.00034079
translating,2,0.00034079
hangs,2,0.00034079
stateliness,2,0.00034079
succession,2,0.00034079
narrowly,2,0.00034079
Moskowa,2,0.00034079
stones,2,0.00034079
cochon,2,0.00034079
limonade,2,0.00034079
Nearest,2,0.00034079
trash,2,0.00034079
infinitesimally,2,0.00034079
Pressing,2,0.00034079
strictness,2,0.00034079
maniac,2,0.00034079
evince,2,0.00034079
Sighs,2,0.00034079
uncertainties,2,0.00034079
imparted,2,0.00034079
possessing,2,0.00034079
standstill,2,0.00034079
acquire,2,0.00034079
confessor,2,0.00034079
cabalistic,2,0.00034079
News,2,0.00034079
tangle,2,0.00034079
dash,2,0.00034079
jestingly,2,0.00034079
Marquis,2,0.00034079
intricate,2,0.00034079
oblique,2,0.00034079
khovo,2,0.00034079
Vislo,2,0.00034079
renegade,2,0.00034079
banging,2,0.00034079
mainspring,2,0.00034079
ferocity,2,0.00034079
climb,2,0.00034079
loyal,2,0.00034079
incendiarism,2,0.00034079
sex,2,0.00034079
arson,2,0.00034079
terminated,2,0.00034079
immutably,2,0.00034079
barbarity,2,0.00034079
bordering,2,0.00034079
Brigand,2,0.00034079
Sergeant,2,0.00034079
Off,2,0.00034079
snapped,2,0.00034079
barbarism,2,0.00034079
deviation,2,0.00034079
budding,2,0.00034079
Gave,2,0.00034079
Voyons,2,0.00034079
enfants,2,0.00034079
windy,2,0.00034079
austere,2,0.00034079
scientific,2,0.00034079
tilting,2,0.00034079
divining,2,0.00034079
superseded,2,0.00034079
twist,2,0.00034079
capabilities,2,0.00034079
petticoats,2,0.00034079
theoreticians,2,0.00034079
Told,2,0.00034079
frill,2,0.00034079
sow,2,0.00034079
furtively,2,0.00034079
wavered,2,0.00034079
bust,2,0.00034079
volunteer,2,0.00034079
correctness,2,0.00034079
Anyone,2,0.00034079
contrasted,2,0.00034079
mushroom,2,0.00034079
saltpeter,2,0.00034079
Bal,2,0.00034079
recross,2,0.00034079
mach,2,0.00034079
overcoming,2,0.00034079
wry,2,0.00034079
Lech,2,0.00034079
conscientiously,2,0.00034079
finely,2,0.00034079
feathers,2,0.00034079
organism,2,0.00034079
incongruous,2,0.00034079
disagree,2,0.00034079
malevolently,2,0.00034079
HALF,2,0.00034079
smoldering,2,0.00034079
archduke,2,0.00034079
earthen,2,0.00034079
chirped,2,0.00034079
hinges,2,0.00034079
inscription,2,0.00034079
elegance,2,0.00034079
overresist,2,0.00034079
Castr,2,0.00034079
infamous,2,0.00034079
requested,2,0.00034079
cricket,2,0.00034079
laurels,2,0.00034079
phrased,2,0.00034079
canvas,2,0.00034079
Gruz,2,0.00034079
envied,2,0.00034079
incompatibility,2,0.00034079
ablaze,2,0.00034079
timber,2,0.00034079
resentment,2,0.00034079
slamming,2,0.00034079
transitions,2,0.00034079
inserted,2,0.00034079
informs,2,0.00034079
Hamburg,2,0.00034079
aggression,2,0.00034079
escapade,2,0.00034079
girdle,2,0.00034079
Ryk,2,0.00034079
numbered,2,0.00034079
duelist,2,0.00034079
frames,2,0.00034079
trim,2,0.00034079
peacetime,2,0.00034079
enterprise,2,0.00034079
Nostitz,2,0.00034079
Entering,2,0.00034079
belts,2,0.00034079
airy,2,0.00034079
Traitors,2,0.00034079
enjoin,2,0.00034079
passports,2,0.00034079
eloquence,2,0.00034079
waning,2,0.00034079
Wallachia,2,0.00034079
Finland,2,0.00034079
Pushing,2,0.00034079
ratio,2,0.00034079
assailed,2,0.00034079
Wintzingerodes,2,0.00034079
fugitive,2,0.00034079
incompetent,2,0.00034079
Hercules,2,0.00034079
uninterruptedly,2,0.00034079
equivalent,2,0.00034079
Turenne,2,0.00034079
bragging,2,0.00034079
practically,2,0.00034079
marquise,2,0.00034079
incongruities,2,0.00034079
Pull,2,0.00034079
subaltern,2,0.00034079
sunset,2,0.00034079
reining,2,0.00034079
amour,2,0.00034079
artful,2,0.00034079
punctilious,2,0.00034079
oppress,2,0.00034079
monasteries,2,0.00034079
backwardness,2,0.00034079
Swedes,2,0.00034079
infuriated,2,0.00034079
reinstated,2,0.00034079
pomp,2,0.00034079
apprehensive,2,0.00034079
Duroc,2,0.00034079
hawk,2,0.00034079
unceasing,2,0.00034079
flavor,2,0.00034079
ranker,2,0.00034079
Hussar,2,0.00034079
corpulent,2,0.00034079
protruding,2,0.00034079
chilled,2,0.00034079
unharness,2,0.00034079
crisis,2,0.00034079
rakes,2,0.00034079
initiative,2,0.00034079
swerving,2,0.00034079
vibration,2,0.00034079
Baden,2,0.00034079
rectitude,2,0.00034079
strikingly,2,0.00034079
languages,2,0.00034079
downfall,2,0.00034079
dawned,2,0.00034079
Morning,2,0.00034079
commencing,2,0.00034079
discontinuous,2,0.00034079
sedately,2,0.00034079
moderate,2,0.00034079
heading,2,0.00034079
healed,2,0.00034079
droop,2,0.00034079
bulged,2,0.00034079
martialed,2,0.00034079
outlooks,2,0.00034079
drowsy,2,0.00034079
cutlets,2,0.00034079
straightforward,2,0.00034079
bothering,2,0.00034079
pavilion,2,0.00034079
eventualities,2,0.00034079
prolong,2,0.00034079
chagrin,2,0.00034079
digest,2,0.00034079
outbursts,2,0.00034079
adorn,2,0.00034079
160,2,0.00034079
lever,2,0.00034079
whirr,2,0.00034079
pulleys,2,0.00034079
fascinate,2,0.00034079
Anyhow,2,0.00034079
chimes,2,0.00034079
revolve,2,0.00034079
listens,2,0.00034079
henceforth,2,0.00034079
teasing,2,0.00034079
Announce,2,0.00034079
signify,2,0.00034079
weceipt,2,0.00034079
commissioner,2,0.00034079
billeted,2,0.00034079
stwaight,2,0.00034079
subtly,2,0.00034079
dislocated,2,0.00034079
reconnoitered,2,0.00034079
proclaimed,2,0.00034079
virulently,2,0.00034079
winova,2,0.00034079
shrinking,2,0.00034079
miller,2,0.00034079
school,2,0.00034079
cigar,2,0.00034079
Dohkt,2,0.00034079
twirling,2,0.00034079
lurking,2,0.00034079
disagreed,2,0.00034079
outwards,2,0.00034079
functions,2,0.00034079
Thuerassa,2,0.00034079
pungent,2,0.00034079
originated,2,0.00034079
skeleton,2,0.00034079
wakes,2,0.00034079
soldierly,2,0.00034079
tenacity,2,0.00034079
Alsatian,2,0.00034079
precedes,2,0.00034079
diligently,2,0.00034079
vortex,2,0.00034079
convoyed,2,0.00034079
Generals,2,0.00034079
blades,2,0.00034079
evergreen,2,0.00034079
cool,2,0.00034079
sown,2,0.00034079
draped,2,0.00034079
eccentric,2,0.00034079
sprawling,2,0.00034079
petitioner,2,0.00034079
dotted,2,0.00034079
ais,2,0.00034079
cramped,2,0.00034079
analyzing,2,0.00034079
chef,2,0.00034079
Government,2,0.00034079
bailiff,2,0.00034079
agent,2,0.00034079
ri,2,0.00034079
di,2,0.00034079
vivacity,2,0.00034079
actuated,2,0.00034079
assembling,2,0.00034079
alarming,2,0.00034079
seventeenth,2,0.00034079
mania,2,0.00034079
waked,2,0.00034079
Forgetting,2,0.00034079
pregnancies,2,0.00034079
gazers,2,0.00034079
bearskin,2,0.00034079
affable,2,0.00034079
gendarmes,2,0.00034079
tunic,2,0.00034079
reconstruction,2,0.00034079
spur,2,0.00034079
scrutiny,2,0.00034079
revolting,2,0.00034079
Twelve,2,0.00034079
francs,2,0.00034079
donning,2,0.00034079
sterile,2,0.00034079
severed,2,0.00034079
harboring,2,0.00034079
cameo,2,0.00034079
hotel,2,0.00034079
Instantly,2,0.00034079
Alley,2,0.00034079
whomever,2,0.00034079
monks,2,0.00034079
forgo,2,0.00034079
hindering,2,0.00034079
Confused,2,0.00034079
invincible,2,0.00034079
controls,2,0.00034079
followers,2,0.00034079
doubtfully,2,0.00034079
gallantly,2,0.00034079
appeased,2,0.00034079
encouraged,2,0.00034079
neutrality,2,0.00034079
Empewo,2,0.00034079
component,2,0.00034079
Gervinus,2,0.00034079
observantly,2,0.00034079
contingent,2,0.00034079
preclude,2,0.00034079
stirs,2,0.00034079
complaining,2,0.00034079
interaction,2,0.00034079
grooms,2,0.00034079
narration,2,0.00034079
parental,2,0.00034079
gonov,2,0.00034079
Str,2,0.00034079
sera,2,0.00034079
commercial,2,0.00034079
cassock,2,0.00034079
chickens,2,0.00034079
biographies,2,0.00034079
Charm,2,0.00034079
Delighted,2,0.00034079
loftiness,2,0.00034079
jingle,2,0.00034079
trotting,2,0.00034079
Malta,2,0.00034079
amie,2,0.00034079
commensurate,2,0.00034079
sights,2,0.00034079
volley,2,0.00034079
approximate,2,0.00034079
jeune,2,0.00034079
newcomers,2,0.00034079
saucer,2,0.00034079
womanish,2,0.00034079
commence,2,0.00034079
traders,2,0.00034079
abnegation,2,0.00034079
deemed,2,0.00034079
partake,2,0.00034079
Crazy,2,0.00034079
feebleness,2,0.00034079
despairingly,2,0.00034079
caissons,2,0.00034079
tattoo,2,0.00034079
breakfasting,2,0.00034079
wisps,2,0.00034079
skinny,2,0.00034079
Follow,2,0.00034079
hillside,2,0.00034079
illustrious,2,0.00034079
discovering,2,0.00034079
gullies,2,0.00034079
astwide,2,0.00034079
patroness,2,0.00034079
ticket,2,0.00034079
Napoleons,2,0.00034079
starve,2,0.00034079
beaucoup,2,0.00034079
estime,2,0.00034079
allegiance,2,0.00034079
Over,2,0.00034079
ryev,2,0.00034079
dugout,2,0.00034079
courtierlike,2,0.00034079
Na,2,0.00034079
tache,2,0.00034079
wobbewy,2,0.00034079
twy,2,0.00034079
Pugach,2,0.00034079
infantwy,2,0.00034079
haze,2,0.00034079
obeys,2,0.00034079
advances,2,0.00034079
yawn,2,0.00034079
Plenty,2,0.00034079
Bartenstein,2,0.00034079
propos,2,0.00034079
barren,2,0.00034079
defile,2,0.00034079
thaw,2,0.00034079
valleys,2,0.00034079
sprouted,2,0.00034079
thatched,2,0.00034079
surest,2,0.00034079
succeeds,2,0.00034079
predictions,2,0.00034079
milky,2,0.00034079
spreads,2,0.00034079
ferment,2,0.00034079
encouraging,2,0.00034079
includes,2,0.00034079
assumptions,2,0.00034079
Buckle,2,0.00034079
upbraid,2,0.00034079
exert,2,0.00034079
loads,2,0.00034079
guides,2,0.00034079
venturing,2,0.00034079
namesake,2,0.00034079
earnestly,2,0.00034079
flattery,2,0.00034079
rooted,2,0.00034079
brutes,2,0.00034079
exposition,2,0.00034079
mamma,2,0.00034079
Auntie,2,0.00034079
wriggling,2,0.00034079
device,2,0.00034079
adroitly,2,0.00034079
teatime,2,0.00034079
oxygen,2,0.00034079
definitions,2,0.00034079
midwinter,2,0.00034079
Humbug,2,0.00034079
origin,2,0.00034079
Commission,2,0.00034079
unrecognizable,2,0.00034079
damage,2,0.00034079
Laws,2,0.00034079
juridical,2,0.00034079
revision,2,0.00034079
formulating,2,0.00034079
Personal,2,0.00034079
Rights,2,0.00034079
resource,2,0.00034079
monarchies,2,0.00034079
parading,2,0.00034079
playmate,2,0.00034079
restaurant,2,0.00034079
Fichte,2,0.00034079
Photius,2,0.00034079
celebrating,2,0.00034079
wares,2,0.00034079
Certain,2,0.00034079
Jews,2,0.00034079
shortness,2,0.00034079
ylov,2,0.00034079
Ism,2,0.00034079
bribes,2,0.00034079
upheld,2,0.00034079
commissioned,2,0.00034079
braver,2,0.00034079
describes,2,0.00034079
suck,2,0.00034079
emulation,2,0.00034079
growth,2,0.00034079
insight,2,0.00034079
cradle,2,0.00034079
plumped,2,0.00034079
puffed,2,0.00034079
strove,2,0.00034079
Schelling,2,0.00034079
Abroad,2,0.00034079
governments,2,0.00034079
preaching,2,0.00034079
unsettled,2,0.00034079
shallow,2,0.00034079
pining,2,0.00034079
goings,2,0.00034079
acknowledgment,2,0.00034079
impropriety,2,0.00034079
republican,2,0.00034079
invaluable,2,0.00034079
strife,2,0.00034079
mattered,2,0.00034079
busied,2,0.00034079
hierarchy,2,0.00034079
Scottish,2,0.00034079
doctrine,2,0.00034079
silenced,2,0.00034079
chirping,2,0.00034079
artistic,2,0.00034079
innate,2,0.00034079
clasping,2,0.00034079
diverting,2,0.00034079
slowness,2,0.00034079
unattractive,2,0.00034079
insistence,2,0.00034079
banter,2,0.00034079
reunion,2,0.00034079
Faceted,2,0.00034079
infatuations,2,0.00034079
dissipations,2,0.00034079
pacifying,2,0.00034079
bog,2,0.00034079
waded,2,0.00034079
etiquette,2,0.00034079
Husband,2,0.00034079
vacillating,2,0.00034079
purport,2,0.00034079
associate,2,0.00034079
seducer,2,0.00034079
dainty,2,0.00034079
unbecoming,2,0.00034079
devilish,2,0.00034079
convened,2,0.00034079
girdled,2,0.00034079
drowsing,2,0.00034079
dissemination,2,0.00034079
granaries,2,0.00034079
tranquille,2,0.00034079
superstitions,2,0.00034079
hampered,2,0.00034079
surveyed,2,0.00034079
indestructible,2,0.00034079
shameless,2,0.00034079
unobtrusively,2,0.00034079
ingratiate,2,0.00034079
decisively,2,0.00034079
senselessly,2,0.00034079
Farther,2,0.00034079
irregularly,2,0.00034079
grecque,2,0.00034079
inquisitively,2,0.00034079
injure,2,0.00034079
earned,2,0.00034079
Stopping,2,0.00034079
peaks,2,0.00034079
undivided,2,0.00034079
backwash,2,0.00034079
captaincy,2,0.00034079
anticipate,2,0.00034079
fuller,2,0.00034079
disagreements,2,0.00034079
abate,2,0.00034079
plus,2,0.00034079
trumpeters,2,0.00034079
associates,2,0.00034079
deathlike,2,0.00034079
sunrise,2,0.00034079
outlawed,2,0.00034079
lances,2,0.00034079
streamers,2,0.00034079
gust,2,0.00034079
composing,2,0.00034079
mournfully,2,0.00034079
eventuality,2,0.00034079
foresight,2,0.00034079
minuteness,2,0.00034079
nitrogen,2,0.00034079
uppermost,2,0.00034079
warmest,2,0.00034079
ordained,2,0.00034079
bathe,2,0.00034079
chintz,2,0.00034079
pang,2,0.00034079
hunts,2,0.00034079
incurred,2,0.00034079
differing,2,0.00034079
sweetheart,2,0.00034079
laced,2,0.00034079
shady,2,0.00034079
sprinkling,2,0.00034079
sappy,2,0.00034079
transfigured,2,0.00034079
foliage,2,0.00034079
apprenticeship,2,0.00034079
fare,2,0.00034079
twigs,2,0.00034079
muzzle,2,0.00034079
Bending,2,0.00034079
renewal,2,0.00034079
unintentional,2,0.00034079
dreamer,2,0.00034079
nichnikov,2,0.00034079
enclosed,2,0.00034079
throb,2,0.00034079
speck,2,0.00034079
cleanest,2,0.00034079
calmness,2,0.00034079
fattened,2,0.00034079
Secretary,2,0.00034079
revels,2,0.00034079
herdsman,2,0.00034079
Indeed,2,0.00034079
Alarmed,2,0.00034079
Been,2,0.00034079
shift,2,0.00034079
disdainful,2,0.00034079
utilized,2,0.00034079
intimating,2,0.00034079
diffusion,2,0.00034079
allay,2,0.00034079
pawn,2,0.00034079
universities,2,0.00034079
accurate,2,0.00034079
lapse,2,0.00034079
Montesquieu,2,0.00034079
satisfactorily,2,0.00034079
rams,2,0.00034079
types,2,0.00034079
greenish,2,0.00034079
petitioning,2,0.00034079
collars,2,0.00034079
Caesars,2,0.00034079
Central,2,0.00034079
linstocks,2,0.00034079
roan,2,0.00034079
contrives,2,0.00034079
showy,2,0.00034079
wheeled,2,0.00034079
allied,2,0.00034079
frail,2,0.00034079
Shouldn,2,0.00034079
imitation,2,0.00034079
displease,2,0.00034079
deviating,2,0.00034079
captains,2,0.00034079
supernatural,2,0.00034079
serenity,2,0.00034079
sagacious,2,0.00034079
verge,2,0.00034079
plow,2,0.00034079
Arnauts,2,0.00034079
irregularity,2,0.00034079
Pry,2,0.00034079
customs,2,0.00034079
Should,2,0.00034079
TWELVE,2,0.00034079
THIRTEEN,2,0.00034079
throttle,2,0.00034079
FOURTEEN,2,0.00034079
FIFTEEN,2,0.00034079
Gates,2,0.00034079
hush,2,0.00034079
FIRST,2,0.00034079
BREACH,2,0.00034079
symbolized,2,0.00034079
termination,2,0.00034079
SECOND,2,0.00034079
uniformed,2,0.00034079
soles,2,0.00034079
NO,2,0.00034079
Lucca,2,0.00034079
waxen,2,0.00034079
vise,2,0.00034079
THAT,2,0.00034079
pledge,2,0.00034079
AGREE,2,0.00034079
shriek,2,0.00034079
Masonry,2,0.00034079
costs,2,0.00034079
damages,2,0.00034079
liability,2,0.00034079
cleanse,2,0.00034079
toils,2,0.00034079
FOUR,2,0.00034079
dowerless,2,0.00034079
weady,2,0.00034079
pilgrimage,2,0.00034079
wanderings,2,0.00034079
FIVE,2,0.00034079
07,2,0.00034079
SIX,2,0.00034079
SEVEN,2,0.00034079
accompaniment,2,0.00034079
zest,2,0.00034079
EIGHT,2,0.00034079
ELEVEN,2,0.00034079
fidelity,2,0.00034079
aprons,2,0.00034079
prediction,2,0.00034079
NINE,2,0.00034079
TEN,2,0.00034079
President,2,0.00034079
XXXV,2,0.00034079
childishly,2,0.00034079
mallet,2,0.00034079
XXXVI,2,0.00034079
XXXVII,2,0.00034079
XXXVIII,2,0.00034079
XXXIX,2,0.00034079
12,2,0.00034079
Separate,2,0.00034079
references,2,0.00034079
tes,2,0.00034079
selection,2,0.00034079
thermometer,2,0.00034079
noteworthy,2,0.00034079
wrathful,2,0.00034079
ottoman,2,0.00034079
temperature,2,0.00034079
mortification,2,0.00034079
voulu,2,0.00034079
despot,2,0.00034079
Demy,2,0.00034079
LICENSE,2,0.00034079
FULL,2,0.00034079
charg,2,0.00034079
bluntness,2,0.00034079
affaires,2,0.00034079
borrow,2,0.00034079
registered,2,0.00034079
Terms,2,0.00034079
owns,2,0.00034079
grippe,2,0.00034079
incomparably,2,0.00034079
perseverance,2,0.00034079
establishing,2,0.00034079
confidant,2,0.00034079
DAMAGES,2,0.00034079
WARRANTY,2,0.00034079
pillar,2,0.00034079
latch,2,0.00034079
larks,2,0.00034079
computer,2,0.00034079
pools,2,0.00034079
storms,2,0.00034079
snows,2,0.00034079
resume,2,0.00034079
indigestion,2,0.00034079
subscribe,2,0.00034079
subscribed,2,0.00034079
brandishing,2,0.00034079
ASCII,2,0.00034079
monument,2,0.00034079
Vanilla,2,0.00034079
Odessa,2,0.00034079
duels,2,0.00034079
realms,2,0.00034079
Scoundrels,2,0.00034079
scraggy,2,0.00034079
principals,2,0.00034079
prominently,2,0.00034079
raptures,2,0.00034079
swooping,2,0.00034079
slab,2,0.00034079
specified,2,0.00034079
knocks,2,0.00034079
struggles,2,0.00034079
Souza,2,0.00034079
Word,2,0.00034079
bones,2,0.00034079
federal,2,0.00034079
governs,2,0.00034079
associating,2,0.00034079
boyhood,2,0.00034079
bated,2,0.00034079
Smolyan,2,0.00034079
agonizing,2,0.00034079
misleading,2,0.00034079
pondering,2,0.00034079
diligent,2,0.00034079
enlighten,2,0.00034079
purifying,2,0.00034079
regenerating,2,0.00034079
indignant,2,0.00034079
computers,2,0.00034079
indignantly,2,0.00034079
widest,2,0.00034079
sways,2,0.00034079
Made,2,0.00034079
exhortation,2,0.00034079
readable,2,0.00034079
accommodation,2,0.00034079
dejection,2,0.00034079
scornful,2,0.00034079
somber,2,0.00034079
purest,2,0.00034079
ebook,2,0.00034079
didst,2,0.00034079
chemistry,2,0.00034079
exulting,2,0.00034079
gifts,2,0.00034079
orgies,2,0.00034079
forefather,2,0.00034079
cooperation,2,0.00034079
regrettable,2,0.00034079
repugnance,2,0.00034079
beliefs,2,0.00034079
Thomas,2,0.00034079
Donations,2,0.00034079
ceremonious,2,0.00034079
devotional,2,0.00034079
sponsor,2,0.00034079
nibbled,2,0.00034079
whatsoever,2,0.00034079
numb,2,0.00034079
actively,2,0.00034079
wraps,2,0.00034079
Loud,2,0.00034079
overhanging,2,0.00034079
discourse,2,0.00034079
disclaimer,2,0.00034079
EBOOK,2,0.00034079
scrawled,2,0.00034079
trouser,2,0.00034079
economical,2,0.00034079
WARRANTIES,2,0.00034079
800,2,0.00034079
scored,2,0.00034079
muddled,2,0.00034079
Moving,2,0.00034079
electronically,2,0.00034079
Beneath,2,0.00034079
vibrated,2,0.00034079
Hotel,2,0.00034079
Anger,2,0.00034079
vices,2,0.00034079
pre,2,0.00034079
stature,2,0.00034079
unevenly,2,0.00034079
prettiest,2,0.00034079
exceptionally,2,0.00034079
TO,2,0.00034079
mallets,2,0.00034079
NOT,2,0.00034079
TWO,2,0.00034079
THREE,2,0.00034079
lieu,2,0.00034079
cured,2,0.00034079
affetto,2,0.00034079
crudele,2,0.00034079
mio,2,0.00034079
anticipation,2,0.00034079
Leo,2,0.00034079
Tolstoy,2,0.00034079
untrained,2,0.00034079
connoisseurs,2,0.00034079
rapt,2,0.00034079
lifelessly,2,0.00034079
Maude,2,0.00034079
Release,2,0.00034079
hieroglyph,2,0.00034079
ba,2,0.00034079
2001,2,0.00034079
recompense,2,0.00034079
morality,2,0.00034079
agate,2,0.00034079
Enchantress,2,0.00034079
thicker,2,0.00034079
pervaded,2,0.00034079
initiation,2,0.00034079
Lucky,2,0.00034079
Twenty,2,0.00034079
Supper,2,0.00034079
START,2,0.00034079
barcarolle,2,0.00034079
participate,2,0.00034079
gladdening,2,0.00034079
touchingly,2,0.00034079
ing,2,0.00034079
flocked,2,0.00034079
organization,2,0.00034079
plaiting,2,0.00034079
fy,2,0.00034079
Prok,2,0.00034079
loosely,2,0.00034079
stencil,2,0.00034079
generalized,2,0.00034079
adversary,2,0.00034079
signboards,2,0.00034079
toy,2,0.00034079
uselessness,2,0.00034079
Returning,2,0.00034079
bilious,2,0.00034079
oblivion,2,0.00034079
Bismarck,2,0.00034079
uninteresting,2,0.00034079
brink,2,0.00034079
bathhouse,2,0.00034079
indefinable,2,0.00034079
unplastered,2,0.00034079
Sukht,2,0.00034079
obligatory,2,0.00034079
borrowing,2,0.00034079
matured,2,0.00034079
adapting,2,0.00034079
submits,2,0.00034079
acquiring,2,0.00034079
cognition,2,0.00034079
matches,2,0.00034079
80,2,0.00034079
150,2,0.00034079
70,2,0.00034079
100,2,0.00034079
workshops,2,0.00034079
loans,2,0.00034079
haul,2,0.00034079
persistence,2,0.00034079
proprietor,2,0.00034079
frocks,2,0.00034079
servile,2,0.00034079
mustached,2,0.00034079
lunches,2,0.00034079
precepts,2,0.00034079
Arriving,2,0.00034079
Hallo,2,0.00034079
reforming,2,0.00034079
concessions,2,0.00034079
concourse,2,0.00034079
adoring,2,0.00034079
injunctions,2,0.00034079
despondent,2,0.00034079
dares,2,0.00034079
violation,2,0.00034079
lamented,2,0.00034079
immersed,2,0.00034079
riveted,2,0.00034079
deferentially,2,0.00034079
crumbled,2,0.00034079
sect,2,0.00034079
infringement,2,0.00034079
Understand,2,0.00034079
unfortunates,2,0.00034079
inertia,2,0.00034079
flooding,2,0.00034079
unconditionally,2,0.00034079
heaps,2,0.00034079
Hosjeradek,2,0.00034079
international,2,0.00034079
ladder,2,0.00034079
vanish,2,0.00034079
vanishes,2,0.00034079
Whole,2,0.00034079
outwardly,2,0.00034079
rely,2,0.00034079
traversed,2,0.00034079
garment,2,0.00034079
railing,2,0.00034079
probing,2,0.00034079
everlasting,2,0.00034079
trophy,2,0.00034079
improvements,2,0.00034079
constructing,2,0.00034079
profusely,2,0.00034079
flagstaff,2,0.00034079
oftenest,2,0.00034079
prochain,2,0.00034079
crooking,2,0.00034079
toss,2,0.00034079
generalization,2,0.00034079
wedged,2,0.00034079
Pointing,2,0.00034079
handled,2,0.00034079
cleanly,2,0.00034079
angling,2,0.00034079
thankful,2,0.00034079
rallying,2,0.00034079
react,2,0.00034079
paymaster,2,0.00034079
unique,2,0.00034079
proprietors,2,0.00034079
callous,2,0.00034079
Directory,2,0.00034079
intrude,2,0.00034079
foreheads,2,0.00034079
grudged,2,0.00034079
virulent,2,0.00034079
exerted,2,0.00034079
lent,2,0.00034079
February,2,0.00034079
anonymous,2,0.00034079
unsolved,2,0.00034079
trusha,2,0.00034079
Consciousness,2,0.00034079
Reason,2,0.00034079
cantata,2,0.00034079
unintentionally,2,0.00034079
armchairs,2,0.00034079
childishness,2,0.00034079
sterlet,2,0.00034079
influencing,2,0.00034079
Facing,2,0.00034079
zero,2,0.00034079
allusion,2,0.00034079
Alexanders,2,0.00034079
scowled,2,0.00034079
waken,2,0.00034079
Conquest,2,0.00034079
abstained,2,0.00034079
surrounds,2,0.00034079
sheets,2,0.00034079
committeemen,2,0.00034079
unconditioned,2,0.00034079
Cover,2,0.00034079
bases,2,0.00034079
sucked,2,0.00034079
defenders,2,0.00034079
combatants,2,0.00034079
thwee,2,0.00034079
antagonists,2,0.00034079
attempting,2,0.00034079
Ptolemaic,2,0.00034079
Glogau,2,0.00034079
abstaining,2,0.00034079
irreparable,2,0.00034079
disproving,2,0.00034079
bully,2,0.00034079
interrogatively,2,0.00034079
circumspectly,2,0.00034079
Pardon,2,0.00034079
affirmative,2,0.00034079
precedents,2,0.00034079
dissecting,2,0.00034079
charmed,2,0.00034079
leaflets,2,0.00034079
infinitesimal,2,0.00034079
Confound,2,0.00034079
pedantic,2,0.00034079
dandling,2,0.00034079
tomb,2,0.00034079
impetuous,2,0.00034079
businesslike,2,0.00034079
experimental,2,0.00034079
overflow,2,0.00034079
sleeker,2,0.00034079
plasterers,2,0.00034079
hothouses,2,0.00034079
Hurry,2,0.00034079
smacking,2,0.00034079
scale,2,0.00034079
convalescent,2,0.00034079
physiology,2,0.00034079
punishments,2,0.00034079
rocking,2,0.00034079
strawberries,2,0.00034079
conditioned,2,0.00034079
asparagus,2,0.00034079
Feokt,2,0.00034079
sprees,2,0.00034079
naturalists,2,0.00034079
festivities,2,0.00034079
ethics,2,0.00034079
statistics,2,0.00034079
thinkers,2,0.00034079
cooled,2,0.00034079
boulevards,2,0.00034079
cleverest,2,0.00034079
apes,2,0.00034079
exclusion,2,0.00034079
comical,2,0.00034079
virile,2,0.00034079
dishonest,2,0.00034079
discretion,2,0.00034079
bile,2,0.00034079
throws,2,0.00034079
subservience,2,0.00034079
fashionably,2,0.00034079
ns,2,0.00034079
psychological,2,0.00034079
springtime,2,0.00034079
singlehanded,2,0.00034079
angelic,2,0.00034079
Prozor,2,0.00034079
Set,2,0.00034079
causation,2,0.00034079
modeling,2,0.00034079
weathercock,2,0.00034079
acclamations,2,0.00034079
conduced,2,0.00034079
production,2,0.00034079
diminishes,2,0.00034079
journeys,2,0.00034079
interior,2,0.00034079
discerned,2,0.00034079
increasingly,2,0.00034079
physiological,2,0.00034079
Exactly,2,0.00034079
corked,2,0.00034079
reciting,2,0.00034079
smothered,2,0.00034079
nag,2,0.00034079
entitled,2,0.00034079
disconcert,2,0.00034079
Eighth,2,0.00034079
shattered,2,0.00034079
focused,2,0.00034079
imprisoned,2,0.00034079
recollected,2,0.00034079
attracts,2,0.00034079
Right,2,0.00034079
Frenchies,2,0.00034079
jabbered,2,0.00034079
Marriages,2,0.00034079
Aline,2,0.00034079
rubber,2,0.00034079
hastens,2,0.00034079
promotions,2,0.00034079
nourish,2,0.00034079
hors,2,0.00034079
stock,2,0.00034079
comparatively,2,0.00034079
expletives,2,0.00034079
palpably,2,0.00034079
stacked,2,0.00034079
munched,2,0.00034079
chuckle,2,0.00034079
paralyzed,2,0.00034079
afar,2,0.00034079
Halt,2,0.00034079
recreation,2,0.00034079
Turk,2,0.00034079
axes,2,0.00034079
spindles,2,0.00034079
dazzlingly,2,0.00034079
Similarly,2,0.00034079
reverted,2,0.00034079
conjugal,2,0.00034079
mirthless,2,0.00034079
text,2,0.00034079
Fires,2,0.00034079
enlivened,2,0.00034079
taller,2,0.00034079
conservatories,2,0.00034079
magnificence,2,0.00034079
contributed,2,0.00034079
ghost,2,0.00034079
rubbers,2,0.00034079
effective,2,0.00034079
scattering,2,0.00034079
pillars,2,0.00034079
refill,2,0.00034079
duck,2,0.00034079
chilly,2,0.00034079
stifles,2,0.00034079
fanned,2,0.00034079
sloth,2,0.00034079
footgear,2,0.00034079
surmise,2,0.00034079
congealed,2,0.00034079
untied,2,0.00034079
triple,2,0.00034079
slung,2,0.00034079
temerity,2,0.00034079
brutal,2,0.00034079
vacancy,2,0.00034079
mundane,2,0.00034079
classic,2,0.00034079
dulled,2,0.00034079
roasting,2,0.00034079
emerges,2,0.00034079
zu,2,0.00034079
incautiously,2,0.00034079
reigns,2,0.00034079
superintended,2,0.00034079
spinning,2,0.00034079
streak,2,0.00034079
Stepping,2,0.00034079
blank,2,0.00034079
Nature,2,0.00034079
fichu,2,0.00034079
Yus,2,0.00034079
shovel,2,0.00034079
howl,2,0.00034079
intrusion,2,0.00034079
peas,2,0.00034079
mill,2,0.00034079
ensuring,2,0.00034079
tevna,2,0.00034079
fluffy,2,0.00034079
rogues,2,0.00034079
willingness,2,0.00034079
plumed,2,0.00034079
grunt,2,0.00034079
voluntarily,2,0.00034079
Lovely,2,0.00034079
mansion,2,0.00034079
blaze,2,0.00034079
pr,2,0.00034079
glossy,2,0.00034079
charcoal,2,0.00034079
treats,2,0.00034079
detriment,2,0.00034079
sprained,2,0.00034079
Narrow,2,0.00034079
weighing,2,0.00034079
unparalleled,2,0.00034079
ich,2,0.00034079
chancellor,2,0.00034079
unhesitating,2,0.00034079
Councilor,2,0.00034079
tack,2,0.00034079
joint,2,0.00034079
richer,2,0.00034079
Bedchamber,2,0.00034079
Gentleman,2,0.00034079
beset,2,0.00034079
choicest,2,0.00034079
businessmen,2,0.00034079
girlhood,2,0.00034079
plastered,2,0.00034079
behindhand,2,0.00034079
closeness,2,0.00034079
exclusive,2,0.00034079
accounted,2,0.00034079
improbable,2,0.00034079
kinder,2,0.00034079
injuring,2,0.00034079
bodices,2,0.00034079
claret,2,0.00034079
reunited,2,0.00034079
unbearable,2,0.00034079
reprehensible,2,0.00034079
numerically,2,0.00034079
incommensurable,2,0.00034079
incomplete,2,0.00034079
worthlessness,2,0.00034079
Lower,2,0.00034079
bone,2,0.00034079
reorganized,2,0.00034079
Du,2,0.00034079
lucrative,2,0.00034079
requesting,2,0.00034079
usefulness,2,0.00034079
impoverished,2,0.00034079
torch,2,0.00034079
owned,2,0.00034079
provincials,2,0.00034079
staccato,2,0.00034079
lassies,2,0.00034079
Youth,2,0.00034079
frivolity,2,0.00034079
quarreling,2,0.00034079
Finnish,2,0.00034079
Knight,2,0.00034079
drowsiness,2,0.00034079
cotton,2,0.00034079
knob,2,0.00034079
quickening,2,0.00034079
Firhoff,2,0.00034079
bribed,2,0.00034079
legislative,2,0.00034079
glamour,2,0.00034079
hardened,2,0.00034079
werden,2,0.00034079
adulation,2,0.00034079
loudest,2,0.00034079
inconsistent,2,0.00034079
miniaturist,2,0.00034079
cotillion,2,0.00034079
unquestionable,2,0.00034079
estimable,2,0.00034079
devoid,2,0.00034079
redounded,2,0.00034079
claims,2,0.00034079
partisans,2,0.00034079
mutter,2,0.00034079
Rapidly,2,0.00034079
artificially,2,0.00034079
pitying,2,0.00034079
surrendering,2,0.00034079
feasible,2,0.00034079
bluestocking,2,0.00034079
entrust,2,0.00034079
furrows,2,0.00034079
Zalet,2,0.00034079
benevolence,2,0.00034079
tactful,2,0.00034079
culminating,2,0.00034079
seigneur,2,0.00034079
reiterated,2,0.00034079
mathematical,2,0.00034079
mornings,2,0.00034079
stress,2,0.00034079
Surrounded,2,0.00034079
leaping,2,0.00034079
disregarding,2,0.00034079
spleen,2,0.00034079
102,2,0.00034079
negligence,2,0.00034079
crank,2,0.00034079
toe,2,0.00034079
harmed,2,0.00034079
superb,2,0.00034079
disobeying,2,0.00034079
outlines,2,0.00034079
absorption,2,0.00034079
detrimental,1,0.000170395
charities,1,0.000170395
lisa,1,0.000170395
carters,1,0.000170395
compress,1,0.000170395
inauguration,1,0.000170395
regulating,1,0.000170395
Prices,1,0.000170395
cookshops,1,0.000170395
seminarists,1,0.000170395
dolefully,1,0.000170395
discreet,1,0.000170395
suspecting,1,0.000170395
enhance,1,0.000170395
surveys,1,0.000170395
flamed,1,0.000170395
Maistre,1,0.000170395
tantamount,1,0.000170395
outdated,1,0.000170395
precursor,1,0.000170395
piecemeal,1,0.000170395
deduce,1,0.000170395
appealing,1,0.000170395
Hors,1,0.000170395
gendarme,1,0.000170395
disparity,1,0.000170395
canceled,1,0.000170395
sacristan,1,0.000170395
ranging,1,0.000170395
ignoramuses,1,0.000170395
Pity,1,0.000170395
courtesan,1,0.000170395
incursions,1,0.000170395
denying,1,0.000170395
accommodated,1,0.000170395
sizes,1,0.000170395
scullions,1,0.000170395
interference,1,0.000170395
frog,1,0.000170395
renowned,1,0.000170395
defender,1,0.000170395
protector,1,0.000170395
rabbit,1,0.000170395
avalanche,1,0.000170395
compactly,1,0.000170395
involves,1,0.000170395
mats,1,0.000170395
rhapsodies,1,0.000170395
Hoffman,1,0.000170395
entrances,1,0.000170395
woodwork,1,0.000170395
rout,1,0.000170395
unbuttressed,1,0.000170395
selle,1,0.000170395
onya,1,0.000170395
commodities,1,0.000170395
disconsolately,1,0.000170395
expeditiously,1,0.000170395
countermanded,1,0.000170395
Press,1,0.000170395
repacked,1,0.000170395
repacking,1,0.000170395
Saxony,1,0.000170395
ware,1,0.000170395
secretions,1,0.000170395
unsaddling,1,0.000170395
lozenge,1,0.000170395
gwown,1,0.000170395
tapestries,1,0.000170395
religions,1,0.000170395
postilions,1,0.000170395
Gobelin,1,0.000170395
illumination,1,0.000170395
flurrying,1,0.000170395
IRS,1,0.000170395
criticizes,1,0.000170395
alarms,1,0.000170395
wielder,1,0.000170395
multiplied,1,0.000170395
imaginations,1,0.000170395
footboard,1,0.000170395
solvable,1,0.000170395
fasten,1,0.000170395
volumes,1,0.000170395
cognizant,1,0.000170395
discard,1,0.000170395
inapplicable,1,0.000170395
camping,1,0.000170395
Electricity,1,0.000170395
tag,1,0.000170395
Atoms,1,0.000170395
shamefacedly,1,0.000170395
4x,1,0.000170395
confidante,1,0.000170395
tempest,1,0.000170395
Cases,1,0.000170395
roadway,1,0.000170395
Start,1,0.000170395
anticipating,1,0.000170395
foams,1,0.000170395
champing,1,0.000170395
Falcon,1,0.000170395
severance,1,0.000170395
aggrieved,1,0.000170395
assignment,1,0.000170395
Examining,1,0.000170395
intuition,1,0.000170395
Cousinage,1,0.000170395
cudgels,1,0.000170395
Compliance,1,0.000170395
Morally,1,0.000170395
extinction,1,0.000170395
cited,1,0.000170395
rifles,1,0.000170395
militarist,1,0.000170395
girdles,1,0.000170395
oratory,1,0.000170395
meanings,1,0.000170395
pov,1,0.000170395
slice,1,0.000170395
Fortune,1,0.000170395
Wealth,1,0.000170395
diversions,1,0.000170395
misses,1,0.000170395
repletion,1,0.000170395
uncontrolled,1,0.000170395
officially,1,0.000170395
foragers,1,0.000170395
applies,1,0.000170395
adequately,1,0.000170395
Altogether,1,0.000170395
utters,1,0.000170395
regularizing,1,0.000170395
urge,1,0.000170395
stricter,1,0.000170395
spruce,1,0.000170395
Flourishing,1,0.000170395
progressed,1,0.000170395
popularization,1,0.000170395
conciliate,1,0.000170395
15y,1,0.000170395
tease,1,0.000170395
suffice,1,0.000170395
obscurities,1,0.000170395
theological,1,0.000170395
ethical,1,0.000170395
equation,1,0.000170395
unknowns,1,0.000170395
youngsters,1,0.000170395
climbing,1,0.000170395
incontestably,1,0.000170395
strapped,1,0.000170395
settles,1,0.000170395
congregated,1,0.000170395
pulls,1,0.000170395
resists,1,0.000170395
Salomoni,1,0.000170395
needing,1,0.000170395
scientists,1,0.000170395
impermeability,1,0.000170395
dampness,1,0.000170395
perplexing,1,0.000170395
sidled,1,0.000170395
prompting,1,0.000170395
foretell,1,0.000170395
behaves,1,0.000170395
ricorde,1,0.000170395
mis,1,0.000170395
encumbering,1,0.000170395
Comtesse,1,0.000170395
manqu,1,0.000170395
cuts,1,0.000170395
extenuating,1,0.000170395
parce,1,0.000170395
furieuse,1,0.000170395
veux,1,0.000170395
remoteness,1,0.000170395
dispensations,1,0.000170395
devoirs,1,0.000170395
comprenez,1,0.000170395
inclining,1,0.000170395
watchmaker,1,0.000170395
irresponsibility,1,0.000170395
connect,1,0.000170395
hitched,1,0.000170395
permeated,1,0.000170395
rumbled,1,0.000170395
Sublime,1,0.000170395
dipping,1,0.000170395
pigeons,1,0.000170395
warrant,1,0.000170395
Filled,1,0.000170395
spoonfuls,1,0.000170395
bearer,1,0.000170395
reassembled,1,0.000170395
atrocity,1,0.000170395
relapse,1,0.000170395
Secrets,1,0.000170395
minimize,1,0.000170395
stumps,1,0.000170395
causeless,1,0.000170395
simpleton,1,0.000170395
bumped,1,0.000170395
Dusk,1,0.000170395
misconduct,1,0.000170395
hinting,1,0.000170395
finite,1,0.000170395
rehearsing,1,0.000170395
squarely,1,0.000170395
unborn,1,0.000170395
tresse,1,0.000170395
babe,1,0.000170395
Une,1,0.000170395
salliance,1,0.000170395
grandfathers,1,0.000170395
Greatness,1,0.000170395
fundamentals,1,0.000170395
84116,1,0.000170395
genewal,1,0.000170395
UT,1,0.000170395
surnames,1,0.000170395
nip,1,0.000170395
unvarying,1,0.000170395
learns,1,0.000170395
adjust,1,0.000170395
Feokl,1,0.000170395
obstruction,1,0.000170395
fewest,1,0.000170395
Whosoever,1,0.000170395
irrevocably,1,0.000170395
unmoved,1,0.000170395
Armed,1,0.000170395
risky,1,0.000170395
unevoked,1,0.000170395
forbids,1,0.000170395
excludes,1,0.000170395
justifiability,1,0.000170395
presupposable,1,0.000170395
equaled,1,0.000170395
Komar,1,0.000170395
596,1,0.000170395
befitted,1,0.000170395
obliges,1,0.000170395
uninfluenced,1,0.000170395
easygoing,1,0.000170395
801,1,0.000170395
Theatricals,1,0.000170395
colder,1,0.000170395
custody,1,0.000170395
Messrs,1,0.000170395
prowess,1,0.000170395
painter,1,0.000170395
cookshop,1,0.000170395
lyrical,1,0.000170395
Esaul,1,0.000170395
flowerpots,1,0.000170395
Lov,1,0.000170395
penthouses,1,0.000170395
participants,1,0.000170395
Austro,1,0.000170395
yski,1,0.000170395
questionably,1,0.000170395
killer,1,0.000170395
abominably,1,0.000170395
chroniclers,1,0.000170395
trader,1,0.000170395
renovation,1,0.000170395
Settled,1,0.000170395
Thirteen,1,0.000170395
barbarians,1,0.000170395
varies,1,0.000170395
drowns,1,0.000170395
lubricant,1,0.000170395
steals,1,0.000170395
retrieving,1,0.000170395
deter,1,0.000170395
elicited,1,0.000170395
defenseless,1,0.000170395
peaceably,1,0.000170395
sipped,1,0.000170395
straggler,1,0.000170395
Closer,1,0.000170395
correspondingly,1,0.000170395
coexisting,1,0.000170395
wonted,1,0.000170395
populated,1,0.000170395
straightens,1,0.000170395
breathes,1,0.000170395
tranquillize,1,0.000170395
Suffering,1,0.000170395
harmlessly,1,0.000170395
Harness,1,0.000170395
pump,1,0.000170395
unspoken,1,0.000170395
Slipping,1,0.000170395
individuality,1,0.000170395
insistent,1,0.000170395
strewed,1,0.000170395
malefactors,1,0.000170395
leaking,1,0.000170395
mitigates,1,0.000170395
Attila,1,0.000170395
gratuitous,1,0.000170395
commensurable,1,0.000170395
deserving,1,0.000170395
1887,1,0.000170395
founder,1,0.000170395
inventor,1,0.000170395
rearranging,1,0.000170395
communal,1,0.000170395
impresses,1,0.000170395
correlation,1,0.000170395
Email,1,0.000170395
Educate,1,0.000170395
licensed,1,0.000170395
apprehend,1,0.000170395
baffled,1,0.000170395
investigate,1,0.000170395
frustrated,1,0.000170395
Possibly,1,0.000170395
sty,1,0.000170395
Steam,1,0.000170395
haunches,1,0.000170395
nonmoral,1,0.000170395
withstood,1,0.000170395
zak,1,0.000170395
sheaf,1,0.000170395
fork,1,0.000170395
pronged,1,0.000170395
lchikov,1,0.000170395
Clothes,1,0.000170395
unfounded,1,0.000170395
villa,1,0.000170395
lozenges,1,0.000170395
Corvisart,1,0.000170395
sales,1,0.000170395
intruder,1,0.000170395
repairs,1,0.000170395
Borov,1,0.000170395
arbiter,1,0.000170395
evacuated,1,0.000170395
congestion,1,0.000170395
stoppage,1,0.000170395
infringers,1,0.000170395
centralization,1,0.000170395
Recognizing,1,0.000170395
donors,1,0.000170395
th,1,0.000170395
coup,1,0.000170395
qualms,1,0.000170395
informant,1,0.000170395
acceptance,1,0.000170395
unmistakably,1,0.000170395
circumspection,1,0.000170395
observance,1,0.000170395
violations,1,0.000170395
addresses,1,0.000170395
arcade,1,0.000170395
biographical,1,0.000170395
cordon,1,0.000170395
conquering,1,0.000170395
negligently,1,0.000170395
outrageous,1,0.000170395
muster,1,0.000170395
drummers,1,0.000170395
donation,1,0.000170395
International,1,0.000170395
subjugated,1,0.000170395
customers,1,0.000170395
expulsion,1,0.000170395
affability,1,0.000170395
lance,1,0.000170395
Legitimist,1,0.000170395
National,1,0.000170395
affirm,1,0.000170395
Vlas,1,0.000170395
web,1,0.000170395
purchasers,1,0.000170395
prohibition,1,0.000170395
brandish,1,0.000170395
usurpations,1,0.000170395
ivy,1,0.000170395
Tall,1,0.000170395
Drones,1,0.000170395
Therefore,1,0.000170395
robbers,1,0.000170395
chary,1,0.000170395
creep,1,0.000170395
chalks,1,0.000170395
cotyledons,1,0.000170395
solicitation,1,0.000170395
monstrosity,1,0.000170395
sternness,1,0.000170395
Historians,1,0.000170395
structures,1,0.000170395
represents,1,0.000170395
excrement,1,0.000170395
DONATIONS,1,0.000170395
clusters,1,0.000170395
prim,1,0.000170395
closes,1,0.000170395
delegation,1,0.000170395
frilled,1,0.000170395
tranquilly,1,0.000170395
reek,1,0.000170395
Escaping,1,0.000170395
reacted,1,0.000170395
moss,1,0.000170395
reactions,1,0.000170395
partitions,1,0.000170395
bumblebees,1,0.000170395
bumblebee,1,0.000170395
Philippe,1,0.000170395
fragmentary,1,0.000170395
Raisins,1,0.000170395
butterflies,1,0.000170395
delegations,1,0.000170395
rapiers,1,0.000170395
wasps,1,0.000170395
abundantly,1,0.000170395
transferences,1,0.000170395
smother,1,0.000170395
commenced,1,0.000170395
inhumanly,1,0.000170395
Pe,1,0.000170395
arduously,1,0.000170395
inquires,1,0.000170395
stupidly,1,0.000170395
specific,1,0.000170395
plashed,1,0.000170395
Paper,1,0.000170395
discordantly,1,0.000170395
pimples,1,0.000170395
tokens,1,0.000170395
Varv,1,0.000170395
serviceable,1,0.000170395
evade,1,0.000170395
counters,1,0.000170395
assignat,1,0.000170395
currency,1,0.000170395
readers,1,0.000170395
domination,1,0.000170395
predominance,1,0.000170395
Tipsy,1,0.000170395
trustful,1,0.000170395
bootmaker,1,0.000170395
professedly,1,0.000170395
disruption,1,0.000170395
scamp,1,0.000170395
anguish,1,0.000170395
Murderer,1,0.000170395
email,1,0.000170395
bleared,1,0.000170395
PG,1,0.000170395
jerkily,1,0.000170395
solidified,1,0.000170395
Murder,1,0.000170395
smiths,1,0.000170395
edition,1,0.000170395
unforeseen,1,0.000170395
tinge,1,0.000170395
revelry,1,0.000170395
clamored,1,0.000170395
smithy,1,0.000170395
blacksmiths,1,0.000170395
circulate,1,0.000170395
mug,1,0.000170395
Professor,1,0.000170395
Battle,1,0.000170395
grinning,1,0.000170395
deranged,1,0.000170395
broadening,1,0.000170395
collects,1,0.000170395
keyboard,1,0.000170395
desolation,1,0.000170395
strumming,1,0.000170395
hydra,1,0.000170395
affably,1,0.000170395
dung,1,0.000170395
subjugates,1,0.000170395
vituperation,1,0.000170395
twaddle,1,0.000170395
noblest,1,0.000170395
destructions,1,0.000170395
thickest,1,0.000170395
sheer,1,0.000170395
ostentatiously,1,0.000170395
checks,1,0.000170395
annoying,1,0.000170395
waterproof,1,0.000170395
differ,1,0.000170395
Hart,1,0.000170395
wields,1,0.000170395
mutations,1,0.000170395
slaughtering,1,0.000170395
forsake,1,0.000170395
vespertime,1,0.000170395
protracted,1,0.000170395
impersonate,1,0.000170395
slandered,1,0.000170395
flicked,1,0.000170395
boil,1,0.000170395
relived,1,0.000170395
Confederation,1,0.000170395
nestlings,1,0.000170395
twitches,1,0.000170395
Infantry,1,0.000170395
indignity,1,0.000170395
emergence,1,0.000170395
Went,1,0.000170395
ingratiatingly,1,0.000170395
locations,1,0.000170395
impulsiveness,1,0.000170395
paperwork,1,0.000170395
rousing,1,0.000170395
invade,1,0.000170395
invaded,1,0.000170395
Acts,1,0.000170395
holies,1,0.000170395
inappropriately,1,0.000170395
tamed,1,0.000170395
indefinitely,1,0.000170395
gros,1,0.000170395
untouched,1,0.000170395
reinstate,1,0.000170395
Drooping,1,0.000170395
drinker,1,0.000170395
bataillons,1,0.000170395
ont,1,0.000170395
aspersion,1,0.000170395
evs,1,0.000170395
Archives,1,0.000170395
Experience,1,0.000170395
vistas,1,0.000170395
aux,1,0.000170395
tribes,1,0.000170395
baseless,1,0.000170395
relationship,1,0.000170395
Divinity,1,0.000170395
flexibility,1,0.000170395
attacker,1,0.000170395
coyness,1,0.000170395
enthusiast,1,0.000170395
overhung,1,0.000170395
spaciously,1,0.000170395
shines,1,0.000170395
Reinstating,1,0.000170395
refers,1,0.000170395
participated,1,0.000170395
fords,1,0.000170395
Guerrilla,1,0.000170395
infringes,1,0.000170395
disinfected,1,0.000170395
architecture,1,0.000170395
sliding,1,0.000170395
objective,1,0.000170395
contiguous,1,0.000170395
Momentum,1,0.000170395
alertly,1,0.000170395
obscurely,1,0.000170395
vaya,1,0.000170395
Restoring,1,0.000170395
shrinks,1,0.000170395
Sad,1,0.000170395
ramshackle,1,0.000170395
primary,1,0.000170395
heals,1,0.000170395
brothels,1,0.000170395
snya,1,0.000170395
Pr,1,0.000170395
parliaments,1,0.000170395
drino,1,0.000170395
Rarely,1,0.000170395
geometric,1,0.000170395
stabbed,1,0.000170395
Oui,1,0.000170395
toujours,1,0.000170395
corporals,1,0.000170395
bulky,1,0.000170395
balancing,1,0.000170395
Continually,1,0.000170395
pulsation,1,0.000170395
stale,1,0.000170395
diameter,1,0.000170395
hides,1,0.000170395
flirtatiousness,1,0.000170395
hacking,1,0.000170395
gambols,1,0.000170395
Smiling,1,0.000170395
apex,1,0.000170395
kittenish,1,0.000170395
enchantment,1,0.000170395
flares,1,0.000170395
commiserating,1,0.000170395
Large,1,0.000170395
momenta,1,0.000170395
stabbing,1,0.000170395
raison,1,0.000170395
unanimous,1,0.000170395
smells,1,0.000170395
Continued,1,0.000170395
rbski,1,0.000170395
sacredness,1,0.000170395
infringed,1,0.000170395
quarte,1,0.000170395
Dark,1,0.000170395
fiftieth,1,0.000170395
vagrants,1,0.000170395
enfin,1,0.000170395
Hermit,1,0.000170395
humorously,1,0.000170395
Drawn,1,0.000170395
cessation,1,0.000170395
vying,1,0.000170395
signaling,1,0.000170395
sublimity,1,0.000170395
Influence,1,0.000170395
Crusade,1,0.000170395
dedicated,1,0.000170395
hardtack,1,0.000170395
peers,1,0.000170395
shiftily,1,0.000170395
undergraduate,1,0.000170395
Met,1,0.000170395
impalpable,1,0.000170395
combatant,1,0.000170395
generalizations,1,0.000170395
Postulating,1,0.000170395
mutilation,1,0.000170395
abstention,1,0.000170395
Beaumarchais,1,0.000170395
fencer,1,0.000170395
enlighteners,1,0.000170395
Diderot,1,0.000170395
loosening,1,0.000170395
whiffs,1,0.000170395
venom,1,0.000170395
spirituous,1,0.000170395
economized,1,0.000170395
aerial,1,0.000170395
SEND,1,0.000170395
popes,1,0.000170395
molded,1,0.000170395
classically,1,0.000170395
clemency,1,0.000170395
vested,1,0.000170395
unconditional,1,0.000170395
observer,1,0.000170395
prefers,1,0.000170395
coiling,1,0.000170395
paraphrase,1,0.000170395
fainthearted,1,0.000170395
tendre,1,0.000170395
tawny,1,0.000170395
verifies,1,0.000170395
yields,1,0.000170395
assertion,1,0.000170395
complexion,1,0.000170395
Mexico,1,0.000170395
tait,1,0.000170395
outrage,1,0.000170395
mountain,1,0.000170395
fameuse,1,0.000170395
restatement,1,0.000170395
Popes,1,0.000170395
tierce,1,0.000170395
sentimental,1,0.000170395
belabored,1,0.000170395
burnoose,1,0.000170395
assemblies,1,0.000170395
lunched,1,0.000170395
reformer,1,0.000170395
Boyars,1,0.000170395
Luther,1,0.000170395
pasturage,1,0.000170395
guillotined,1,0.000170395
utilize,1,0.000170395
waged,1,0.000170395
inscribe,1,0.000170395
newest,1,0.000170395
hypothesis,1,0.000170395
despotism,1,0.000170395
brunette,1,0.000170395
unconfirmed,1,0.000170395
verified,1,0.000170395
Reformation,1,0.000170395
moroseness,1,0.000170395
sugary,1,0.000170395
phase,1,0.000170395
onerous,1,0.000170395
extricated,1,0.000170395
OWNER,1,0.000170395
disappears,1,0.000170395
merges,1,0.000170395
DISTRIBUTOR,1,0.000170395
concepts,1,0.000170395
Lanciers,1,0.000170395
UNDER,1,0.000170395
AGREEMENT,1,0.000170395
tightening,1,0.000170395
Lancers,1,0.000170395
tolerable,1,0.000170395
Harder,1,0.000170395
WILL,1,0.000170395
frightfully,1,0.000170395
Password,1,0.000170395
vive,1,0.000170395
mowers,1,0.000170395
THOSE,1,0.000170395
PROVIDED,1,0.000170395
trample,1,0.000170395
footprints,1,0.000170395
IN,1,0.000170395
border,1,0.000170395
Yells,1,0.000170395
PARAGRAPH,1,0.000170395
FOUNDATION,1,0.000170395
buckle,1,0.000170395
yelped,1,0.000170395
sinks,1,0.000170395
cornfield,1,0.000170395
TRADEMARK,1,0.000170395
baskets,1,0.000170395
amenities,1,0.000170395
refolded,1,0.000170395
bandolier,1,0.000170395
receipts,1,0.000170395
persuasions,1,0.000170395
prodded,1,0.000170395
ACTUAL,1,0.000170395
nonchalance,1,0.000170395
baptism,1,0.000170395
DIRECT,1,0.000170395
nonchalantly,1,0.000170395
INDIRECT,1,0.000170395
CONSEQUENTIAL,1,0.000170395
nieces,1,0.000170395
Dinner,1,0.000170395
PUNITIVE,1,0.000170395
Dites,1,0.000170395
INCIDENTAL,1,0.000170395
EVEN,1,0.000170395
IF,1,0.000170395
untying,1,0.000170395
GIVE,1,0.000170395
NOTICE,1,0.000170395
demandent,1,0.000170395
POSSIBILITY,1,0.000170395
necked,1,0.000170395
vagrant,1,0.000170395
exceeding,1,0.000170395
whipping,1,0.000170395
overlay,1,0.000170395
unlifting,1,0.000170395
vos,1,0.000170395
officier,1,0.000170395
bearable,1,0.000170395
inspirited,1,0.000170395
sinew,1,0.000170395
maintains,1,0.000170395
ronde,1,0.000170395
sentinelles,1,0.000170395
victors,1,0.000170395
marveling,1,0.000170395
athwart,1,0.000170395
BE,1,0.000170395
dislodge,1,0.000170395
alte,1,0.000170395
idol,1,0.000170395
LIABLE,1,0.000170395
chastened,1,0.000170395
barbaric,1,0.000170395
judiciously,1,0.000170395
vesn,1,0.000170395
Dover,1,0.000170395
boded,1,0.000170395
matched,1,0.000170395
HAVE,1,0.000170395
Voulez,1,0.000170395
manger,1,0.000170395
Undress,1,0.000170395
ayez,1,0.000170395
repaid,1,0.000170395
Murmurs,1,0.000170395
REMEDIES,1,0.000170395
smear,1,0.000170395
Revenue,1,0.000170395
chucked,1,0.000170395
kicked,1,0.000170395
vacancies,1,0.000170395
NEGLIGENCE,1,0.000170395
switched,1,0.000170395
Darlings,1,0.000170395
grunted,1,0.000170395
coffeepot,1,0.000170395
EIN,1,0.000170395
ordnance,1,0.000170395
pities,1,0.000170395
DISCLAIMER,1,0.000170395
Compassion,1,0.000170395
clotted,1,0.000170395
succeeding,1,0.000170395
Replacement,1,0.000170395
Refund,1,0.000170395
Straits,1,0.000170395
disclaim,1,0.000170395
extracted,1,0.000170395
filez,1,0.000170395
thighbone,1,0.000170395
Buonapartes,1,0.000170395
Filez,1,0.000170395
vernal,1,0.000170395
clearcut,1,0.000170395
adaptations,1,0.000170395
splintered,1,0.000170395
essentially,1,0.000170395
summertime,1,0.000170395
linking,1,0.000170395
Cold,1,0.000170395
suffocating,1,0.000170395
rotating,1,0.000170395
echoes,1,0.000170395
imbecility,1,0.000170395
wagging,1,0.000170395
buttonhole,1,0.000170395
youngster,1,0.000170395
garbs,1,0.000170395
takh,1,0.000170395
tiresomely,1,0.000170395
outlive,1,0.000170395
recurring,1,0.000170395
brilliancy,1,0.000170395
circumstantially,1,0.000170395
inadvertently,1,0.000170395
corporation,1,0.000170395
disconcerting,1,0.000170395
EXCEPT,1,0.000170395
Trakh,1,0.000170395
Entrez,1,0.000170395
grains,1,0.000170395
mosquitoes,1,0.000170395
pecked,1,0.000170395
sparrows,1,0.000170395
troughs,1,0.000170395
movable,1,0.000170395
flaps,1,0.000170395
STRICT,1,0.000170395
Internal,1,0.000170395
Mississippi,1,0.000170395
LIABILITY,1,0.000170395
Channel,1,0.000170395
violet,1,0.000170395
braced,1,0.000170395
CONTRACT,1,0.000170395
bathing,1,0.000170395
conveniently,1,0.000170395
welling,1,0.000170395
Wonder,1,0.000170395
Worker,1,0.000170395
Pick,1,0.000170395
bayoneted,1,0.000170395
watchful,1,0.000170395
modification,1,0.000170395
dangling,1,0.000170395
exceeds,1,0.000170395
deletions,1,0.000170395
valve,1,0.000170395
tingle,1,0.000170395
smokers,1,0.000170395
Ride,1,0.000170395
concussion,1,0.000170395
egged,1,0.000170395
Run,1,0.000170395
transferring,1,0.000170395
Aylmer,1,0.000170395
Translator,1,0.000170395
nourishing,1,0.000170395
snored,1,0.000170395
gasp,1,0.000170395
Grapeshot,1,0.000170395
Quiet,1,0.000170395
14,1,0.000170395
indemnify,1,0.000170395
maddened,1,0.000170395
circlet,1,0.000170395
Mentally,1,0.000170395
glint,1,0.000170395
crow,1,0.000170395
updated,1,0.000170395
employee,1,0.000170395
dragon,1,0.000170395
Instinctively,1,0.000170395
Crosses,1,0.000170395
2600,1,0.000170395
carrion,1,0.000170395
Volunteers,1,0.000170395
tops,1,0.000170395
imaginings,1,0.000170395
unveiling,1,0.000170395
rudenesses,1,0.000170395
indirectly,1,0.000170395
alteration,1,0.000170395
harmless,1,0.000170395
hayfield,1,0.000170395
Mission,1,0.000170395
synonymous,1,0.000170395
formats,1,0.000170395
teased,1,0.000170395
fusillade,1,0.000170395
innards,1,0.000170395
spluttering,1,0.000170395
consolatory,1,0.000170395
nymphe,1,0.000170395
amber,1,0.000170395
listener,1,0.000170395
goats,1,0.000170395
loquacious,1,0.000170395
talkers,1,0.000170395
tunneled,1,0.000170395
Sir,1,0.000170395
cuisse,1,0.000170395
College,1,0.000170395
surpassing,1,0.000170395
Alphonse,1,0.000170395
harmonies,1,0.000170395
scab,1,0.000170395
mouthpiece,1,0.000170395
graf,1,0.000170395
scrupulously,1,0.000170395
Projectiles,1,0.000170395
effray,1,0.000170395
testify,1,0.000170395
petal,1,0.000170395
enveloping,1,0.000170395
obsolete,1,0.000170395
buzzed,1,0.000170395
rlovich,1,0.000170395
nonmilitary,1,0.000170395
Author,1,0.000170395
gruel,1,0.000170395
foxes,1,0.000170395
Awkward,1,0.000170395
Title,1,0.000170395
humorist,1,0.000170395
Defect,1,0.000170395
bargees,1,0.000170395
thundercloud,1,0.000170395
grumble,1,0.000170395
OTHER,1,0.000170395
shanties,1,0.000170395
prick,1,0.000170395
goals,1,0.000170395
locking,1,0.000170395
KIND,1,0.000170395
EXPRESS,1,0.000170395
balanced,1,0.000170395
2022,1,0.000170395
IMPLIED,1,0.000170395
INCLUDING,1,0.000170395
Ukranian,1,0.000170395
Contents,1,0.000170395
Tolstoi,1,0.000170395
Marengo,1,0.000170395
Lodi,1,0.000170395
BUT,1,0.000170395
MERCHANTABILITY,1,0.000170395
eagles,1,0.000170395
shunned,1,0.000170395
dissented,1,0.000170395
SUCH,1,0.000170395
Cl,1,0.000170395
DAMAGE,1,0.000170395
501,1,0.000170395
restarted,1,0.000170395
vivants,1,0.000170395
RIGHT,1,0.000170395
non,1,0.000170395
REPLACEMENT,1,0.000170395
WITH,1,0.000170395
tableaux,1,0.000170395
elect,1,0.000170395
Sections,1,0.000170395
area,1,0.000170395
Asking,1,0.000170395
rentes,1,0.000170395
AS,1,0.000170395
raises,1,0.000170395
sinned,1,0.000170395
IS,1,0.000170395
REFUND,1,0.000170395
Widger,1,0.000170395
lathering,1,0.000170395
unenforceability,1,0.000170395
spendthrift,1,0.000170395
chessboard,1,0.000170395
Fast,1,0.000170395
Volunteer,1,0.000170395
Anonymous,1,0.000170395
comptez,1,0.000170395
triumphal,1,0.000170395
disorganization,1,0.000170395
zone,1,0.000170395
disablement,1,0.000170395
void,1,0.000170395
Credits,1,0.000170395
untrustworthy,1,0.000170395
INDEMNITY,1,0.000170395
Pelt,1,0.000170395
cavern,1,0.000170395
Language,1,0.000170395
skirmish,1,0.000170395
promptings,1,0.000170395
unfailingly,1,0.000170395
fatale,1,0.000170395
impotent,1,0.000170395
FITNESS,1,0.000170395
sharpen,1,0.000170395
supernaturally,1,0.000170395
nergique,1,0.000170395
PURPOSE,1,0.000170395
bl,1,0.000170395
disclaimers,1,0.000170395
vestment,1,0.000170395
jocularity,1,0.000170395
centre,1,0.000170395
watery,1,0.000170395
fasted,1,0.000170395
violates,1,0.000170395
hellish,1,0.000170395
sharpened,1,0.000170395
rummaged,1,0.000170395
gosling,1,0.000170395
Asks,1,0.000170395
warranties,1,0.000170395
firmament,1,0.000170395
parallel,1,0.000170395
Joshua,1,0.000170395
Nun,1,0.000170395
pertinaciously,1,0.000170395
elite,1,0.000170395
rearranged,1,0.000170395
comment,1,0.000170395
Admitting,1,0.000170395
seedless,1,0.000170395
strengthens,1,0.000170395
grunts,1,0.000170395
Telling,1,0.000170395
Mountains,1,0.000170395
drudgery,1,0.000170395
immovability,1,0.000170395
stealth,1,0.000170395
Chubby,1,0.000170395
gesticulations,1,0.000170395
dyed,1,0.000170395
uninvited,1,0.000170395
J,1,0.000170395
niches,1,0.000170395
Negroes,1,0.000170395
reverberate,1,0.000170395
Gzhat,1,0.000170395
shielding,1,0.000170395
births,1,0.000170395
flaying,1,0.000170395
organically,1,0.000170395
geographic,1,0.000170395
provokes,1,0.000170395
ethnographic,1,0.000170395
philology,1,0.000170395
instigator,1,0.000170395
geology,1,0.000170395
Theology,1,0.000170395
violating,1,0.000170395
subverting,1,0.000170395
projections,1,0.000170395
circumspect,1,0.000170395
captives,1,0.000170395
predicted,1,0.000170395
diametrically,1,0.000170395
busying,1,0.000170395
carve,1,0.000170395
spoons,1,0.000170395
Special,1,0.000170395
gauntlet,1,0.000170395
Expecting,1,0.000170395
slink,1,0.000170395
commissary,1,0.000170395
ascertaining,1,0.000170395
Venetian,1,0.000170395
Events,1,0.000170395
Learned,1,0.000170395
modified,1,0.000170395
worries,1,0.000170395
applications,1,0.000170395
tinted,1,0.000170395
ANYTHING,1,0.000170395
writhing,1,0.000170395
Redistribution,1,0.000170395
redistribution,1,0.000170395
gallops,1,0.000170395
unreal,1,0.000170395
pencils,1,0.000170395
granddaughter,1,0.000170395
END,1,0.000170395
Savosty,1,0.000170395
pike,1,0.000170395
Updated,1,0.000170395
roomier,1,0.000170395
renamed,1,0.000170395
galled,1,0.000170395
respectable,1,0.000170395
Creating,1,0.000170395
bronze,1,0.000170395
perceptions,1,0.000170395
Saragossa,1,0.000170395
streaks,1,0.000170395
Crosart,1,0.000170395
misunderstand,1,0.000170395
humanum,1,0.000170395
reconnaissance,1,0.000170395
errare,1,0.000170395
honours,1,0.000170395
defines,1,0.000170395
froze,1,0.000170395
Ignorant,1,0.000170395
Lake,1,0.000170395
mastery,1,0.000170395
blackish,1,0.000170395
Kepler,1,0.000170395
negatived,1,0.000170395
Catholicism,1,0.000170395
assez,1,0.000170395
assenting,1,0.000170395
contests,1,0.000170395
literally,1,0.000170395
1500,1,0.000170395
document,1,0.000170395
elastic,1,0.000170395
enunciation,1,0.000170395
Host,1,0.000170395
conveying,1,0.000170395
absolved,1,0.000170395
wything,1,0.000170395
raided,1,0.000170395
gruff,1,0.000170395
visibility,1,0.000170395
remarry,1,0.000170395
desecration,1,0.000170395
weturn,1,0.000170395
ratiocination,1,0.000170395
secular,1,0.000170395
directors,1,0.000170395
City,1,0.000170395
dual,1,0.000170395
shimmering,1,0.000170395
egg,1,0.000170395
Columbus,1,0.000170395
espoused,1,0.000170395
firstly,1,0.000170395
botany,1,0.000170395
affright,1,0.000170395
ntsovs,1,0.000170395
Vital,1,0.000170395
Free,1,0.000170395
roots,1,0.000170395
Wish,1,0.000170395
plast,1,0.000170395
concealment,1,0.000170395
tide,1,0.000170395
Abandoning,1,0.000170395
puny,1,0.000170395
enunciated,1,0.000170395
shivers,1,0.000170395
empereur,1,0.000170395
Chalm,1,0.000170395
frocked,1,0.000170395
repudiated,1,0.000170395
Orphanage,1,0.000170395
episodes,1,0.000170395
inseparably,1,0.000170395
interconnected,1,0.000170395
processions,1,0.000170395
taunted,1,0.000170395
Sar,1,0.000170395
cosmography,1,0.000170395
jesters,1,0.000170395
Aubert,1,0.000170395
wafted,1,0.000170395
moisture,1,0.000170395
afterward,1,0.000170395
reducing,1,0.000170395
pulsed,1,0.000170395
directeur,1,0.000170395
cweep,1,0.000170395
North,1,0.000170395
inaccessibility,1,0.000170395
Heart,1,0.000170395
quantities,1,0.000170395
809,1,0.000170395
geniality,1,0.000170395
abandons,1,0.000170395
illuminations,1,0.000170395
robe,1,0.000170395
marsh,1,0.000170395
grandees,1,0.000170395
wascal,1,0.000170395
integration,1,0.000170395
deductible,1,0.000170395
undertones,1,0.000170395
tedious,1,0.000170395
profits,1,0.000170395
calculate,1,0.000170395
taxes,1,0.000170395
postures,1,0.000170395
stagger,1,0.000170395
legally,1,0.000170395
lisch,1,0.000170395
periodic,1,0.000170395
Moment,1,0.000170395
embroidering,1,0.000170395
magically,1,0.000170395
mail,1,0.000170395
discontinue,1,0.000170395
Bremen,1,0.000170395
Division,1,0.000170395
leper,1,0.000170395
Contact,1,0.000170395
Romans,1,0.000170395
Tuscans,1,0.000170395
notifies,1,0.000170395
processing,1,0.000170395
hypertext,1,0.000170395
toothed,1,0.000170395
sticks,1,0.000170395
Shout,1,0.000170395
flagging,1,0.000170395
remonstrated,1,0.000170395
version,1,0.000170395
64,1,0.000170395
exporting,1,0.000170395
pastured,1,0.000170395
bethink,1,0.000170395
cartridges,1,0.000170395
viewing,1,0.000170395
Cease,1,0.000170395
marshy,1,0.000170395
Clouds,1,0.000170395
disbanded,1,0.000170395
acid,1,0.000170395
royalty,1,0.000170395
grievous,1,0.000170395
survived,1,0.000170395
organize,1,0.000170395
chests,1,0.000170395
deem,1,0.000170395
conservative,1,0.000170395
transcription,1,0.000170395
explicitly,1,0.000170395
pacific,1,0.000170395
rubbishy,1,0.000170395
diverge,1,0.000170395
repudiate,1,0.000170395
riverbanks,1,0.000170395
disk,1,0.000170395
disavow,1,0.000170395
chopping,1,0.000170395
treadmill,1,0.000170395
virus,1,0.000170395
croaked,1,0.000170395
tabletop,1,0.000170395
savagely,1,0.000170395
phantasm,1,0.000170395
participant,1,0.000170395
belauded,1,0.000170395
Genevese,1,0.000170395
Piedmontese,1,0.000170395
wool,1,0.000170395
employees,1,0.000170395
Belgians,1,0.000170395
Neapolitans,1,0.000170395
expend,1,0.000170395
Mecklenburgers,1,0.000170395
identify,1,0.000170395
transcribe,1,0.000170395
infamies,1,0.000170395
proofread,1,0.000170395
Defects,1,0.000170395
inaccurate,1,0.000170395
redressing,1,0.000170395
antinational,1,0.000170395
seas,1,0.000170395
navigable,1,0.000170395
corrupt,1,0.000170395
data,1,0.000170395
Congress,1,0.000170395
Saxons,1,0.000170395
recoils,1,0.000170395
consolidated,1,0.000170395
whereabouts,1,0.000170395
cornfields,1,0.000170395
PGLAF,1,0.000170395
floppy,1,0.000170395
neared,1,0.000170395
propounding,1,0.000170395
brim,1,0.000170395
onslaught,1,0.000170395
unfold,1,0.000170395
brusque,1,0.000170395
melodious,1,0.000170395
compilation,1,0.000170395
relapsed,1,0.000170395
unprotected,1,0.000170395
ass,1,0.000170395
likelier,1,0.000170395
wogue,1,0.000170395
catcher,1,0.000170395
millionth,1,0.000170395
undulating,1,0.000170395
clapper,1,0.000170395
fearlessly,1,0.000170395
studies,1,0.000170395
PLEASE,1,0.000170395
replenished,1,0.000170395
READ,1,0.000170395
BEFORE,1,0.000170395
DISTRIBUTE,1,0.000170395
USE,1,0.000170395
dwy,1,0.000170395
inert,1,0.000170395
funniest,1,0.000170395
query,1,0.000170395
licks,1,0.000170395
WORK,1,0.000170395
Full,1,0.000170395
overnight,1,0.000170395
colliding,1,0.000170395
Redistributing,1,0.000170395
abide,1,0.000170395
silhouetted,1,0.000170395
Historical,1,0.000170395
files,1,0.000170395
6221541,1,0.000170395
sacked,1,0.000170395
postulates,1,0.000170395
deals,1,0.000170395
corrects,1,0.000170395
conforms,1,0.000170395
solutions,1,0.000170395
ineffectives,1,0.000170395
Shinshin,1,0.000170395
sophism,1,0.000170395
binary,1,0.000170395
Absolute,1,0.000170395
scowl,1,0.000170395
invading,1,0.000170395
flint,1,0.000170395
disclosing,1,0.000170395
nonproprietary,1,0.000170395
ambling,1,0.000170395
proprietary,1,0.000170395
redistribute,1,0.000170395
tolerated,1,0.000170395
unlicked,1,0.000170395
fallacious,1,0.000170395
Cousins,1,0.000170395
refuses,1,0.000170395
biography,1,0.000170395
interspersed,1,0.000170395
slackens,1,0.000170395
intensive,1,0.000170395
Copyright,1,0.000170395
unlink,1,0.000170395
downloading,1,0.000170395
differential,1,0.000170395
representations,1,0.000170395
Unless,1,0.000170395
Highnesses,1,0.000170395
Majesties,1,0.000170395
accessed,1,0.000170395
texts,1,0.000170395
redistributing,1,0.000170395
Additional,1,0.000170395
integrating,1,0.000170395
maggoty,1,0.000170395
smirched,1,0.000170395
ignoble,1,0.000170395
positive,1,0.000170395
reservation,1,0.000170395
legislature,1,0.000170395
pretends,1,0.000170395
towers,1,0.000170395
rotted,1,0.000170395
birchbark,1,0.000170395
eclipses,1,0.000170395
spoils,1,0.000170395
insensate,1,0.000170395
stoves,1,0.000170395
inappropriate,1,0.000170395
squad,1,0.000170395
utilizes,1,0.000170395
insolubly,1,0.000170395
restoring,1,0.000170395
rearrangement,1,0.000170395
assembly,1,0.000170395
prepares,1,0.000170395
lingo,1,0.000170395
nourished,1,0.000170395
Impregnable,1,0.000170395
surrenders,1,0.000170395
annihilating,1,0.000170395
feats,1,0.000170395
stupefied,1,0.000170395
numbed,1,0.000170395
adducing,1,0.000170395
faltering,1,0.000170395
elude,1,0.000170395
Nativity,1,0.000170395
ascribing,1,0.000170395
indecorous,1,0.000170395
Monseigneur,1,0.000170395
reverberation,1,0.000170395
kerchiefs,1,0.000170395
murdering,1,0.000170395
schoolmaster,1,0.000170395
escorting,1,0.000170395
quests,1,0.000170395
imputed,1,0.000170395
rash,1,0.000170395
outrages,1,0.000170395
midway,1,0.000170395
detest,1,0.000170395
hostelry,1,0.000170395
intervening,1,0.000170395
Deprived,1,0.000170395
sifted,1,0.000170395
perceives,1,0.000170395
alertness,1,0.000170395
prohibited,1,0.000170395
incredibly,1,0.000170395
civility,1,0.000170395
tersbourg,1,0.000170395
deprecating,1,0.000170395
emaciation,1,0.000170395
superstitious,1,0.000170395
duisante,1,0.000170395
dominion,1,0.000170395
secretive,1,0.000170395
channels,1,0.000170395
dysentery,1,0.000170395
eddies,1,0.000170395
floods,1,0.000170395
sail,1,0.000170395
stepsons,1,0.000170395
pushes,1,0.000170395
trials,1,0.000170395
desist,1,0.000170395
frailty,1,0.000170395
definiteness,1,0.000170395
Attempted,1,0.000170395
colonels,1,0.000170395
surprisingly,1,0.000170395
thoughtfulness,1,0.000170395
outsider,1,0.000170395
dovey,1,0.000170395
Command,1,0.000170395
precede,1,0.000170395
17,1,0.000170395
coalescence,1,0.000170395
adhesion,1,0.000170395
conversational,1,0.000170395
hiccough,1,0.000170395
relentless,1,0.000170395
stamping,1,0.000170395
blazed,1,0.000170395
Sobbing,1,0.000170395
meditative,1,0.000170395
displeases,1,0.000170395
foreman,1,0.000170395
harmonize,1,0.000170395
chats,1,0.000170395
bulges,1,0.000170395
dragnet,1,0.000170395
accusers,1,0.000170395
formulated,1,0.000170395
Fate,1,0.000170395
grandchildren,1,0.000170395
Alone,1,0.000170395
fussily,1,0.000170395
vexatious,1,0.000170395
argumentative,1,0.000170395
wages,1,0.000170395
earning,1,0.000170395
commonly,1,0.000170395
housewife,1,0.000170395
chatting,1,0.000170395
printing,1,0.000170395
sew,1,0.000170395
agencies,1,0.000170395
whichever,1,0.000170395
enumerate,1,0.000170395
fitness,1,0.000170395
commonest,1,0.000170395
endearment,1,0.000170395
anarchy,1,0.000170395
adorning,1,0.000170395
appositely,1,0.000170395
skullcap,1,0.000170395
pinnacle,1,0.000170395
saws,1,0.000170395
praiseworthy,1,0.000170395
blinding,1,0.000170395
inseparable,1,0.000170395
planed,1,0.000170395
sewed,1,0.000170395
swaggerer,1,0.000170395
appositeness,1,0.000170395
professor,1,0.000170395
directness,1,0.000170395
suppleness,1,0.000170395
Way,1,0.000170395
cracks,1,0.000170395
indecent,1,0.000170395
assassination,1,0.000170395
murderers,1,0.000170395
wrongdoing,1,0.000170395
battens,1,0.000170395
pardoned,1,0.000170395
antecedents,1,0.000170395
Kisel,1,0.000170395
inadequately,1,0.000170395
colleagues,1,0.000170395
deadly,1,0.000170395
convenience,1,0.000170395
Poleon,1,0.000170395
gruffly,1,0.000170395
gobble,1,0.000170395
falsehoods,1,0.000170395
86th,1,0.000170395
Sharpshooters,1,0.000170395
impeding,1,0.000170395
Innumerable,1,0.000170395
scraps,1,0.000170395
prestige,1,0.000170395
dumbly,1,0.000170395
saddened,1,0.000170395
gnaws,1,0.000170395
maggot,1,0.000170395
Milky,1,0.000170395
surname,1,0.000170395
tt,1,0.000170395
shine,1,0.000170395
Tss,1,0.000170395
rounder,1,0.000170395
sheepish,1,0.000170395
Eat,1,0.000170395
flagged,1,0.000170395
disquiet,1,0.000170395
flowered,1,0.000170395
unwrapped,1,0.000170395
Liar,1,0.000170395
petulantly,1,0.000170395
motions,1,0.000170395
louse,1,0.000170395
handiwork,1,0.000170395
discarding,1,0.000170395
creaks,1,0.000170395
unwound,1,0.000170395
assignation,1,0.000170395
spindle,1,0.000170395
agonized,1,0.000170395
Selfish,1,0.000170395
contracting,1,0.000170395
Conceal,1,0.000170395
relevant,1,0.000170395
discouragement,1,0.000170395
requires,1,0.000170395
clairaient,1,0.000170395
flammes,1,0.000170395
souverain,1,0.000170395
hysterical,1,0.000170395
gracieux,1,0.000170395
abhorrence,1,0.000170395
whims,1,0.000170395
irredeemably,1,0.000170395
supposes,1,0.000170395
uncomplaining,1,0.000170395
Nine,1,0.000170395
Remembering,1,0.000170395
via,1,0.000170395
Falling,1,0.000170395
Making,1,0.000170395
unpaid,1,0.000170395
racking,1,0.000170395
fertilizes,1,0.000170395
chained,1,0.000170395
vivandi,1,0.000170395
Attendez,1,0.000170395
Knowledge,1,0.000170395
helps,1,0.000170395
Tree,1,0.000170395
condemnation,1,0.000170395
processes,1,0.000170395
remorselessly,1,0.000170395
infectious,1,0.000170395
transcend,1,0.000170395
rented,1,0.000170395
heathens,1,0.000170395
meanest,1,0.000170395
exhausting,1,0.000170395
Friends,1,0.000170395
Merry,1,0.000170395
triviality,1,0.000170395
dynasty,1,0.000170395
cursing,1,0.000170395
enterprising,1,0.000170395
theoretical,1,0.000170395
Animated,1,0.000170395
treatises,1,0.000170395
Lend,1,0.000170395
royalist,1,0.000170395
mercifully,1,0.000170395
debouching,1,0.000170395
fervent,1,0.000170395
Devils,1,0.000170395
Ord,1,0.000170395
civilities,1,0.000170395
champion,1,0.000170395
converge,1,0.000170395
sling,1,0.000170395
Faith,1,0.000170395
terrors,1,0.000170395
Choose,1,0.000170395
manures,1,0.000170395
Heave,1,0.000170395
crossway,1,0.000170395
plows,1,0.000170395
encompass,1,0.000170395
Transmoskv,1,0.000170395
extensive,1,0.000170395
unofficial,1,0.000170395
excusable,1,0.000170395
fills,1,0.000170395
misplaced,1,0.000170395
condolence,1,0.000170395
addicted,1,0.000170395
slafe,1,0.000170395
dose,1,0.000170395
exterior,1,0.000170395
Officially,1,0.000170395
haulers,1,0.000170395
extolling,1,0.000170395
farmer,1,0.000170395
Arrange,1,0.000170395
defeating,1,0.000170395
Nesk,1,0.000170395
prophet,1,0.000170395
relaxing,1,0.000170395
figured,1,0.000170395
Mention,1,0.000170395
chny,1,0.000170395
deposition,1,0.000170395
boasted,1,0.000170395
exhortations,1,0.000170395
appropriately,1,0.000170395
strivings,1,0.000170395
maneuvered,1,0.000170395
coquette,1,0.000170395
accouterments,1,0.000170395
consummate,1,0.000170395
undeservedly,1,0.000170395
determines,1,0.000170395
reawoke,1,0.000170395
warrants,1,0.000170395
operated,1,0.000170395
Stores,1,0.000170395
Dram,1,0.000170395
grievance,1,0.000170395
liberalism,1,0.000170395
plied,1,0.000170395
Lily,1,0.000170395
childless,1,0.000170395
Oho,1,0.000170395
choppers,1,0.000170395
toyshop,1,0.000170395
matchmaker,1,0.000170395
tearfully,1,0.000170395
stripping,1,0.000170395
antechambers,1,0.000170395
repairing,1,0.000170395
Unable,1,0.000170395
north,1,0.000170395
bidden,1,0.000170395
Blockhead,1,0.000170395
Softened,1,0.000170395
inextricable,1,0.000170395
Muddles,1,0.000170395
newness,1,0.000170395
Corporal,1,0.000170395
disrobe,1,0.000170395
dreaminess,1,0.000170395
unreasonably,1,0.000170395
hearted,1,0.000170395
napkins,1,0.000170395
basely,1,0.000170395
drama,1,0.000170395
imprint,1,0.000170395
overshadowing,1,0.000170395
semidark,1,0.000170395
Reveries,1,0.000170395
moderating,1,0.000170395
brightest,1,0.000170395
friendliest,1,0.000170395
samples,1,0.000170395
stallions,1,0.000170395
hits,1,0.000170395
poet,1,0.000170395
Buonapartists,1,0.000170395
admires,1,0.000170395
fancier,1,0.000170395
ivory,1,0.000170395
informally,1,0.000170395
farms,1,0.000170395
chalice,1,0.000170395
perpetuate,1,0.000170395
brusquely,1,0.000170395
pistil,1,0.000170395
authoritative,1,0.000170395
unburned,1,0.000170395
stationmasters,1,0.000170395
posthouses,1,0.000170395
grazing,1,0.000170395
sucking,1,0.000170395
coral,1,0.000170395
Axes,1,0.000170395
Jauntily,1,0.000170395
mythological,1,0.000170395
Panting,1,0.000170395
conspiratorial,1,0.000170395
inns,1,0.000170395
posting,1,0.000170395
1815,1,0.000170395
pacifier,1,0.000170395
intoxicatingly,1,0.000170395
stung,1,0.000170395
clustered,1,0.000170395
mendacious,1,0.000170395
Vice,1,0.000170395
enhanced,1,0.000170395
despises,1,0.000170395
Blasius,1,0.000170395
remount,1,0.000170395
cavalier,1,0.000170395
recklessness,1,0.000170395
interlarding,1,0.000170395
ether,1,0.000170395
conjecturing,1,0.000170395
Tremendous,1,0.000170395
larvae,1,0.000170395
jostle,1,0.000170395
delving,1,0.000170395
undignified,1,0.000170395
insects,1,0.000170395
southerly,1,0.000170395
Frenchie,1,0.000170395
northerly,1,0.000170395
tra,1,0.000170395
disbanding,1,0.000170395
householders,1,0.000170395
wintering,1,0.000170395
Posny,1,0.000170395
valueless,1,0.000170395
deserting,1,0.000170395
methodically,1,0.000170395
organizations,1,0.000170395
gasps,1,0.000170395
abounding,1,0.000170395
transition,1,0.000170395
craftsmanship,1,0.000170395
Trains,1,0.000170395
safeguarded,1,0.000170395
hindrances,1,0.000170395
condemning,1,0.000170395
ignominious,1,0.000170395
denominations,1,0.000170395
pecuniary,1,0.000170395
impostors,1,0.000170395
Strict,1,0.000170395
heretofore,1,0.000170395
mutilated,1,0.000170395
Girl,1,0.000170395
INHABITANTS,1,0.000170395
artifice,1,0.000170395
fourths,1,0.000170395
stagecoach,1,0.000170395
overseers,1,0.000170395
disorders,1,0.000170395
Sabastiani,1,0.000170395
deplored,1,0.000170395
astounding,1,0.000170395
deadness,1,0.000170395
vitality,1,0.000170395
insurmountably,1,0.000170395
impoliteness,1,0.000170395
luxuries,1,0.000170395
Adjutants,1,0.000170395
murmurs,1,0.000170395
Meantime,1,0.000170395
Fifteen,1,0.000170395
cannons,1,0.000170395
waisted,1,0.000170395
complains,1,0.000170395
Mount,1,0.000170395
bazaars,1,0.000170395
reoccupation,1,0.000170395
discomfiture,1,0.000170395
distrustful,1,0.000170395
nuisances,1,0.000170395
courtyards,1,0.000170395
declivity,1,0.000170395
deceptive,1,0.000170395
volunteered,1,0.000170395
Gangs,1,0.000170395
trovsk,1,0.000170395
repaired,1,0.000170395
cathedrals,1,0.000170395
parallelogram,1,0.000170395
unamiable,1,0.000170395
diagonal,1,0.000170395
Soyez,1,0.000170395
freer,1,0.000170395
warehouses,1,0.000170395
recognitions,1,0.000170395
bu,1,0.000170395
ineffectiveness,1,0.000170395
drawled,1,0.000170395
forewarned,1,0.000170395
lawful,1,0.000170395
Stout,1,0.000170395
Looting,1,0.000170395
average,1,0.000170395
Ke,1,0.000170395
Danger,1,0.000170395
stocked,1,0.000170395
temperament,1,0.000170395
placid,1,0.000170395
assiduously,1,0.000170395
palaces,1,0.000170395
galant,1,0.000170395
ke,1,0.000170395
observant,1,0.000170395
combining,1,0.000170395
razed,1,0.000170395
inscribed,1,0.000170395
workingmen,1,0.000170395
seethed,1,0.000170395
cutters,1,0.000170395
breakers,1,0.000170395
Steps,1,0.000170395
inerti,1,0.000170395
desert,1,0.000170395
Greece,1,0.000170395
sacrilegious,1,0.000170395
dirk,1,0.000170395
Tuesdays,1,0.000170395
highroads,1,0.000170395
buyer,1,0.000170395
dotage,1,0.000170395
vis,1,0.000170395
mining,1,0.000170395
fallacy,1,0.000170395
incidentally,1,0.000170395
Similar,1,0.000170395
Fain,1,0.000170395
polemic,1,0.000170395
necessities,1,0.000170395
nonperformance,1,0.000170395
ships,1,0.000170395
Anticipation,1,0.000170395
wherein,1,0.000170395
sanction,1,0.000170395
mislead,1,0.000170395
Raising,1,0.000170395
tatterdemalions,1,0.000170395
filial,1,0.000170395
untried,1,0.000170395
recounts,1,0.000170395
orphans,1,0.000170395
fortifying,1,0.000170395
pursuers,1,0.000170395
18th,1,0.000170395
Mosqu,1,0.000170395
imposture,1,0.000170395
spells,1,0.000170395
Basil,1,0.000170395
swindle,1,0.000170395
admiral,1,0.000170395
El,1,0.000170395
inalienable,1,0.000170395
Universe,1,0.000170395
Craftsmen,1,0.000170395
inscrutable,1,0.000170395
abodes,1,0.000170395
senselessness,1,0.000170395
edifices,1,0.000170395
Previously,1,0.000170395
Respond,1,0.000170395
Market,1,0.000170395
shrunk,1,0.000170395
Jaffa,1,0.000170395
protects,1,0.000170395
Tranquillity,1,0.000170395
tillers,1,0.000170395
PROCLAMATION,1,0.000170395
combative,1,0.000170395
placarded,1,0.000170395
professions,1,0.000170395
disport,1,0.000170395
maraude,1,0.000170395
padlocks,1,0.000170395
Jacobin,1,0.000170395
Provision,1,0.000170395
flecked,1,0.000170395
intermediate,1,0.000170395
Mokhov,1,0.000170395
unsuited,1,0.000170395
waddled,1,0.000170395
innermost,1,0.000170395
conforming,1,0.000170395
markets,1,0.000170395
levying,1,0.000170395
reinforcement,1,0.000170395
husbandmen,1,0.000170395
embassage,1,0.000170395
surplus,1,0.000170395
Markets,1,0.000170395
performer,1,0.000170395
accorded,1,0.000170395
gladsome,1,0.000170395
preserving,1,0.000170395
refixing,1,0.000170395
procuring,1,0.000170395
surviving,1,0.000170395
reconstructed,1,0.000170395
plaintively,1,0.000170395
frolic,1,0.000170395
ankles,1,0.000170395
preternaturally,1,0.000170395
ultimately,1,0.000170395
realization,1,0.000170395
unfettered,1,0.000170395
inexorable,1,0.000170395
Physically,1,0.000170395
solidity,1,0.000170395
vert,1,0.000170395
reawakened,1,0.000170395
hereditary,1,0.000170395
Unfathomable,1,0.000170395
feedeth,1,0.000170395
nocturnal,1,0.000170395
Commentaries,1,0.000170395
rebukes,1,0.000170395
Understandable,1,0.000170395
reap,1,0.000170395
forgave,1,0.000170395
Gosp,1,0.000170395
shelf,1,0.000170395
Flabby,1,0.000170395
gods,1,0.000170395
complexity,1,0.000170395
Quatre,1,0.000170395
Henri,1,0.000170395
picturesqueness,1,0.000170395
outward,1,0.000170395
tumble,1,0.000170395
Colosseum,1,0.000170395
cabmen,1,0.000170395
afterlife,1,0.000170395
furry,1,0.000170395
disdaining,1,0.000170395
bask,1,0.000170395
passengers,1,0.000170395
roguish,1,0.000170395
lengthy,1,0.000170395
interpretations,1,0.000170395
Gradually,1,0.000170395
sidedly,1,0.000170395
meditations,1,0.000170395
deluding,1,0.000170395
malignant,1,0.000170395
preoccupations,1,0.000170395
integral,1,0.000170395
treaties,1,0.000170395
daunted,1,0.000170395
repulsively,1,0.000170395
homely,1,0.000170395
petsk,1,0.000170395
quelled,1,0.000170395
roundabout,1,0.000170395
semiopen,1,0.000170395
infested,1,0.000170395
dissuade,1,0.000170395
acquitted,1,0.000170395
mockingly,1,0.000170395
culprit,1,0.000170395
literature,1,0.000170395
essayist,1,0.000170395
exhales,1,0.000170395
errands,1,0.000170395
chaffed,1,0.000170395
favoring,1,0.000170395
firelight,1,0.000170395
equipages,1,0.000170395
antagonistic,1,0.000170395
Mlle,1,0.000170395
shores,1,0.000170395
venue,1,0.000170395
kingdoms,1,0.000170395
translucently,1,0.000170395
displacement,1,0.000170395
Historic,1,0.000170395
rotate,1,0.000170395
Thinner,1,0.000170395
animatedly,1,0.000170395
nnikov,1,0.000170395
invigorating,1,0.000170395
fester,1,0.000170395
lout,1,0.000170395
gangrene,1,0.000170395
groove,1,0.000170395
longtemps,1,0.000170395
bricks,1,0.000170395
depuis,1,0.000170395
connais,1,0.000170395
clattered,1,0.000170395
lga,1,0.000170395
slackness,1,0.000170395
estimates,1,0.000170395
extremes,1,0.000170395
unguarded,1,0.000170395
contemplated,1,0.000170395
annex,1,0.000170395
bubbling,1,0.000170395
reviving,1,0.000170395
parcel,1,0.000170395
Shapov,1,0.000170395
averting,1,0.000170395
relive,1,0.000170395
confronting,1,0.000170395
trov,1,0.000170395
ys,1,0.000170395
rpukhov,1,0.000170395
disintegrated,1,0.000170395
Fleeing,1,0.000170395
interminglings,1,0.000170395
crossings,1,0.000170395
plottings,1,0.000170395
permutations,1,0.000170395
rusty,1,0.000170395
Sedyablyaka,1,0.000170395
lova,1,0.000170395
Strom,1,0.000170395
miscarried,1,0.000170395
reeling,1,0.000170395
battre,1,0.000170395
booths,1,0.000170395
Trembling,1,0.000170395
boire,1,0.000170395
Liberty,1,0.000170395
Cookshops,1,0.000170395
Donors,1,0.000170395
eyeglass,1,0.000170395
clerks,1,0.000170395
pigeonholes,1,0.000170395
provender,1,0.000170395
prejudices,1,0.000170395
rec,1,0.000170395
eut,1,0.000170395
Letash,1,0.000170395
trep,1,0.000170395
Groups,1,0.000170395
torban,1,0.000170395
starvation,1,0.000170395
Getting,1,0.000170395
rowdy,1,0.000170395
Henry,1,0.000170395
calamitous,1,0.000170395
shudders,1,0.000170395
arc,1,0.000170395
illiterate,1,0.000170395
enrich,1,0.000170395
Subsequently,1,0.000170395
retell,1,0.000170395
contribute,1,0.000170395
seruvaru,1,0.000170395
chimerical,1,0.000170395
quatre,1,0.000170395
workshop,1,0.000170395
voted,1,0.000170395
Azor,1,0.000170395
salutary,1,0.000170395
Femg,1,0.000170395
absorb,1,0.000170395
untold,1,0.000170395
Ce,1,0.000170395
Gray,1,0.000170395
figurehead,1,0.000170395
dudgeon,1,0.000170395
Vif,1,0.000170395
sor,1,0.000170395
controlling,1,0.000170395
chiming,1,0.000170395
chime,1,0.000170395
scouted,1,0.000170395
settlement,1,0.000170395
resolving,1,0.000170395
initiator,1,0.000170395
Abr,1,0.000170395
overtures,1,0.000170395
movna,1,0.000170395
egotistic,1,0.000170395
impeded,1,0.000170395
OCTOBER,1,0.000170395
tolerant,1,0.000170395
ascribed,1,0.000170395
Koutouzov,1,0.000170395
KOUTOUZOV,1,0.000170395
LE,1,0.000170395
eligible,1,0.000170395
MONSIEUR,1,0.000170395
Vivarika,1,0.000170395
helmets,1,0.000170395
cobwebs,1,0.000170395
fils,1,0.000170395
Beast,1,0.000170395
Vi,1,0.000170395
inaction,1,0.000170395
projected,1,0.000170395
classed,1,0.000170395
insincerity,1,0.000170395
unravel,1,0.000170395
blackguards,1,0.000170395
enmeshed,1,0.000170395
slacken,1,0.000170395
formless,1,0.000170395
Terror,1,0.000170395
Mucius,1,0.000170395
Scaevola,1,0.000170395
obsessed,1,0.000170395
elusive,1,0.000170395
giddy,1,0.000170395
starwise,1,0.000170395
capacities,1,0.000170395
rge,1,0.000170395
premises,1,0.000170395
bourgeois,1,0.000170395
starved,1,0.000170395
argumentatively,1,0.000170395
compagnie,1,0.000170395
knack,1,0.000170395
Touch,1,0.000170395
steer,1,0.000170395
agreeing,1,0.000170395
Sismondi,1,0.000170395
awaked,1,0.000170395
criterion,1,0.000170395
Lisa,1,0.000170395
nonhuman,1,0.000170395
Join,1,0.000170395
clutch,1,0.000170395
affirming,1,0.000170395
seemliness,1,0.000170395
honeymoons,1,0.000170395
Jealo,1,0.000170395
induces,1,0.000170395
vindictively,1,0.000170395
cigars,1,0.000170395
shorten,1,0.000170395
counter,1,0.000170395
regions,1,0.000170395
subsides,1,0.000170395
untilled,1,0.000170395
coaches,1,0.000170395
Rohans,1,0.000170395
migrated,1,0.000170395
chalked,1,0.000170395
stabling,1,0.000170395
champions,1,0.000170395
zigzag,1,0.000170395
percolating,1,0.000170395
enriched,1,0.000170395
delaying,1,0.000170395
diminution,1,0.000170395
pastures,1,0.000170395
uncontrollably,1,0.000170395
disperses,1,0.000170395
professing,1,0.000170395
Contez,1,0.000170395
baking,1,0.000170395
Montmorencys,1,0.000170395
divinely,1,0.000170395
radiating,1,0.000170395
postulated,1,0.000170395
northwesterly,1,0.000170395
portion,1,0.000170395
continent,1,0.000170395
tending,1,0.000170395
Gibbon,1,0.000170395
meals,1,0.000170395
ripe,1,0.000170395
Deserted,1,0.000170395
unexplored,1,0.000170395
unripe,1,0.000170395
engines,1,0.000170395
thinker,1,0.000170395
Milan,1,0.000170395
philosophers,1,0.000170395
poets,1,0.000170395
intermittently,1,0.000170395
Barth,1,0.000170395
collides,1,0.000170395
engulfed,1,0.000170395
lemi,1,0.000170395
hardship,1,0.000170395
baptismal,1,0.000170395
Settlement,1,0.000170395
Factories,1,0.000170395
pwonounce,1,0.000170395
agwee,1,0.000170395
Barclays,1,0.000170395
Chevalier,1,0.000170395
evewything,1,0.000170395
touche,1,0.000170395
incognito,1,0.000170395
granting,1,0.000170395
obtuseness,1,0.000170395
wotten,1,0.000170395
lovs,1,0.000170395
perceiving,1,0.000170395
gare,1,0.000170395
howwible,1,0.000170395
parlor,1,0.000170395
bunt,1,0.000170395
resourceful,1,0.000170395
appellations,1,0.000170395
prop,1,0.000170395
Linen,1,0.000170395
Talma,1,0.000170395
quanti,1,0.000170395
wagered,1,0.000170395
amazingly,1,0.000170395
Apropos,1,0.000170395
dissolute,1,0.000170395
acclaimed,1,0.000170395
harsher,1,0.000170395
drilling,1,0.000170395
Settlements,1,0.000170395
omelet,1,0.000170395
overstrained,1,0.000170395
deluge,1,0.000170395
enticed,1,0.000170395
widen,1,0.000170395
votive,1,0.000170395
discontentedly,1,0.000170395
conservatives,1,0.000170395
beverage,1,0.000170395
saucepan,1,0.000170395
Placing,1,0.000170395
Delicious,1,0.000170395
tough,1,0.000170395
untiring,1,0.000170395
Quarters,1,0.000170395
repeats,1,0.000170395
vieux,1,0.000170395
Eug,1,0.000170395
tempts,1,0.000170395
corrupted,1,0.000170395
fondest,1,0.000170395
chons,1,0.000170395
fade,1,0.000170395
loftiest,1,0.000170395
trance,1,0.000170395
Ne,1,0.000170395
Elias,1,0.000170395
Que,1,0.000170395
Mitrof,1,0.000170395
logement,1,0.000170395
Tamb,1,0.000170395
repurchasing,1,0.000170395
quartier,1,0.000170395
Quartier,1,0.000170395
dwindled,1,0.000170395
massacre,1,0.000170395
donne,1,0.000170395
vanquishing,1,0.000170395
hesitate,1,0.000170395
accomplishing,1,0.000170395
morsels,1,0.000170395
tovs,1,0.000170395
inapt,1,0.000170395
compatriot,1,0.000170395
presently,1,0.000170395
suppressing,1,0.000170395
doviches,1,0.000170395
pedantically,1,0.000170395
disillusion,1,0.000170395
rescind,1,0.000170395
melodramatically,1,0.000170395
stark,1,0.000170395
premonition,1,0.000170395
styled,1,0.000170395
aggressive,1,0.000170395
unhappily,1,0.000170395
reproche,1,0.000170395
develops,1,0.000170395
contorting,1,0.000170395
Saying,1,0.000170395
passive,1,0.000170395
prowl,1,0.000170395
raconteur,1,0.000170395
newer,1,0.000170395
untroubled,1,0.000170395
Meshk,1,0.000170395
causal,1,0.000170395
madmen,1,0.000170395
nexus,1,0.000170395
Suffragan,1,0.000170395
Science,1,0.000170395
mantles,1,0.000170395
University,1,0.000170395
Consistory,1,0.000170395
devises,1,0.000170395
Director,1,0.000170395
contemporaneously,1,0.000170395
Villains,1,0.000170395
improperly,1,0.000170395
ruminated,1,0.000170395
handicraft,1,0.000170395
adapt,1,0.000170395
Undoubtedly,1,0.000170395
Haugwitz,1,0.000170395
engulfing,1,0.000170395
shatters,1,0.000170395
consuming,1,0.000170395
Saber,1,0.000170395
Draw,1,0.000170395
progenitors,1,0.000170395
Deal,1,0.000170395
slime,1,0.000170395
hopeful,1,0.000170395
unanswered,1,0.000170395
layer,1,0.000170395
unused,1,0.000170395
chafed,1,0.000170395
thinness,1,0.000170395
needful,1,0.000170395
hourra,1,0.000170395
pestered,1,0.000170395
threadbare,1,0.000170395
reproving,1,0.000170395
dregs,1,0.000170395
turbulent,1,0.000170395
Hardenburg,1,0.000170395
lokhova,1,0.000170395
asserts,1,0.000170395
victoriously,1,0.000170395
Sirin,1,0.000170395
31,1,0.000170395
Town,1,0.000170395
refute,1,0.000170395
refutes,1,0.000170395
persevering,1,0.000170395
incommensurate,1,0.000170395
gardening,1,0.000170395
Moyka,1,0.000170395
garnished,1,0.000170395
Canal,1,0.000170395
energies,1,0.000170395
straggly,1,0.000170395
workingman,1,0.000170395
overalls,1,0.000170395
evacuate,1,0.000170395
Luthers,1,0.000170395
Voltaires,1,0.000170395
compelling,1,0.000170395
Questions,1,0.000170395
wholeheartedly,1,0.000170395
relinquishing,1,0.000170395
posters,1,0.000170395
administrators,1,0.000170395
blinds,1,0.000170395
magnified,1,0.000170395
scarce,1,0.000170395
agriculturists,1,0.000170395
intrinsic,1,0.000170395
disturbance,1,0.000170395
bidding,1,0.000170395
soothed,1,0.000170395
insurrection,1,0.000170395
uprising,1,0.000170395
availed,1,0.000170395
expedite,1,0.000170395
unanimously,1,0.000170395
Distressed,1,0.000170395
irrelevant,1,0.000170395
tend,1,0.000170395
departing,1,0.000170395
excellence,1,0.000170395
doctrines,1,0.000170395
edges,1,0.000170395
Lying,1,0.000170395
rock,1,0.000170395
bequeathed,1,0.000170395
Zn,1,0.000170395
childbearing,1,0.000170395
circled,1,0.000170395
instants,1,0.000170395
canister,1,0.000170395
ash,1,0.000170395
Med,1,0.000170395
throttling,1,0.000170395
Mokhav,1,0.000170395
caricature,1,0.000170395
Beams,1,0.000170395
arts,1,0.000170395
compilers,1,0.000170395
Yukhn,1,0.000170395
wastage,1,0.000170395
assault,1,0.000170395
ambuscade,1,0.000170395
barricaded,1,0.000170395
Kremlin,1,0.000170395
sanguinary,1,0.000170395
kneading,1,0.000170395
Radziv,1,0.000170395
unlocking,1,0.000170395
Natalia,1,0.000170395
favorites,1,0.000170395
Africans,1,0.000170395
easing,1,0.000170395
perishes,1,0.000170395
disturber,1,0.000170395
ela,1,0.000170395
jug,1,0.000170395
ingenious,1,0.000170395
nondescript,1,0.000170395
Continual,1,0.000170395
Elba,1,0.000170395
outlaw,1,0.000170395
lski,1,0.000170395
pitching,1,0.000170395
Allied,1,0.000170395
purged,1,0.000170395
sabered,1,0.000170395
dedicates,1,0.000170395
lingering,1,0.000170395
abdicate,1,0.000170395
destructive,1,0.000170395
gaped,1,0.000170395
hypothetical,1,0.000170395
tranquillized,1,0.000170395
guile,1,0.000170395
Schlosser,1,0.000170395
Lightly,1,0.000170395
germs,1,0.000170395
composite,1,0.000170395
trailed,1,0.000170395
Biographical,1,0.000170395
recuperate,1,0.000170395
Specialist,1,0.000170395
inhabited,1,0.000170395
hatchet,1,0.000170395
decomposes,1,0.000170395
Torture,1,0.000170395
Traitor,1,0.000170395
Crushed,1,0.000170395
Hit,1,0.000170395
interactions,1,0.000170395
Peasants,1,0.000170395
livid,1,0.000170395
Icon,1,0.000170395
Miraculous,1,0.000170395
Troops,1,0.000170395
Recent,1,0.000170395
fainter,1,0.000170395
fas,1,0.000170395
Apparently,1,0.000170395
extermination,1,0.000170395
crucified,1,0.000170395
stoned,1,0.000170395
nationalities,1,0.000170395
miscreant,1,0.000170395
saffron,1,0.000170395
almshouse,1,0.000170395
Planning,1,0.000170395
trickery,1,0.000170395
doting,1,0.000170395
Writers,1,0.000170395
subjugation,1,0.000170395
paunch,1,0.000170395
scrutinize,1,0.000170395
foxy,1,0.000170395
unflinching,1,0.000170395
Lanfrey,1,0.000170395
unattractively,1,0.000170395
Ill,1,0.000170395
paroxysm,1,0.000170395
antagonism,1,0.000170395
scrofulous,1,0.000170395
Breathless,1,0.000170395
Fatty,1,0.000170395
graveled,1,0.000170395
gravel,1,0.000170395
brat,1,0.000170395
blundering,1,0.000170395
growling,1,0.000170395
squealing,1,0.000170395
Serves,1,0.000170395
animating,1,0.000170395
mesdames,1,0.000170395
crossness,1,0.000170395
testimony,1,0.000170395
Holding,1,0.000170395
cluster,1,0.000170395
bashfully,1,0.000170395
workings,1,0.000170395
prose,1,0.000170395
rebuilt,1,0.000170395
straitened,1,0.000170395
befitting,1,0.000170395
Armenians,1,0.000170395
lank,1,0.000170395
sofas,1,0.000170395
novs,1,0.000170395
Russo,1,0.000170395
spacious,1,0.000170395
birthdays,1,0.000170395
Cards,1,0.000170395
almond,1,0.000170395
overshoes,1,0.000170395
exotic,1,0.000170395
pathetically,1,0.000170395
tracing,1,0.000170395
Augezd,1,0.000170395
alcohol,1,0.000170395
Glowing,1,0.000170395
slobbering,1,0.000170395
bite,1,0.000170395
elections,1,0.000170395
breakfasts,1,0.000170395
Jacob,1,0.000170395
Villain,1,0.000170395
Monster,1,0.000170395
Sister,1,0.000170395
accomplishments,1,0.000170395
Bear,1,0.000170395
singed,1,0.000170395
stupefaction,1,0.000170395
featherbeds,1,0.000170395
witchery,1,0.000170395
cond,1,0.000170395
bane,1,0.000170395
natures,1,0.000170395
powerfully,1,0.000170395
extinguish,1,0.000170395
caisson,1,0.000170395
lanes,1,0.000170395
Figner,1,0.000170395
rah,1,0.000170395
seductive,1,0.000170395
attitudes,1,0.000170395
inconveniencing,1,0.000170395
footpath,1,0.000170395
soaring,1,0.000170395
cogwheel,1,0.000170395
prodigal,1,0.000170395
ceilings,1,0.000170395
curve,1,0.000170395
romping,1,0.000170395
missy,1,0.000170395
endears,1,0.000170395
nas,1,0.000170395
lins,1,0.000170395
meditated,1,0.000170395
marries,1,0.000170395
passe,1,0.000170395
revolves,1,0.000170395
Tongues,1,0.000170395
Worse,1,0.000170395
Burned,1,0.000170395
confinements,1,0.000170395
draught,1,0.000170395
alongside,1,0.000170395
advocated,1,0.000170395
Bourbon,1,0.000170395
ceasing,1,0.000170395
broader,1,0.000170395
unwary,1,0.000170395
divide,1,0.000170395
lazy,1,0.000170395
worsening,1,0.000170395
crashing,1,0.000170395
esteeming,1,0.000170395
Bright,1,0.000170395
spends,1,0.000170395
harvested,1,0.000170395
laxity,1,0.000170395
showering,1,0.000170395
thrifty,1,0.000170395
Tucking,1,0.000170395
Angina,1,0.000170395
ceaselessly,1,0.000170395
cloudless,1,0.000170395
northern,1,0.000170395
thirsty,1,0.000170395
gentian,1,0.000170395
Forests,1,0.000170395
fathomed,1,0.000170395
ornament,1,0.000170395
vexations,1,0.000170395
cometh,1,0.000170395
Hosanna,1,0.000170395
Guided,1,0.000170395
unerringly,1,0.000170395
settings,1,0.000170395
exultation,1,0.000170395
sings,1,0.000170395
Meinen,1,0.000170395
mists,1,0.000170395
declaimed,1,0.000170395
chaises,1,0.000170395
colic,1,0.000170395
wenches,1,0.000170395
rouged,1,0.000170395
utterances,1,0.000170395
swaggeringly,1,0.000170395
properties,1,0.000170395
Petropol,1,0.000170395
thatch,1,0.000170395
demolished,1,0.000170395
debit,1,0.000170395
venomously,1,0.000170395
charlatan,1,0.000170395
Fighting,1,0.000170395
maison,1,0.000170395
Laoco,1,0.000170395
azur,1,0.000170395
students,1,0.000170395
clench,1,0.000170395
seminary,1,0.000170395
twelvemonth,1,0.000170395
treasures,1,0.000170395
commending,1,0.000170395
Durosnel,1,0.000170395
alternating,1,0.000170395
engr,1,0.000170395
strawberry,1,0.000170395
bastards,1,0.000170395
indulged,1,0.000170395
salesman,1,0.000170395
blossoms,1,0.000170395
nullifying,1,0.000170395
Shouts,1,0.000170395
hammered,1,0.000170395
Reaching,1,0.000170395
ton,1,0.000170395
lacks,1,0.000170395
oscillating,1,0.000170395
elocution,1,0.000170395
lair,1,0.000170395
famed,1,0.000170395
fairness,1,0.000170395
fruitful,1,0.000170395
devoutly,1,0.000170395
trifled,1,0.000170395
Presently,1,0.000170395
limbed,1,0.000170395
Bishop,1,0.000170395
dated,1,0.000170395
Lordship,1,0.000170395
Elisabeth,1,0.000170395
bout,1,0.000170395
Empresses,1,0.000170395
irregularities,1,0.000170395
Stories,1,0.000170395
phantoms,1,0.000170395
simplehearted,1,0.000170395
sentimentality,1,0.000170395
boarded,1,0.000170395
Rampart,1,0.000170395
dishonesty,1,0.000170395
Conversation,1,0.000170395
Obviously,1,0.000170395
presided,1,0.000170395
garnering,1,0.000170395
malcontent,1,0.000170395
mansions,1,0.000170395
idiocy,1,0.000170395
swaggering,1,0.000170395
Urged,1,0.000170395
nic,1,0.000170395
allurements,1,0.000170395
Tiens,1,0.000170395
Challenged,1,0.000170395
consonant,1,0.000170395
unswervingly,1,0.000170395
chi,1,0.000170395
pane,1,0.000170395
weally,1,0.000170395
crossbeam,1,0.000170395
grands,1,0.000170395
sailed,1,0.000170395
parisienne,1,0.000170395
Gossner,1,0.000170395
coil,1,0.000170395
deaths,1,0.000170395
Prisoners,1,0.000170395
clearheadedness,1,0.000170395
handiest,1,0.000170395
verbally,1,0.000170395
deafness,1,0.000170395
scapegraces,1,0.000170395
touches,1,0.000170395
Sushch,1,0.000170395
Beginning,1,0.000170395
spitefully,1,0.000170395
porches,1,0.000170395
dizzy,1,0.000170395
vocal,1,0.000170395
Memento,1,0.000170395
mori,1,0.000170395
workmanship,1,0.000170395
Gazing,1,0.000170395
shepherdesses,1,0.000170395
tocchi,1,0.000170395
inopportune,1,0.000170395
fractured,1,0.000170395
tel,1,0.000170395
Fifty,1,0.000170395
Highest,1,0.000170395
Schwa,1,0.000170395
candlelight,1,0.000170395
Onterkoff,1,0.000170395
Shelter,1,0.000170395
counteract,1,0.000170395
repelled,1,0.000170395
tolerate,1,0.000170395
sauerkraut,1,0.000170395
strangle,1,0.000170395
Dio,1,0.000170395
evildoer,1,0.000170395
tutti,1,0.000170395
Painful,1,0.000170395
wager,1,0.000170395
civilized,1,0.000170395
Sorbonne,1,0.000170395
Potier,1,0.000170395
nois,1,0.000170395
Duch,1,0.000170395
loi,1,0.000170395
droll,1,0.000170395
Guai,1,0.000170395
dato,1,0.000170395
Finished,1,0.000170395
unfairly,1,0.000170395
dreamy,1,0.000170395
unnaturalness,1,0.000170395
principally,1,0.000170395
tante,1,0.000170395
worshiped,1,0.000170395
afterglow,1,0.000170395
Honestly,1,0.000170395
simpletons,1,0.000170395
dener,1,0.000170395
clodhoppers,1,0.000170395
wead,1,0.000170395
alluringly,1,0.000170395
Dispose,1,0.000170395
Ecka,1,0.000170395
tshausen,1,0.000170395
Authorities,1,0.000170395
bwethwen,1,0.000170395
mi,1,0.000170395
Kw,1,0.000170395
collapse,1,0.000170395
counterorders,1,0.000170395
titi,1,0.000170395
regulate,1,0.000170395
upbringing,1,0.000170395
essentials,1,0.000170395
injurious,1,0.000170395
rustled,1,0.000170395
occuring,1,0.000170395
dressings,1,0.000170395
minimizing,1,0.000170395
inextricably,1,0.000170395
mortifying,1,0.000170395
overlapping,1,0.000170395
founders,1,0.000170395
noisome,1,0.000170395
expired,1,0.000170395
bolster,1,0.000170395
Couldn,1,0.000170395
snuffling,1,0.000170395
Mine,1,0.000170395
resorted,1,0.000170395
divested,1,0.000170395
fluff,1,0.000170395
detaching,1,0.000170395
bets,1,0.000170395
proportions,1,0.000170395
sheath,1,0.000170395
jagged,1,0.000170395
reload,1,0.000170395
Dreadful,1,0.000170395
themes,1,0.000170395
beginnings,1,0.000170395
Discussions,1,0.000170395
Litash,1,0.000170395
dimness,1,0.000170395
fleeting,1,0.000170395
shirtlike,1,0.000170395
Piti,1,0.000170395
bestial,1,0.000170395
resolves,1,0.000170395
rejection,1,0.000170395
striding,1,0.000170395
swam,1,0.000170395
refilling,1,0.000170395
betting,1,0.000170395
somnambulist,1,0.000170395
circumscribed,1,0.000170395
unrolling,1,0.000170395
motto,1,0.000170395
arshin,1,0.000170395
procrastinator,1,0.000170395
STAFF,1,0.000170395
admiringly,1,0.000170395
snore,1,0.000170395
replaited,1,0.000170395
unplaited,1,0.000170395
fairly,1,0.000170395
celebrity,1,0.000170395
pleadingly,1,0.000170395
tugging,1,0.000170395
paternity,1,0.000170395
disbelieving,1,0.000170395
Ad,1,0.000170395
stupor,1,0.000170395
wakened,1,0.000170395
tempted,1,0.000170395
tinder,1,0.000170395
Lavater,1,0.000170395
replaiting,1,0.000170395
fussed,1,0.000170395
overfed,1,0.000170395
bowels,1,0.000170395
Cautiously,1,0.000170395
Dismounting,1,0.000170395
inflammation,1,0.000170395
tortures,1,0.000170395
torrent,1,0.000170395
wedge,1,0.000170395
GENERAL,1,0.000170395
vindicating,1,0.000170395
investing,1,0.000170395
chemise,1,0.000170395
instilled,1,0.000170395
mistook,1,0.000170395
personified,1,0.000170395
reconsider,1,0.000170395
unprecedented,1,0.000170395
forgetful,1,0.000170395
nephews,1,0.000170395
untidiness,1,0.000170395
stinginess,1,0.000170395
entailing,1,0.000170395
Horribly,1,0.000170395
uncommonly,1,0.000170395
giggler,1,0.000170395
dating,1,0.000170395
knuckles,1,0.000170395
sphinxes,1,0.000170395
tactless,1,0.000170395
peeping,1,0.000170395
kicking,1,0.000170395
bedclothes,1,0.000170395
snuggling,1,0.000170395
chiding,1,0.000170395
dispelled,1,0.000170395
prayerful,1,0.000170395
curlpapers,1,0.000170395
newsletter,1,0.000170395
pledged,1,0.000170395
uphold,1,0.000170395
afflicted,1,0.000170395
compression,1,0.000170395
adores,1,0.000170395
madcap,1,0.000170395
boisterous,1,0.000170395
desirous,1,0.000170395
importunity,1,0.000170395
arrears,1,0.000170395
mortgaged,1,0.000170395
Vinesse,1,0.000170395
joyousness,1,0.000170395
embodying,1,0.000170395
allude,1,0.000170395
premeditation,1,0.000170395
tacking,1,0.000170395
rumpled,1,0.000170395
crawling,1,0.000170395
pier,1,0.000170395
filmy,1,0.000170395
unaffected,1,0.000170395
airiness,1,0.000170395
shortened,1,0.000170395
thimble,1,0.000170395
gossamer,1,0.000170395
pinned,1,0.000170395
bustled,1,0.000170395
Touched,1,0.000170395
swims,1,0.000170395
hairdressing,1,0.000170395
openwork,1,0.000170395
bill,1,0.000170395
piloted,1,0.000170395
ermine,1,0.000170395
Carriages,1,0.000170395
Quay,1,0.000170395
Notwithstanding,1,0.000170395
cooing,1,0.000170395
precluding,1,0.000170395
persuasion,1,0.000170395
Eve,1,0.000170395
Year,1,0.000170395
Cherubini,1,0.000170395
statuesque,1,0.000170395
9th,1,0.000170395
shineth,1,0.000170395
declarations,1,0.000170395
embraces,1,0.000170395
Abashed,1,0.000170395
Kuz,1,0.000170395
caress,1,0.000170395
sanctifying,1,0.000170395
7th,1,0.000170395
bashfulness,1,0.000170395
clamber,1,0.000170395
plank,1,0.000170395
unobservant,1,0.000170395
congratulation,1,0.000170395
doubling,1,0.000170395
smallish,1,0.000170395
soared,1,0.000170395
Jests,1,0.000170395
undismayed,1,0.000170395
Helen,1,0.000170395
lenient,1,0.000170395
meditate,1,0.000170395
apathetic,1,0.000170395
Awoke,1,0.000170395
volatile,1,0.000170395
fluid,1,0.000170395
Mercury,1,0.000170395
soundly,1,0.000170395
arouses,1,0.000170395
sip,1,0.000170395
Unpleasant,1,0.000170395
corset,1,0.000170395
illusion,1,0.000170395
nicely,1,0.000170395
Provinces,1,0.000170395
Baltic,1,0.000170395
papa,1,0.000170395
Livonian,1,0.000170395
refitting,1,0.000170395
Weib,1,0.000170395
mein,1,0.000170395
soll,1,0.000170395
excites,1,0.000170395
das,1,0.000170395
Hast,1,0.000170395
skeptics,1,0.000170395
insistently,1,0.000170395
squires,1,0.000170395
Country,1,0.000170395
relishing,1,0.000170395
monetary,1,0.000170395
desertest,1,0.000170395
forsaking,1,0.000170395
Songs,1,0.000170395
unacknowledged,1,0.000170395
Song,1,0.000170395
liveries,1,0.000170395
baroness,1,0.000170395
ktorovna,1,0.000170395
facetious,1,0.000170395
visualized,1,0.000170395
busts,1,0.000170395
gushing,1,0.000170395
Unfortunately,1,0.000170395
immaculate,1,0.000170395
illimitable,1,0.000170395
skipped,1,0.000170395
limbered,1,0.000170395
disillusionments,1,0.000170395
unicorn,1,0.000170395
brimful,1,0.000170395
Interrupting,1,0.000170395
Legal,1,0.000170395
reprimanding,1,0.000170395
evaded,1,0.000170395
entice,1,0.000170395
procedure,1,0.000170395
solicitations,1,0.000170395
Spread,1,0.000170395
humorous,1,0.000170395
recitation,1,0.000170395
sprain,1,0.000170395
aided,1,0.000170395
Gruntersdorf,1,0.000170395
Flashes,1,0.000170395
sheltered,1,0.000170395
Pitch,1,0.000170395
port,1,0.000170395
damper,1,0.000170395
grated,1,0.000170395
sedulously,1,0.000170395
cousinage,1,0.000170395
discomfort,1,0.000170395
susceptible,1,0.000170395
crews,1,0.000170395
disabled,1,0.000170395
Smack,1,0.000170395
appraised,1,0.000170395
screws,1,0.000170395
harnessing,1,0.000170395
Panins,1,0.000170395
basket,1,0.000170395
cake,1,0.000170395
unquestionably,1,0.000170395
generously,1,0.000170395
nobodies,1,0.000170395
claiming,1,0.000170395
pova,1,0.000170395
generalizing,1,0.000170395
smoker,1,0.000170395
sein,1,0.000170395
Mann,1,0.000170395
ein,1,0.000170395
methodical,1,0.000170395
ebb,1,0.000170395
aquaintances,1,0.000170395
Daughter,1,0.000170395
Chiefly,1,0.000170395
Breathing,1,0.000170395
booth,1,0.000170395
Retire,1,0.000170395
neatness,1,0.000170395
intervene,1,0.000170395
undeveloped,1,0.000170395
intentness,1,0.000170395
exquisitely,1,0.000170395
belying,1,0.000170395
participating,1,0.000170395
Ceremonies,1,0.000170395
rhythmical,1,0.000170395
Irresistible,1,0.000170395
enticingly,1,0.000170395
reminiscence,1,0.000170395
shkina,1,0.000170395
sinews,1,0.000170395
scorching,1,0.000170395
Drowsiness,1,0.000170395
ravish,1,0.000170395
Elisaveta,1,0.000170395
Flakes,1,0.000170395
pluie,1,0.000170395
crippled,1,0.000170395
snowflakes,1,0.000170395
Looks,1,0.000170395
millionairess,1,0.000170395
profusion,1,0.000170395
Schemes,1,0.000170395
devices,1,0.000170395
throbbed,1,0.000170395
coiffures,1,0.000170395
flurry,1,0.000170395
agonizingly,1,0.000170395
quizzing,1,0.000170395
excruciating,1,0.000170395
stuttering,1,0.000170395
funnier,1,0.000170395
guffaw,1,0.000170395
listlessly,1,0.000170395
ejaculating,1,0.000170395
parqueted,1,0.000170395
disinclined,1,0.000170395
emphasizing,1,0.000170395
snarled,1,0.000170395
published,1,0.000170395
fiscal,1,0.000170395
blamelessly,1,0.000170395
examiner,1,0.000170395
texture,1,0.000170395
particulars,1,0.000170395
flocking,1,0.000170395
thanking,1,0.000170395
woodcutting,1,0.000170395
newsmonger,1,0.000170395
devotee,1,0.000170395
Private,1,0.000170395
superabundance,1,0.000170395
heroically,1,0.000170395
furrow,1,0.000170395
readjusting,1,0.000170395
declining,1,0.000170395
cotillions,1,0.000170395
rejuvenated,1,0.000170395
signet,1,0.000170395
charters,1,0.000170395
arithmetic,1,0.000170395
Justinian,1,0.000170395
Institutes,1,0.000170395
Civil,1,0.000170395
bargain,1,0.000170395
Rosenkampf,1,0.000170395
Revision,1,0.000170395
radiance,1,0.000170395
core,1,0.000170395
meanly,1,0.000170395
Decide,1,0.000170395
Reply,1,0.000170395
mentality,1,0.000170395
pleasantest,1,0.000170395
repents,1,0.000170395
metaphysical,1,0.000170395
wa,1,0.000170395
satirist,1,0.000170395
dreamers,1,0.000170395
analogy,1,0.000170395
Bold,1,0.000170395
slyboots,1,0.000170395
crybabies,1,0.000170395
blubberers,1,0.000170395
Hold,1,0.000170395
brigadier,1,0.000170395
dispassionate,1,0.000170395
keyhole,1,0.000170395
refutation,1,0.000170395
protectors,1,0.000170395
ignores,1,0.000170395
Friendship,1,0.000170395
befriend,1,0.000170395
eccentricities,1,0.000170395
interceded,1,0.000170395
lasting,1,0.000170395
preponderance,1,0.000170395
aboveboard,1,0.000170395
infidelity,1,0.000170395
futility,1,0.000170395
prudently,1,0.000170395
diffuse,1,0.000170395
prejudice,1,0.000170395
supplemented,1,0.000170395
conduce,1,0.000170395
seduced,1,0.000170395
externals,1,0.000170395
trumpet,1,0.000170395
ulterior,1,0.000170395
suddenness,1,0.000170395
coarsest,1,0.000170395
primordial,1,0.000170395
rebuking,1,0.000170395
lumps,1,0.000170395
insignia,1,0.000170395
immoral,1,0.000170395
nightshirt,1,0.000170395
unaltered,1,0.000170395
poorhouse,1,0.000170395
stammering,1,0.000170395
prided,1,0.000170395
promptitude,1,0.000170395
principe,1,0.000170395
Grounds,1,0.000170395
condemnations,1,0.000170395
pyramid,1,0.000170395
establishes,1,0.000170395
tattle,1,0.000170395
petisenfans,1,0.000170395
cushay,1,0.000170395
dormir,1,0.000170395
tittle,1,0.000170395
imitators,1,0.000170395
notwithstanding,1,0.000170395
unheroic,1,0.000170395
markedly,1,0.000170395
landlady,1,0.000170395
cording,1,0.000170395
reporter,1,0.000170395
eying,1,0.000170395
humid,1,0.000170395
suspended,1,0.000170395
Guardsmen,1,0.000170395
irascibility,1,0.000170395
gusto,1,0.000170395
Galicia,1,0.000170395
Prayer,1,0.000170395
extenuate,1,0.000170395
plowmen,1,0.000170395
Clean,1,0.000170395
breeding,1,0.000170395
jot,1,0.000170395
overshadowed,1,0.000170395
aise,1,0.000170395
Closing,1,0.000170395
granny,1,0.000170395
worthily,1,0.000170395
helpful,1,0.000170395
upholding,1,0.000170395
charmingly,1,0.000170395
descriptive,1,0.000170395
drafts,1,0.000170395
supervision,1,0.000170395
vue,1,0.000170395
para,1,0.000170395
presumably,1,0.000170395
envisagez,1,0.000170395
Si,1,0.000170395
provisioned,1,0.000170395
soutenir,1,0.000170395
moyens,1,0.000170395
paraissent,1,0.000170395
Caroline,1,0.000170395
waitresses,1,0.000170395
cornetcy,1,0.000170395
noblesse,1,0.000170395
ges,1,0.000170395
privil,1,0.000170395
droits,1,0.000170395
Certains,1,0.000170395
sous,1,0.000170395
preliminary,1,0.000170395
onlooker,1,0.000170395
dumps,1,0.000170395
vanities,1,0.000170395
dummy,1,0.000170395
Ur,1,0.000170395
Hiding,1,0.000170395
overpowering,1,0.000170395
reciprocated,1,0.000170395
27th,1,0.000170395
Excellency,1,0.000170395
puppy,1,0.000170395
lust,1,0.000170395
moderately,1,0.000170395
impedes,1,0.000170395
24th,1,0.000170395
oppression,1,0.000170395
merci,1,0.000170395
shoveled,1,0.000170395
constricted,1,0.000170395
freaks,1,0.000170395
lispingly,1,0.000170395
churlish,1,0.000170395
amusingly,1,0.000170395
hideous,1,0.000170395
emptiest,1,0.000170395
unexposed,1,0.000170395
meantime,1,0.000170395
conjuror,1,0.000170395
Returned,1,0.000170395
oily,1,0.000170395
babyhood,1,0.000170395
Sulphur,1,0.000170395
unbuttoning,1,0.000170395
discomposure,1,0.000170395
Shaking,1,0.000170395
malodorous,1,0.000170395
dissect,1,0.000170395
moistened,1,0.000170395
stoop,1,0.000170395
intercepted,1,0.000170395
Human,1,0.000170395
teachings,1,0.000170395
refresh,1,0.000170395
Throw,1,0.000170395
emulating,1,0.000170395
unutterable,1,0.000170395
Elohim,1,0.000170395
creator,1,0.000170395
Adonai,1,0.000170395
snowed,1,0.000170395
labyrinth,1,0.000170395
snowbanks,1,0.000170395
nominated,1,0.000170395
outbuildings,1,0.000170395
Premises,1,0.000170395
Rascals,1,0.000170395
interpretation,1,0.000170395
Thought,1,0.000170395
resignedly,1,0.000170395
Talks,1,0.000170395
penitent,1,0.000170395
Desire,1,0.000170395
fraternal,1,0.000170395
matrimonial,1,0.000170395
mayest,1,0.000170395
delivery,1,0.000170395
curiously,1,0.000170395
smelling,1,0.000170395
pomade,1,0.000170395
monarchical,1,0.000170395
introduction,1,0.000170395
betrays,1,0.000170395
supercilious,1,0.000170395
chatty,1,0.000170395
secretaries,1,0.000170395
semi,1,0.000170395
alterations,1,0.000170395
identically,1,0.000170395
accusing,1,0.000170395
Parties,1,0.000170395
pearl,1,0.000170395
developing,1,0.000170395
petite,1,0.000170395
gentille,1,0.000170395
braggart,1,0.000170395
specimen,1,0.000170395
eradicate,1,0.000170395
Truth,1,0.000170395
clashed,1,0.000170395
Illuminati,1,0.000170395
Dressed,1,0.000170395
unobtrusive,1,0.000170395
diploma,1,0.000170395
epigrams,1,0.000170395
smartened,1,0.000170395
Ligne,1,0.000170395
belle,1,0.000170395
spirituelle,1,0.000170395
aussi,1,0.000170395
superbe,1,0.000170395
blotches,1,0.000170395
martyrlike,1,0.000170395
supplicant,1,0.000170395
desertion,1,0.000170395
reunite,1,0.000170395
23rd,1,0.000170395
rebirth,1,0.000170395
vicissitudes,1,0.000170395
foretaste,1,0.000170395
shiningly,1,0.000170395
Talking,1,0.000170395
profligacy,1,0.000170395
impurity,1,0.000170395
Letting,1,0.000170395
dominant,1,0.000170395
Knights,1,0.000170395
bladder,1,0.000170395
poorly,1,0.000170395
17th,1,0.000170395
Compared,1,0.000170395
adornment,1,0.000170395
disrespectfully,1,0.000170395
prodigy,1,0.000170395
coursing,1,0.000170395
urgent,1,0.000170395
spattered,1,0.000170395
tingling,1,0.000170395
mongrel,1,0.000170395
anxieties,1,0.000170395
muddying,1,0.000170395
curving,1,0.000170395
hearken,1,0.000170395
penetration,1,0.000170395
pounce,1,0.000170395
Mil,1,0.000170395
complimented,1,0.000170395
Yours,1,0.000170395
rovich,1,0.000170395
Nikan,1,0.000170395
outdo,1,0.000170395
encumbered,1,0.000170395
pitting,1,0.000170395
aloft,1,0.000170395
boast,1,0.000170395
forestalling,1,0.000170395
Marching,1,0.000170395
Iligin,1,0.000170395
roadless,1,0.000170395
raven,1,0.000170395
bitterest,1,0.000170395
socket,1,0.000170395
retuned,1,0.000170395
trills,1,0.000170395
despaired,1,0.000170395
thrumming,1,0.000170395
superciliousness,1,0.000170395
patter,1,0.000170395
materials,1,0.000170395
cabriolet,1,0.000170395
elected,1,0.000170395
executor,1,0.000170395
jam,1,0.000170395
Protect,1,0.000170395
Seventh,1,0.000170395
juiciness,1,0.000170395
Podolian,1,0.000170395
smack,1,0.000170395
slut,1,0.000170395
housekeeping,1,0.000170395
championship,1,0.000170395
Kind,1,0.000170395
ly,1,0.000170395
deliverer,1,0.000170395
protrude,1,0.000170395
chewed,1,0.000170395
spotless,1,0.000170395
rickety,1,0.000170395
authoritatively,1,0.000170395
boldest,1,0.000170395
Goodness,1,0.000170395
dangles,1,0.000170395
savor,1,0.000170395
Ulyulyu,1,0.000170395
cocking,1,0.000170395
stockinged,1,0.000170395
jerking,1,0.000170395
unacceptable,1,0.000170395
unsoldierly,1,0.000170395
Memories,1,0.000170395
undergrowth,1,0.000170395
earthworks,1,0.000170395
alternated,1,0.000170395
Hope,1,0.000170395
latrines,1,0.000170395
agr,1,0.000170395
scorning,1,0.000170395
arbitrariness,1,0.000170395
brushwood,1,0.000170395
hunched,1,0.000170395
skelter,1,0.000170395
boilers,1,0.000170395
cookers,1,0.000170395
steaming,1,0.000170395
helter,1,0.000170395
swish,1,0.000170395
quinsy,1,0.000170395
whined,1,0.000170395
fretted,1,0.000170395
keg,1,0.000170395
reverential,1,0.000170395
straighten,1,0.000170395
Blast,1,0.000170395
bloodshed,1,0.000170395
moderation,1,0.000170395
convoys,1,0.000170395
sympathizers,1,0.000170395
strapping,1,0.000170395
curves,1,0.000170395
dodge,1,0.000170395
rn,1,0.000170395
Volt,1,0.000170395
crusty,1,0.000170395
25th,1,0.000170395
MURAT,1,0.000170395
browed,1,0.000170395
fruits,1,0.000170395
markings,1,0.000170395
ratifies,1,0.000170395
ratify,1,0.000170395
trusting,1,0.000170395
gag,1,0.000170395
flail,1,0.000170395
laboring,1,0.000170395
bristling,1,0.000170395
forepaws,1,0.000170395
felted,1,0.000170395
gash,1,0.000170395
gnashing,1,0.000170395
miscalculated,1,0.000170395
gnashed,1,0.000170395
Lyub,1,0.000170395
Ulyulyulyulyu,1,0.000170395
Break,1,0.000170395
Asleep,1,0.000170395
Carrier,1,0.000170395
bookshop,1,0.000170395
twanging,1,0.000170395
Confess,1,0.000170395
betook,1,0.000170395
Carry,1,0.000170395
mar,1,0.000170395
chaux,1,0.000170395
gas,1,0.000170395
Observe,1,0.000170395
almonds,1,0.000170395
walnuts,1,0.000170395
marshalls,1,0.000170395
thrummed,1,0.000170395
grasshoppers,1,0.000170395
crickets,1,0.000170395
sulky,1,0.000170395
distrusted,1,0.000170395
fowl,1,0.000170395
truer,1,0.000170395
Kondr,1,0.000170395
spin,1,0.000170395
gasconades,1,0.000170395
outcast,1,0.000170395
dullest,1,0.000170395
flings,1,0.000170395
starlight,1,0.000170395
Mautern,1,0.000170395
Vogels,1,0.000170395
dappled,1,0.000170395
nonintervention,1,0.000170395
clanging,1,0.000170395
impute,1,0.000170395
nonreceipt,1,0.000170395
Demosthenes,1,0.000170395
pebble,1,0.000170395
disks,1,0.000170395
secretest,1,0.000170395
climax,1,0.000170395
convulsed,1,0.000170395
Moravian,1,0.000170395
Pashette,1,0.000170395
Amelie,1,0.000170395
realities,1,0.000170395
applauding,1,0.000170395
identified,1,0.000170395
innkeepers,1,0.000170395
routes,1,0.000170395
audiences,1,0.000170395
conspirators,1,0.000170395
rafts,1,0.000170395
Sing,1,0.000170395
Forage,1,0.000170395
Egyptians,1,0.000170395
metempsychosis,1,0.000170395
nocturne,1,0.000170395
jarring,1,0.000170395
forecast,1,0.000170395
blend,1,0.000170395
hooped,1,0.000170395
musician,1,0.000170395
ancestral,1,0.000170395
invitingly,1,0.000170395
Rubbish,1,0.000170395
dilemma,1,0.000170395
Fairyland,1,0.000170395
Hetzelsdorf,1,0.000170395
ecstasies,1,0.000170395
Angleterre,1,0.000170395
extr,1,0.000170395
mit,1,0.000170395
univers,1,0.000170395
allons,1,0.000170395
prouver,1,0.000170395
aumur,1,0.000170395
Fell,1,0.000170395
velvets,1,0.000170395
silks,1,0.000170395
swearing,1,0.000170395
unteachable,1,0.000170395
flayed,1,0.000170395
effaced,1,0.000170395
imbibed,1,0.000170395
bulging,1,0.000170395
Fetching,1,0.000170395
brisker,1,0.000170395
Came,1,0.000170395
fingerboard,1,0.000170395
Whips,1,0.000170395
unconsidered,1,0.000170395
Flower,1,0.000170395
Hostilities,1,0.000170395
unselfishly,1,0.000170395
unchangingly,1,0.000170395
devotedly,1,0.000170395
portionless,1,0.000170395
voit,1,0.000170395
attachment,1,0.000170395
feu,1,0.000170395
oublie,1,0.000170395
devait,1,0.000170395
ennemi,1,0.000170395
spikes,1,0.000170395
coerce,1,0.000170395
inmate,1,0.000170395
Maybe,1,0.000170395
Gascon,1,0.000170395
remedying,1,0.000170395
disentangle,1,0.000170395
meshes,1,0.000170395
Bridgehead,1,0.000170395
net,1,0.000170395
profitable,1,0.000170395
whist,1,0.000170395
Nous,1,0.000170395
sommes,1,0.000170395
mack,1,0.000170395
Macked,1,0.000170395
preferable,1,0.000170395
conclusiveness,1,0.000170395
mines,1,0.000170395
defection,1,0.000170395
cleaving,1,0.000170395
probation,1,0.000170395
wealthier,1,0.000170395
hop,1,0.000170395
ominous,1,0.000170395
unison,1,0.000170395
relax,1,0.000170395
visionary,1,0.000170395
sightedness,1,0.000170395
bandoliers,1,0.000170395
gaitered,1,0.000170395
reconciling,1,0.000170395
stepmothers,1,0.000170395
uplands,1,0.000170395
outflanked,1,0.000170395
Rich,1,0.000170395
Clever,1,0.000170395
hesitations,1,0.000170395
spas,1,0.000170395
firmer,1,0.000170395
successor,1,0.000170395
privates,1,0.000170395
cultivated,1,0.000170395
dan,1,0.000170395
Bugler,1,0.000170395
sount,1,0.000170395
imperative,1,0.000170395
Cannon,1,0.000170395
Az,1,0.000170395
reeked,1,0.000170395
Przazdziecka,1,0.000170395
ramrods,1,0.000170395
touchpans,1,0.000170395
betted,1,0.000170395
bargaining,1,0.000170395
Golukhovski,1,0.000170395
Anne,1,0.000170395
Difficult,1,0.000170395
employing,1,0.000170395
Mars,1,0.000170395
dispense,1,0.000170395
embarrassments,1,0.000170395
Cavalry,1,0.000170395
realizes,1,0.000170395
carpenter,1,0.000170395
gladden,1,0.000170395
blister,1,0.000170395
appeals,1,0.000170395
bluff,1,0.000170395
Fall,1,0.000170395
legend,1,0.000170395
clash,1,0.000170395
laggards,1,0.000170395
Koko,1,0.000170395
unsheathed,1,0.000170395
nfi,1,0.000170395
flexibly,1,0.000170395
Ak,1,0.000170395
usage,1,0.000170395
whirlpool,1,0.000170395
Naturally,1,0.000170395
delays,1,0.000170395
trustfulness,1,0.000170395
dearer,1,0.000170395
catchplay,1,0.000170395
Pretty,1,0.000170395
reverberating,1,0.000170395
solfeggio,1,0.000170395
conducing,1,0.000170395
Strong,1,0.000170395
inefficiency,1,0.000170395
recalcitrant,1,0.000170395
Darkness,1,0.000170395
marveled,1,0.000170395
capotes,1,0.000170395
dumped,1,0.000170395
ills,1,0.000170395
cloudy,1,0.000170395
transaction,1,0.000170395
broadcloth,1,0.000170395
accentuated,1,0.000170395
bedchamber,1,0.000170395
effrontery,1,0.000170395
undefended,1,0.000170395
widower,1,0.000170395
isolated,1,0.000170395
Clearly,1,0.000170395
scurrying,1,0.000170395
silliness,1,0.000170395
philosophize,1,0.000170395
milldam,1,0.000170395
mix,1,0.000170395
irate,1,0.000170395
vere,1,0.000170395
avare,1,0.000170395
Vill,1,0.000170395
zis,1,0.000170395
vish,1,0.000170395
amongst,1,0.000170395
sped,1,0.000170395
befalls,1,0.000170395
angelically,1,0.000170395
whizzed,1,0.000170395
scabbards,1,0.000170395
fashions,1,0.000170395
Fo,1,0.000170395
twot,1,0.000170395
croups,1,0.000170395
Shots,1,0.000170395
petting,1,0.000170395
superstitiousness,1,0.000170395
unprovoked,1,0.000170395
tenko,1,0.000170395
Flushed,1,0.000170395
scrutinizingly,1,0.000170395
dullness,1,0.000170395
betokening,1,0.000170395
omens,1,0.000170395
fancywork,1,0.000170395
benumbed,1,0.000170395
providence,1,0.000170395
safi,1,0.000170395
muter,1,0.000170395
Kask,1,0.000170395
Ouh,1,0.000170395
ouh,1,0.000170395
tackled,1,0.000170395
jowl,1,0.000170395
explode,1,0.000170395
oasis,1,0.000170395
loopholes,1,0.000170395
blockhouses,1,0.000170395
menacingly,1,0.000170395
harrier,1,0.000170395
sentry,1,0.000170395
Borzozowska,1,0.000170395
bchik,1,0.000170395
Kornik,1,0.000170395
crest,1,0.000170395
rchik,1,0.000170395
whine,1,0.000170395
kennelmen,1,0.000170395
easiest,1,0.000170395
felling,1,0.000170395
quarry,1,0.000170395
injury,1,0.000170395
bars,1,0.000170395
extorted,1,0.000170395
hallooing,1,0.000170395
proto,1,0.000170395
overriding,1,0.000170395
chasseur,1,0.000170395
Leaped,1,0.000170395
switches,1,0.000170395
rzinsk,1,0.000170395
Zav,1,0.000170395
Rides,1,0.000170395
robs,1,0.000170395
swishing,1,0.000170395
injunction,1,0.000170395
marvelous,1,0.000170395
showmen,1,0.000170395
exhibiting,1,0.000170395
Zh,1,0.000170395
Hush,1,0.000170395
tafa,1,0.000170395
cheeked,1,0.000170395
outing,1,0.000170395
snack,1,0.000170395
mulled,1,0.000170395
cupful,1,0.000170395
danser,1,0.000170395
chante,1,0.000170395
unleashed,1,0.000170395
Suvara,1,0.000170395
wolfhounds,1,0.000170395
Luk,1,0.000170395
unaided,1,0.000170395
jabber,1,0.000170395
Kari,1,0.000170395
mala,1,0.000170395
laughers,1,0.000170395
mismanaged,1,0.000170395
700,1,0.000170395
patchwork,1,0.000170395
protective,1,0.000170395
Medv,1,0.000170395
dev,1,0.000170395
bashful,1,0.000170395
benediction,1,0.000170395
Robbing,1,0.000170395
Zakharch,1,0.000170395
Ungrateful,1,0.000170395
Robber,1,0.000170395
rivulet,1,0.000170395
reinforce,1,0.000170395
resolutions,1,0.000170395
uglier,1,0.000170395
paraded,1,0.000170395
unalterable,1,0.000170395
colloquies,1,0.000170395
exhaled,1,0.000170395
unsatisfied,1,0.000170395
tip,1,0.000170395
yko,1,0.000170395
gurgle,1,0.000170395
sturdily,1,0.000170395
Dozhoyv,1,0.000170395
Kremench,1,0.000170395
Crossing,1,0.000170395
Trep,1,0.000170395
postponement,1,0.000170395
counterattack,1,0.000170395
echelons,1,0.000170395
kennelman,1,0.000170395
shrillest,1,0.000170395
snacks,1,0.000170395
hoy,1,0.000170395
licked,1,0.000170395
thudded,1,0.000170395
impact,1,0.000170395
decaying,1,0.000170395
poppy,1,0.000170395
glistened,1,0.000170395
drizzling,1,0.000170395
microscopic,1,0.000170395
carryings,1,0.000170395
unsurpassable,1,0.000170395
overcast,1,0.000170395
litter,1,0.000170395
embankments,1,0.000170395
grove,1,0.000170395
jaded,1,0.000170395
scatter,1,0.000170395
camlet,1,0.000170395
ravines,1,0.000170395
brownish,1,0.000170395
stupider,1,0.000170395
thickened,1,0.000170395
crashed,1,0.000170395
rains,1,0.000170395
wintry,1,0.000170395
Lemarrois,1,0.000170395
Triumph,1,0.000170395
disjointed,1,0.000170395
Worn,1,0.000170395
mistrusting,1,0.000170395
Lenten,1,0.000170395
corks,1,0.000170395
toasts,1,0.000170395
gulp,1,0.000170395
mixture,1,0.000170395
nursemaids,1,0.000170395
guarantees,1,0.000170395
foemen,1,0.000170395
organizer,1,0.000170395
circuits,1,0.000170395
Albanians,1,0.000170395
Availing,1,0.000170395
boon,1,0.000170395
cynically,1,0.000170395
befriended,1,0.000170395
spice,1,0.000170395
roles,1,0.000170395
recruitment,1,0.000170395
Partly,1,0.000170395
sculptor,1,0.000170395
inimically,1,0.000170395
Peterkin,1,0.000170395
supervise,1,0.000170395
Militiamen,1,0.000170395
mirthful,1,0.000170395
26,1,0.000170395
kib,1,0.000170395
octogenarians,1,0.000170395
ardently,1,0.000170395
kaft,1,0.000170395
Powdered,1,0.000170395
installs,1,0.000170395
smithereens,1,0.000170395
lording,1,0.000170395
twists,1,0.000170395
ovo,1,0.000170395
ab,1,0.000170395
accumulated,1,0.000170395
tovich,1,0.000170395
Bells,1,0.000170395
Opening,1,0.000170395
Star,1,0.000170395
idioms,1,0.000170395
Kursk,1,0.000170395
committeeman,1,0.000170395
makers,1,0.000170395
Feeling,1,0.000170395
obligingly,1,0.000170395
Khandrik,1,0.000170395
Titus,1,0.000170395
Rhipheus,1,0.000170395
elongated,1,0.000170395
Knows,1,0.000170395
Herculean,1,0.000170395
stentorian,1,0.000170395
abbreviations,1,0.000170395
correspondent,1,0.000170395
Folly,1,0.000170395
appraising,1,0.000170395
groat,1,0.000170395
brawler,1,0.000170395
hunchback,1,0.000170395
reeled,1,0.000170395
honeymoon,1,0.000170395
Particularly,1,0.000170395
conversant,1,0.000170395
unapproachability,1,0.000170395
coarseness,1,0.000170395
vulgarity,1,0.000170395
Allez,1,0.000170395
promener,1,0.000170395
unsmiling,1,0.000170395
bravado,1,0.000170395
digested,1,0.000170395
duly,1,0.000170395
Dandin,1,0.000170395
canonized,1,0.000170395
Robespierre,1,0.000170395
beheaded,1,0.000170395
Tu,1,0.000170395
Moli,1,0.000170395
allait,1,0.000170395
gal,1,0.000170395
galley,1,0.000170395
coronet,1,0.000170395
crouch,1,0.000170395
Kronq,1,0.000170395
Schwarzenberg,1,0.000170395
sundered,1,0.000170395
appreciative,1,0.000170395
dueling,1,0.000170395
impious,1,0.000170395
demain,1,0.000170395
haggard,1,0.000170395
distractedly,1,0.000170395
guiltlessness,1,0.000170395
horribly,1,0.000170395
apologies,1,0.000170395
sinc,1,0.000170395
jamais,1,0.000170395
averted,1,0.000170395
accrue,1,0.000170395
adve,1,0.000170395
sawies,1,0.000170395
wefused,1,0.000170395
weconciliation,1,0.000170395
pwoceed,1,0.000170395
wo,1,0.000170395
Thwee,1,0.000170395
antagonist,1,0.000170395
semblance,1,0.000170395
Danish,1,0.000170395
treaty,1,0.000170395
pallid,1,0.000170395
Plea,1,0.000170395
Sideways,1,0.000170395
Missed,1,0.000170395
pronunciation,1,0.000170395
selvedges,1,0.000170395
chandelier,1,0.000170395
tornado,1,0.000170395
outcries,1,0.000170395
exclaiming,1,0.000170395
thriving,1,0.000170395
goat,1,0.000170395
braiding,1,0.000170395
picturesque,1,0.000170395
delude,1,0.000170395
offerings,1,0.000170395
blissfully,1,0.000170395
impracticable,1,0.000170395
satchels,1,0.000170395
highfalutin,1,0.000170395
Continuing,1,0.000170395
jugs,1,0.000170395
basins,1,0.000170395
unprofitable,1,0.000170395
Gw,1,0.000170395
enjoined,1,0.000170395
starched,1,0.000170395
Temptations,1,0.000170395
Curving,1,0.000170395
caper,1,0.000170395
Nice,1,0.000170395
alimony,1,0.000170395
intermediacy,1,0.000170395
selecting,1,0.000170395
sabretaches,1,0.000170395
epithet,1,0.000170395
paltry,1,0.000170395
equitable,1,0.000170395
pumps,1,0.000170395
ade,1,0.000170395
fa,1,0.000170395
semicircular,1,0.000170395
amulet,1,0.000170395
jolt,1,0.000170395
unendurable,1,0.000170395
feverishness,1,0.000170395
Visions,1,0.000170395
unsympathizing,1,0.000170395
outhouses,1,0.000170395
patron,1,0.000170395
unconciousness,1,0.000170395
South,1,0.000170395
fatally,1,0.000170395
freeing,1,0.000170395
philanthropic,1,0.000170395
insufferable,1,0.000170395
bakers,1,0.000170395
lessened,1,0.000170395
exactions,1,0.000170395
deputations,1,0.000170395
almshouses,1,0.000170395
instructing,1,0.000170395
cornice,1,0.000170395
infants,1,0.000170395
warped,1,0.000170395
chaos,1,0.000170395
Laughing,1,0.000170395
Rasguly,1,0.000170395
Ip,1,0.000170395
whatnot,1,0.000170395
epileptic,1,0.000170395
Wh,1,0.000170395
compromised,1,0.000170395
scuttle,1,0.000170395
pursues,1,0.000170395
foregathered,1,0.000170395
unfordable,1,0.000170395
interregnum,1,0.000170395
Grant,1,0.000170395
humbly,1,0.000170395
pensions,1,0.000170395
Ostrolenka,1,0.000170395
tzki,1,0.000170395
jury,1,0.000170395
Reasons,1,0.000170395
Sedmor,1,0.000170395
inexperience,1,0.000170395
rages,1,0.000170395
miracles,1,0.000170395
furies,1,0.000170395
waits,1,0.000170395
mails,1,0.000170395
parodying,1,0.000170395
4th,1,0.000170395
satyr,1,0.000170395
zemski,1,0.000170395
upkeep,1,0.000170395
dreading,1,0.000170395
remortgaged,1,0.000170395
budget,1,0.000170395
stylish,1,0.000170395
Scripture,1,0.000170395
Gavr,1,0.000170395
lisp,1,0.000170395
embezzlement,1,0.000170395
foremen,1,0.000170395
incarnate,1,0.000170395
rejoining,1,0.000170395
drifted,1,0.000170395
semiliterate,1,0.000170395
scour,1,0.000170395
derogatory,1,0.000170395
races,1,0.000170395
admonitory,1,0.000170395
cucumbers,1,0.000170395
veal,1,0.000170395
overburdened,1,0.000170395
festival,1,0.000170395
extract,1,0.000170395
mayonnaise,1,0.000170395
sterlets,1,0.000170395
perturb,1,0.000170395
factotum,1,0.000170395
Maks,1,0.000170395
pots,1,0.000170395
famine,1,0.000170395
prizes,1,0.000170395
fateful,1,0.000170395
accents,1,0.000170395
hieroglyphics,1,0.000170395
unbent,1,0.000170395
imitates,1,0.000170395
therein,1,0.000170395
mouse,1,0.000170395
enfolded,1,0.000170395
thunderstorm,1,0.000170395
gentlewoman,1,0.000170395
ruffled,1,0.000170395
delivers,1,0.000170395
lawlessness,1,0.000170395
lyre,1,0.000170395
amant,1,0.000170395
inmost,1,0.000170395
distressful,1,0.000170395
cawolla,1,0.000170395
entweat,1,0.000170395
frees,1,0.000170395
Generosity,1,0.000170395
Morality,1,0.000170395
Obedience,1,0.000170395
Discretion,1,0.000170395
mainly,1,0.000170395
cultivate,1,0.000170395
labored,1,0.000170395
virginal,1,0.000170395
apoplectic,1,0.000170395
recalls,1,0.000170395
faiwy,1,0.000170395
unhooked,1,0.000170395
eminence,1,0.000170395
curtsy,1,0.000170395
mopping,1,0.000170395
pile,1,0.000170395
Irritability,1,0.000170395
Laziness,1,0.000170395
punt,1,0.000170395
Idleness,1,0.000170395
trusts,1,0.000170395
Gluttony,1,0.000170395
Wine,1,0.000170395
waver,1,0.000170395
emblem,1,0.000170395
candor,1,0.000170395
duets,1,0.000170395
piquet,1,0.000170395
slipper,1,0.000170395
unappreciated,1,0.000170395
plunge,1,0.000170395
tuck,1,0.000170395
ordeal,1,0.000170395
Aah,1,0.000170395
symbol,1,0.000170395
ace,1,0.000170395
knave,1,0.000170395
quits,1,0.000170395
staking,1,0.000170395
cognizable,1,0.000170395
stint,1,0.000170395
sponsorship,1,0.000170395
marker,1,0.000170395
emphasize,1,0.000170395
Kempis,1,0.000170395
Nov,1,0.000170395
Martinists,1,0.000170395
gulped,1,0.000170395
fastening,1,0.000170395
ridiculing,1,0.000170395
huskily,1,0.000170395
profited,1,0.000170395
deluded,1,0.000170395
slaves,1,0.000170395
wilt,1,0.000170395
improving,1,0.000170395
hatest,1,0.000170395
austerity,1,0.000170395
relying,1,0.000170395
Whence,1,0.000170395
impure,1,0.000170395
imbibe,1,0.000170395
omnipotence,1,0.000170395
sinfulness,1,0.000170395
dreamest,1,0.000170395
couldst,1,0.000170395
fatherly,1,0.000170395
reawakening,1,0.000170395
apprehended,1,0.000170395
earnestness,1,0.000170395
purified,1,0.000170395
kneel,1,0.000170395
bustlingly,1,0.000170395
furtive,1,0.000170395
oppressors,1,0.000170395
Pa,1,0.000170395
dolls,1,0.000170395
responsive,1,0.000170395
accidently,1,0.000170395
ong,1,0.000170395
atheist,1,0.000170395
inadequacy,1,0.000170395
overboots,1,0.000170395
fraternity,1,0.000170395
socially,1,0.000170395
undertone,1,0.000170395
outlining,1,0.000170395
thrashed,1,0.000170395
peddler,1,0.000170395
stimulate,1,0.000170395
goatskin,1,0.000170395
Hoping,1,0.000170395
Emilie,1,0.000170395
Mansfeld,1,0.000170395
cavities,1,0.000170395
tantalizing,1,0.000170395
grayish,1,0.000170395
nankeen,1,0.000170395
uncover,1,0.000170395
manfully,1,0.000170395
unpacking,1,0.000170395
Wisdom,1,0.000170395
Prask,1,0.000170395
vya,1,0.000170395
Share,1,0.000170395
birdie,1,0.000170395
Kindle,1,0.000170395
malice,1,0.000170395
falleth,1,0.000170395
outlying,1,0.000170395
torches,1,0.000170395
goeth,1,0.000170395
exhort,1,0.000170395
snuffing,1,0.000170395
Fly,1,0.000170395
Evening,1,0.000170395
jokingly,1,0.000170395
lessen,1,0.000170395
scatters,1,0.000170395
Beware,1,0.000170395
Kishen,1,0.000170395
Moldavian,1,0.000170395
squared,1,0.000170395
plumb,1,0.000170395
flapped,1,0.000170395
banister,1,0.000170395
guttered,1,0.000170395
hammer,1,0.000170395
unclean,1,0.000170395
Strands,1,0.000170395
deck,1,0.000170395
infringe,1,0.000170395
sot,1,0.000170395
amants,1,0.000170395
Marat,1,0.000170395
searches,1,0.000170395
gazettes,1,0.000170395
posed,1,0.000170395
priority,1,0.000170395
gazette,1,0.000170395
befallen,1,0.000170395
uncomplainingly,1,0.000170395
insanely,1,0.000170395
extolled,1,0.000170395
indescribable,1,0.000170395
Destroying,1,0.000170395
shalt,1,0.000170395
expectantly,1,0.000170395
Unobservant,1,0.000170395
fatted,1,0.000170395
malign,1,0.000170395
reborn,1,0.000170395
attractively,1,0.000170395
blinked,1,0.000170395
fruschtique,1,0.000170395
hst,1,0.000170395
ck,1,0.000170395
ponderous,1,0.000170395
Alms,1,0.000170395
capriciously,1,0.000170395
Collector,1,0.000170395
rapped,1,0.000170395
unbelief,1,0.000170395
prattle,1,0.000170395
Sic,1,0.000170395
pierce,1,0.000170395
compasses,1,0.000170395
anathematized,1,0.000170395
conductors,1,0.000170395
knockings,1,0.000170395
Epiphany,1,0.000170395
Seize,1,0.000170395
Postulant,1,0.000170395
Sufferer,1,0.000170395
sensitiveness,1,0.000170395
wary,1,0.000170395
Seeker,1,0.000170395
pangs,1,0.000170395
orphan,1,0.000170395
maidens,1,0.000170395
Princesses,1,0.000170395
Gorchak,1,0.000170395
allegories,1,0.000170395
tickets,1,0.000170395
booted,1,0.000170395
transparently,1,0.000170395
gwace,1,0.000170395
wallflower,1,0.000170395
wecollect,1,0.000170395
Noiselessly,1,0.000170395
mazuwka,1,0.000170395
coax,1,0.000170395
jocularly,1,0.000170395
Piteous,1,0.000170395
helpmeet,1,0.000170395
squealed,1,0.000170395
indulgently,1,0.000170395
baptized,1,0.000170395
coverlet,1,0.000170395
anointed,1,0.000170395
battered,1,0.000170395
tin,1,0.000170395
godmother,1,0.000170395
souled,1,0.000170395
prostrated,1,0.000170395
pranks,1,0.000170395
Shan,1,0.000170395
inconsequent,1,0.000170395
bade,1,0.000170395
Few,1,0.000170395
angles,1,0.000170395
countesses,1,0.000170395
venal,1,0.000170395
candlesticks,1,0.000170395
regenerate,1,0.000170395
Testament,1,0.000170395
elevate,1,0.000170395
girlishly,1,0.000170395
mundi,1,0.000170395
gloria,1,0.000170395
impressionable,1,0.000170395
fitful,1,0.000170395
transit,1,0.000170395
scotfree,1,0.000170395
bunting,1,0.000170395
interchange,1,0.000170395
Degree,1,0.000170395
27,1,0.000170395
mufti,1,0.000170395
levers,1,0.000170395
pop,1,0.000170395
quiescent,1,0.000170395
Wheels,1,0.000170395
axles,1,0.000170395
cogs,1,0.000170395
aversion,1,0.000170395
revolving,1,0.000170395
frowningly,1,0.000170395
handrails,1,0.000170395
conventionality,1,0.000170395
serenely,1,0.000170395
intruding,1,0.000170395
humiliations,1,0.000170395
dial,1,0.000170395
temporize,1,0.000170395
profiting,1,0.000170395
prizing,1,0.000170395
lunching,1,0.000170395
Cunctators,1,0.000170395
flanking,1,0.000170395
offenses,1,0.000170395
inkpot,1,0.000170395
Wimpfen,1,0.000170395
Capitaine,1,0.000170395
arbiters,1,0.000170395
relevantly,1,0.000170395
cavalcade,1,0.000170395
unpardoned,1,0.000170395
stench,1,0.000170395
deathly,1,0.000170395
dirt,1,0.000170395
Russie,1,0.000170395
Casually,1,0.000170395
bravoure,1,0.000170395
remonstrances,1,0.000170395
pension,1,0.000170395
remounted,1,0.000170395
Officious,1,0.000170395
Saddled,1,0.000170395
unconcerned,1,0.000170395
exasperating,1,0.000170395
Quelle,1,0.000170395
bravely,1,0.000170395
undersized,1,0.000170395
vest,1,0.000170395
appwove,1,0.000170395
chamois,1,0.000170395
Hayne,1,0.000170395
repenting,1,0.000170395
Villier,1,0.000170395
Cursing,1,0.000170395
batiste,1,0.000170395
beseech,1,0.000170395
victor,1,0.000170395
adhere,1,0.000170395
underclothing,1,0.000170395
crutches,1,0.000170395
queried,1,0.000170395
Dead,1,0.000170395
typically,1,0.000170395
Molliten,1,0.000170395
longest,1,0.000170395
rotary,1,0.000170395
inimical,1,0.000170395
impressive,1,0.000170395
fagged,1,0.000170395
mien,1,0.000170395
Typhus,1,0.000170395
complied,1,0.000170395
moodily,1,0.000170395
typhus,1,0.000170395
soporific,1,0.000170395
putrefaction,1,0.000170395
sharpshooter,1,0.000170395
provocation,1,0.000170395
doom,1,0.000170395
degradation,1,0.000170395
insubordination,1,0.000170395
quenched,1,0.000170395
saves,1,0.000170395
fwashing,1,0.000170395
ted,1,0.000170395
sta,1,0.000170395
pat,1,0.000170395
pesthouse,1,0.000170395
Lichtenstein,1,0.000170395
Hohenlohe,1,0.000170395
Prishprish,1,0.000170395
safest,1,0.000170395
backbiter,1,0.000170395
gwovel,1,0.000170395
Tweasuwy,1,0.000170395
wobbed,1,0.000170395
iting,1,0.000170395
degwaded,1,0.000170395
Shortly,1,0.000170395
honowably,1,0.000170395
countwy,1,0.000170395
president,1,0.000170395
Bellowitz,1,0.000170395
reconnoiter,1,0.000170395
afwaid,1,0.000170395
haughty,1,0.000170395
wobbers,1,0.000170395
bwinging,1,0.000170395
Ostralitz,1,0.000170395
environs,1,0.000170395
wobber,1,0.000170395
rejoinders,1,0.000170395
decomposing,1,0.000170395
straighter,1,0.000170395
extends,1,0.000170395
whereby,1,0.000170395
limped,1,0.000170395
defiles,1,0.000170395
unrestrainable,1,0.000170395
Comit,1,0.000170395
tribunals,1,0.000170395
trumpets,1,0.000170395
deafeningly,1,0.000170395
Assessor,1,0.000170395
immensity,1,0.000170395
Collegiate,1,0.000170395
qualify,1,0.000170395
abolishing,1,0.000170395
Peterhof,1,0.000170395
imminence,1,0.000170395
zenith,1,0.000170395
dries,1,0.000170395
Upon,1,0.000170395
agricultural,1,0.000170395
resonant,1,0.000170395
punishing,1,0.000170395
inexpressible,1,0.000170395
groin,1,0.000170395
degrading,1,0.000170395
affronts,1,0.000170395
thrilled,1,0.000170395
purchased,1,0.000170395
veteran,1,0.000170395
foaming,1,0.000170395
scars,1,0.000170395
leap,1,0.000170395
Essen,1,0.000170395
Commanded,1,0.000170395
tensely,1,0.000170395
truthful,1,0.000170395
lapsed,1,0.000170395
narrators,1,0.000170395
aflame,1,0.000170395
slashed,1,0.000170395
liberating,1,0.000170395
reputed,1,0.000170395
promoter,1,0.000170395
unconquerable,1,0.000170395
uninitiated,1,0.000170395
Articles,1,0.000170395
Unsoundly,1,0.000170395
punctuation,1,0.000170395
misspelled,1,0.000170395
Eyes,1,0.000170395
brazen,1,0.000170395
Across,1,0.000170395
waists,1,0.000170395
endorsed,1,0.000170395
relapsing,1,0.000170395
grating,1,0.000170395
uncrossing,1,0.000170395
mask,1,0.000170395
wetted,1,0.000170395
ocean,1,0.000170395
anterooms,1,0.000170395
antipathies,1,0.000170395
sympathies,1,0.000170395
antipathetic,1,0.000170395
salut,1,0.000170395
bandsmen,1,0.000170395
trustee,1,0.000170395
restful,1,0.000170395
misshapen,1,0.000170395
Tra,1,0.000170395
Consul,1,0.000170395
Usurper,1,0.000170395
Enemy,1,0.000170395
Mankind,1,0.000170395
barked,1,0.000170395
Head,1,0.000170395
gouvernement,1,0.000170395
Spring,1,0.000170395
unsymmetrically,1,0.000170395
levity,1,0.000170395
friendliness,1,0.000170395
projecting,1,0.000170395
shiftiness,1,0.000170395
alders,1,0.000170395
Foreign,1,0.000170395
Affairs,1,0.000170395
sweated,1,0.000170395
liquefied,1,0.000170395
Warmed,1,0.000170395
tnya,1,0.000170395
Cloister,1,0.000170395
dwown,1,0.000170395
gwief,1,0.000170395
commuted,1,0.000170395
laborers,1,0.000170395
girth,1,0.000170395
preferably,1,0.000170395
cringe,1,0.000170395
trilled,1,0.000170395
nightingales,1,0.000170395
shiny,1,0.000170395
raindrops,1,0.000170395
Somewhere,1,0.000170395
delicately,1,0.000170395
obsequious,1,0.000170395
lending,1,0.000170395
surmised,1,0.000170395
jar,1,0.000170395
scuffle,1,0.000170395
starless,1,0.000170395
clothed,1,0.000170395
leafy,1,0.000170395
stems,1,0.000170395
apology,1,0.000170395
presumptuous,1,0.000170395
vegetation,1,0.000170395
lush,1,0.000170395
pollard,1,0.000170395
confers,1,0.000170395
retinues,1,0.000170395
Schwartzenberg,1,0.000170395
triumphed,1,0.000170395
counseled,1,0.000170395
confuted,1,0.000170395
conclusive,1,0.000170395
quitrents,1,0.000170395
fussing,1,0.000170395
stabs,1,0.000170395
Christmastime,1,0.000170395
bludgeon,1,0.000170395
glide,1,0.000170395
garrulously,1,0.000170395
boyish,1,0.000170395
elasticity,1,0.000170395
volleys,1,0.000170395
intimit,1,0.000170395
hillsides,1,0.000170395
explique,1,0.000170395
reconnaissante,1,0.000170395
intimidating,1,0.000170395
contraire,1,0.000170395
pwovisions,1,0.000170395
width,1,0.000170395
Charge,1,0.000170395
sachiez,1,0.000170395
collide,1,0.000170395
bowled,1,0.000170395
shied,1,0.000170395
contente,1,0.000170395
cadets,1,0.000170395
snug,1,0.000170395
helmet,1,0.000170395
disobeys,1,0.000170395
hottest,1,0.000170395
slumbering,1,0.000170395
ferrymen,1,0.000170395
devriez,1,0.000170395
restfully,1,0.000170395
nsky,1,0.000170395
richly,1,0.000170395
reassigned,1,0.000170395
unalterably,1,0.000170395
cloths,1,0.000170395
ntyev,1,0.000170395
Dem,1,0.000170395
cheerless,1,0.000170395
advent,1,0.000170395
Waiting,1,0.000170395
Drain,1,0.000170395
chaffingly,1,0.000170395
spiritually,1,0.000170395
khnovo,1,0.000170395
ferons,1,0.000170395
ponder,1,0.000170395
incense,1,0.000170395
possibilit,1,0.000170395
Amphilochus,1,0.000170395
cheery,1,0.000170395
penitence,1,0.000170395
cob,1,0.000170395
carabineers,1,0.000170395
efface,1,0.000170395
offenser,1,0.000170395
admonishingly,1,0.000170395
trickles,1,0.000170395
leapt,1,0.000170395
oil,1,0.000170395
strenuously,1,0.000170395
nook,1,0.000170395
dams,1,0.000170395
shallowness,1,0.000170395
fussy,1,0.000170395
qualifications,1,0.000170395
local,1,0.000170395
tasseled,1,0.000170395
hateful,1,0.000170395
Moravians,1,0.000170395
wheat,1,0.000170395
cripple,1,0.000170395
whitening,1,0.000170395
Impelled,1,0.000170395
Move,1,0.000170395
Czech,1,0.000170395
millpool,1,0.000170395
lighten,1,0.000170395
retribution,1,0.000170395
Onto,1,0.000170395
scaffolding,1,0.000170395
lacerating,1,0.000170395
travels,1,0.000170395
Plans,1,0.000170395
enthusiasms,1,0.000170395
despondency,1,0.000170395
estranged,1,0.000170395
honorably,1,0.000170395
redolent,1,0.000170395
tidiness,1,0.000170395
plowing,1,0.000170395
Kill,1,0.000170395
Zum,1,0.000170395
Henker,1,0.000170395
diese,1,0.000170395
Hang,1,0.000170395
hubbub,1,0.000170395
starring,1,0.000170395
reharnessed,1,0.000170395
droned,1,0.000170395
Herder,1,0.000170395
bolted,1,0.000170395
batman,1,0.000170395
dangerously,1,0.000170395
Supreme,1,0.000170395
Thresh,1,0.000170395
plowland,1,0.000170395
denial,1,0.000170395
Ober,1,0.000170395
Hofmarschal,1,0.000170395
aspects,1,0.000170395
bull,1,0.000170395
husbandry,1,0.000170395
trembles,1,0.000170395
unnerved,1,0.000170395
shave,1,0.000170395
unjustly,1,0.000170395
stripes,1,0.000170395
khnovna,1,0.000170395
assisted,1,0.000170395
District,1,0.000170395
atheistic,1,0.000170395
consigned,1,0.000170395
looming,1,0.000170395
elephant,1,0.000170395
twansports,1,0.000170395
insulting,1,0.000170395
dchenko,1,0.000170395
undaunted,1,0.000170395
safer,1,0.000170395
pestewing,1,0.000170395
whizzing,1,0.000170395
mutiny,1,0.000170395
pan,1,0.000170395
missiles,1,0.000170395
sv,1,0.000170395
prevalent,1,0.000170395
leaded,1,0.000170395
Saddle,1,0.000170395
oxen,1,0.000170395
hirelings,1,0.000170395
bwought,1,0.000170395
Lazarch,1,0.000170395
woot,1,0.000170395
heralds,1,0.000170395
enko,1,0.000170395
Topch,1,0.000170395
reconnoitering,1,0.000170395
underclothes,1,0.000170395
decks,1,0.000170395
masts,1,0.000170395
gweat,1,0.000170395
Wobbewy,1,0.000170395
lecture,1,0.000170395
justness,1,0.000170395
undertakes,1,0.000170395
stipulates,1,0.000170395
triumphs,1,0.000170395
Nominally,1,0.000170395
widden,1,0.000170395
scoundwels,1,0.000170395
thresh,1,0.000170395
sleepiness,1,0.000170395
thwash,1,0.000170395
peer,1,0.000170395
glimmer,1,0.000170395
unescorted,1,0.000170395
deceivers,1,0.000170395
deceitful,1,0.000170395
slap,1,0.000170395
watchword,1,0.000170395
Twy,1,0.000170395
unmelted,1,0.000170395
tasha,1,0.000170395
succumbing,1,0.000170395
booked,1,0.000170395
ahahah,1,0.000170395
rrrr,1,0.000170395
Steady,1,0.000170395
fidgeting,1,0.000170395
pawed,1,0.000170395
proceedings,1,0.000170395
unmask,1,0.000170395
timely,1,0.000170395
seniors,1,0.000170395
roofless,1,0.000170395
Sly,1,0.000170395
legends,1,0.000170395
Part,1,0.000170395
lakes,1,0.000170395
steamed,1,0.000170395
disappearing,1,0.000170395
anniversary,1,0.000170395
destitution,1,0.000170395
felty,1,0.000170395
denuded,1,0.000170395
controlledly,1,0.000170395
rigging,1,0.000170395
hoar,1,0.000170395
noxious,1,0.000170395
pitiless,1,0.000170395
immovably,1,0.000170395
deploying,1,0.000170395
surly,1,0.000170395
Oudinot,1,0.000170395
Overtaking,1,0.000170395
omission,1,0.000170395
lassitude,1,0.000170395
butts,1,0.000170395
saluting,1,0.000170395
Attention,1,0.000170395
canteenkeeper,1,0.000170395
doled,1,0.000170395
Jack,1,0.000170395
latitude,1,0.000170395
Bushes,1,0.000170395
cliffs,1,0.000170395
luxuriously,1,0.000170395
Anywhere,1,0.000170395
enclosures,1,0.000170395
rskies,1,0.000170395
cheer,1,0.000170395
dislocation,1,0.000170395
couches,1,0.000170395
bedsteads,1,0.000170395
irrepressibly,1,0.000170395
creek,1,0.000170395
quoits,1,0.000170395
turf,1,0.000170395
bweed,1,0.000170395
rhyme,1,0.000170395
muddling,1,0.000170395
Eighteenth,1,0.000170395
Tafa,1,0.000170395
lafa,1,0.000170395
mimicking,1,0.000170395
wily,1,0.000170395
altercation,1,0.000170395
densely,1,0.000170395
luckless,1,0.000170395
trata,1,0.000170395
Goldbach,1,0.000170395
Stream,1,0.000170395
mismanagement,1,0.000170395
forties,1,0.000170395
pedal,1,0.000170395
baited,1,0.000170395
bristly,1,0.000170395
pageboy,1,0.000170395
scullery,1,0.000170395
countinghouse,1,0.000170395
nail,1,0.000170395
satellites,1,0.000170395
Quicker,1,0.000170395
catafalque,1,0.000170395
reeds,1,0.000170395
noonday,1,0.000170395
acrid,1,0.000170395
derogates,1,0.000170395
ABC,1,0.000170395
spiral,1,0.000170395
deferring,1,0.000170395
divest,1,0.000170395
scolded,1,0.000170395
piano,1,0.000170395
Varnish,1,0.000170395
Mathematics,1,0.000170395
quires,1,0.000170395
Eight,1,0.000170395
uncut,1,0.000170395
Key,1,0.000170395
Mysteries,1,0.000170395
Religious,1,0.000170395
triangles,1,0.000170395
Routed,1,0.000170395
superintending,1,0.000170395
Knocked,1,0.000170395
facilitating,1,0.000170395
bombs,1,0.000170395
bombarded,1,0.000170395
rina,1,0.000170395
Seliv,1,0.000170395
cartload,1,0.000170395
punctually,1,0.000170395
packages,1,0.000170395
sorted,1,0.000170395
youthfully,1,0.000170395
barking,1,0.000170395
hardy,1,0.000170395
Loaded,1,0.000170395
utensils,1,0.000170395
Carts,1,0.000170395
roaming,1,0.000170395
fronted,1,0.000170395
bookcases,1,0.000170395
Instructions,1,0.000170395
compatriots,1,0.000170395
22nd,1,0.000170395
unlikely,1,0.000170395
Eager,1,0.000170395
governors,1,0.000170395
cabs,1,0.000170395
Wearing,1,0.000170395
knobs,1,0.000170395
watchdog,1,0.000170395
sweetest,1,0.000170395
fortuitously,1,0.000170395
inch,1,0.000170395
Someday,1,0.000170395
poignant,1,0.000170395
awareness,1,0.000170395
Conjectures,1,0.000170395
falsified,1,0.000170395
crestfallen,1,0.000170395
deny,1,0.000170395
stupendous,1,0.000170395
mammas,1,0.000170395
furnishing,1,0.000170395
chronicles,1,0.000170395
notepaper,1,0.000170395
auntie,1,0.000170395
surpassed,1,0.000170395
distingu,1,0.000170395
conference,1,0.000170395
expiation,1,0.000170395
racked,1,0.000170395
Pressed,1,0.000170395
calms,1,0.000170395
elevates,1,0.000170395
JULIE,1,0.000170395
buffoons,1,0.000170395
besashed,1,0.000170395
flashes,1,0.000170395
Separation,1,0.000170395
effacing,1,0.000170395
Remarks,1,0.000170395
dramatic,1,0.000170395
peevishly,1,0.000170395
mentions,1,0.000170395
untidy,1,0.000170395
melts,1,0.000170395
forecasts,1,0.000170395
dutifully,1,0.000170395
unhesitatingly,1,0.000170395
charpie,1,0.000170395
widows,1,0.000170395
rebels,1,0.000170395
Frenchified,1,0.000170395
impels,1,0.000170395
unpopularity,1,0.000170395
excluded,1,0.000170395
Gloat,1,0.000170395
flatters,1,0.000170395
gloat,1,0.000170395
misled,1,0.000170395
rovski,1,0.000170395
Nev,1,0.000170395
battleground,1,0.000170395
Preparations,1,0.000170395
tskis,1,0.000170395
Headquarters,1,0.000170395
Corsican,1,0.000170395
Wlocki,1,0.000170395
Lubom,1,0.000170395
trebled,1,0.000170395
plotted,1,0.000170395
frantic,1,0.000170395
symmetrical,1,0.000170395
execrable,1,0.000170395
wantonly,1,0.000170395
xis,1,0.000170395
Flesh,1,0.000170395
Wouldn,1,0.000170395
carp,1,0.000170395
floundered,1,0.000170395
ooze,1,0.000170395
intolerably,1,0.000170395
scampered,1,0.000170395
refractory,1,0.000170395
chirruping,1,0.000170395
bucks,1,0.000170395
Believing,1,0.000170395
commandeered,1,0.000170395
Seventy,1,0.000170395
Saints,1,0.000170395
Lives,1,0.000170395
indoors,1,0.000170395
rosebushes,1,0.000170395
foal,1,0.000170395
handleless,1,0.000170395
piebald,1,0.000170395
limes,1,0.000170395
magnolia,1,0.000170395
plum,1,0.000170395
somberly,1,0.000170395
deride,1,0.000170395
intimated,1,0.000170395
silken,1,0.000170395
hangings,1,0.000170395
novice,1,0.000170395
autocrat,1,0.000170395
congratulating,1,0.000170395
immovable,1,0.000170395
dispose,1,0.000170395
impolite,1,0.000170395
dissensions,1,0.000170395
bulff,1,0.000170395
appoint,1,0.000170395
morals,1,0.000170395
underneath,1,0.000170395
entrusts,1,0.000170395
retrieved,1,0.000170395
Assembly,1,0.000170395
comings,1,0.000170395
leonine,1,0.000170395
discountenanced,1,0.000170395
conciliation,1,0.000170395
troupe,1,0.000170395
malicious,1,0.000170395
unmade,1,0.000170395
constitutions,1,0.000170395
allot,1,0.000170395
discriminate,1,0.000170395
bewails,1,0.000170395
dilatory,1,0.000170395
implanting,1,0.000170395
tribunal,1,0.000170395
Heat,1,0.000170395
raging,1,0.000170395
ague,1,0.000170395
aroma,1,0.000170395
cakelike,1,0.000170395
echoing,1,0.000170395
wetting,1,0.000170395
Ou,1,0.000170395
wreaths,1,0.000170395
imposes,1,0.000170395
vidence,1,0.000170395
Houses,1,0.000170395
Usvy,1,0.000170395
Mercy,1,0.000170395
calves,1,0.000170395
sadden,1,0.000170395
uplifts,1,0.000170395
rafters,1,0.000170395
Loot,1,0.000170395
sunflower,1,0.000170395
Inside,1,0.000170395
lamentation,1,0.000170395
ant,1,0.000170395
confusedly,1,0.000170395
cardinal,1,0.000170395
algebra,1,0.000170395
Scoundrel,1,0.000170395
exploded,1,0.000170395
intermittent,1,0.000170395
hailed,1,0.000170395
Grass,1,0.000170395
Permit,1,0.000170395
submerged,1,0.000170395
wharf,1,0.000170395
beetles,1,0.000170395
Worldly,1,0.000170395
rinsed,1,0.000170395
Riding,1,0.000170395
peopled,1,0.000170395
bristled,1,0.000170395
conjure,1,0.000170395
wells,1,0.000170395
honeyed,1,0.000170395
kneaded,1,0.000170395
drought,1,0.000170395
hubs,1,0.000170395
churned,1,0.000170395
Intriguer,1,0.000170395
sandy,1,0.000170395
imperceptible,1,0.000170395
lowed,1,0.000170395
marshes,1,0.000170395
Vile,1,0.000170395
darting,1,0.000170395
unreaped,1,0.000170395
wringing,1,0.000170395
dews,1,0.000170395
Heavy,1,0.000170395
underlip,1,0.000170395
fleecy,1,0.000170395
ankle,1,0.000170395
i,1,0.000170395
whit,1,0.000170395
Hebrew,1,0.000170395
threescore,1,0.000170395
John,1,0.000170395
Revelation,1,0.000170395
swindled,1,0.000170395
descendant,1,0.000170395
haunted,1,0.000170395
rik,1,0.000170395
ancestor,1,0.000170395
Wherefore,1,0.000170395
overtakes,1,0.000170395
bended,1,0.000170395
Messenger,1,0.000170395
indulging,1,0.000170395
Ghost,1,0.000170395
succor,1,0.000170395
confounded,1,0.000170395
sanctified,1,0.000170395
heritage,1,0.000170395
righteous,1,0.000170395
Create,1,0.000170395
iniquities,1,0.000170395
transgressions,1,0.000170395
mercies,1,0.000170395
unworthiness,1,0.000170395
bounteous,1,0.000170395
prevail,1,0.000170395
Amen,1,0.000170395
bulk,1,0.000170395
limb,1,0.000170395
abnormal,1,0.000170395
Mikhelson,1,0.000170395
abolition,1,0.000170395
membership,1,0.000170395
neutral,1,0.000170395
leaflet,1,0.000170395
lists,1,0.000170395
sackful,1,0.000170395
culminate,1,0.000170395
Stralsund,1,0.000170395
mature,1,0.000170395
incorrectly,1,0.000170395
illustrate,1,0.000170395
671,1,0.000170395
substituting,1,0.000170395
Besouhoff,1,0.000170395
deux,1,0.000170395
interruption,1,0.000170395
Malbrook,1,0.000170395
quarante,1,0.000170395
Writing,1,0.000170395
140,1,0.000170395
Marlborough,1,0.000170395
130,1,0.000170395
120,1,0.000170395
110,1,0.000170395
40,1,0.000170395
q,1,0.000170395
elided,1,0.000170395
dealings,1,0.000170395
community,1,0.000170395
dalmatic,1,0.000170395
Teach,1,0.000170395
worshipers,1,0.000170395
elevating,1,0.000170395
comely,1,0.000170395
discontent,1,0.000170395
cobblestones,1,0.000170395
sultry,1,0.000170395
Och,1,0.000170395
spat,1,0.000170395
freshened,1,0.000170395
frolicking,1,0.000170395
plots,1,0.000170395
correcting,1,0.000170395
unclasped,1,0.000170395
sweeping,1,0.000170395
bricklayers,1,0.000170395
interwoven,1,0.000170395
Blessed,1,0.000170395
playfellow,1,0.000170395
comprendre,1,0.000170395
shabbiest,1,0.000170395
pardonner,1,0.000170395
Hastily,1,0.000170395
Vespers,1,0.000170395
fasting,1,0.000170395
Sterne,1,0.000170395
communing,1,0.000170395
ensnared,1,0.000170395
loins,1,0.000170395
gird,1,0.000170395
brass,1,0.000170395
Preserve,1,0.000170395
almighty,1,0.000170395
schnapps,1,0.000170395
Rath,1,0.000170395
undertakings,1,0.000170395
Raths,1,0.000170395
Bless,1,0.000170395
Pahlen,1,0.000170395
Israel,1,0.000170395
York,1,0.000170395
Litany,1,0.000170395
uprightness,1,0.000170395
mindful,1,0.000170395
unlawful,1,0.000170395
idlers,1,0.000170395
wield,1,0.000170395
altars,1,0.000170395
lawless,1,0.000170395
confounding,1,0.000170395
Slav,1,0.000170395
grandiloquent,1,0.000170395
biretta,1,0.000170395
stool,1,0.000170395
Unexpectedly,1,0.000170395
Commit,1,0.000170395
stole,1,0.000170395
America,1,0.000170395
wobbahs,1,0.000170395
pwiests,1,0.000170395
confine,1,0.000170395
enwich,1,0.000170395
yeah,1,0.000170395
waising,1,0.000170395
gotten,1,0.000170395
pwovince,1,0.000170395
awistocwacy,1,0.000170395
patte,1,0.000170395
vouchsafe,1,0.000170395
waise,1,0.000170395
offahd,1,0.000170395
indicative,1,0.000170395
solfa,1,0.000170395
consonants,1,0.000170395
slurring,1,0.000170395
announces,1,0.000170395
meekest,1,0.000170395
fieldwork,1,0.000170395
sauntering,1,0.000170395
strolled,1,0.000170395
countermarches,1,0.000170395
graven,1,0.000170395
heartrending,1,0.000170395
raux,1,0.000170395
conscripts,1,0.000170395
tats,1,0.000170395
Zina,1,0.000170395
Heah,1,0.000170395
editor,1,0.000170395
Gl,1,0.000170395
animate,1,0.000170395
worthier,1,0.000170395
raving,1,0.000170395
tombs,1,0.000170395
cardplayer,1,0.000170395
Food,1,0.000170395
camel,1,0.000170395
opinant,1,0.000170395
formally,1,0.000170395
lapsing,1,0.000170395
contains,1,0.000170395
fondness,1,0.000170395
Empia,1,0.000170395
debates,1,0.000170395
senators,1,0.000170395
watered,1,0.000170395
exaggeration,1,0.000170395
wecwuits,1,0.000170395
Epistles,1,0.000170395
evewy,1,0.000170395
theah,1,0.000170395
gwudge,1,0.000170395
depwavity,1,0.000170395
neithah,1,0.000170395
wetu,1,0.000170395
conscwiption,1,0.000170395
Bettah,1,0.000170395
wuined,1,0.000170395
outlet,1,0.000170395
sski,1,0.000170395
archway,1,0.000170395
Gateway,1,0.000170395
Kitty,1,0.000170395
Od,1,0.000170395
ntsova,1,0.000170395
sedateness,1,0.000170395
gesticulated,1,0.000170395
challengingly,1,0.000170395
brightens,1,0.000170395
unwontedly,1,0.000170395
delights,1,0.000170395
begrudge,1,0.000170395
vinaigrette,1,0.000170395
strolling,1,0.000170395
powdering,1,0.000170395
recoil,1,0.000170395
levies,1,0.000170395
despoil,1,0.000170395
tackle,1,0.000170395
spyer,1,0.000170395
abstemious,1,0.000170395
per,1,0.000170395
Extraordinary,1,0.000170395
foibles,1,0.000170395
honoring,1,0.000170395
association,1,0.000170395
exercises,1,0.000170395
pigtail,1,0.000170395
glorify,1,0.000170395
noblemen,1,0.000170395
plateful,1,0.000170395
jerkin,1,0.000170395
mellow,1,0.000170395
largish,1,0.000170395
grasseyement,1,0.000170395
envying,1,0.000170395
sashes,1,0.000170395
mapped,1,0.000170395
drowsily,1,0.000170395
elevation,1,0.000170395
Dussek,1,0.000170395
plenary,1,0.000170395
officiating,1,0.000170395
Sp,1,0.000170395
poppyseed,1,0.000170395
Killing,1,0.000170395
platform,1,0.000170395
warding,1,0.000170395
oft,1,0.000170395
elbowing,1,0.000170395
ferociously,1,0.000170395
clinching,1,0.000170395
pinched,1,0.000170395
smarten,1,0.000170395
presentable,1,0.000170395
crybaby,1,0.000170395
Anybody,1,0.000170395
nether,1,0.000170395
lordling,1,0.000170395
functionary,1,0.000170395
wriggles,1,0.000170395
unembarrassed,1,0.000170395
gauzy,1,0.000170395
soiled,1,0.000170395
brushing,1,0.000170395
Staggering,1,0.000170395
momentarily,1,0.000170395
bulwark,1,0.000170395
inviolable,1,0.000170395
Save,1,0.000170395
decorating,1,0.000170395
censers,1,0.000170395
embossed,1,0.000170395
spades,1,0.000170395
Joconde,1,0.000170395
reversed,1,0.000170395
Metropolitan,1,0.000170395
Gabions,1,0.000170395
unmilitary,1,0.000170395
teemed,1,0.000170395
descry,1,0.000170395
mounds,1,0.000170395
rino,1,0.000170395
hilly,1,0.000170395
Monastery,1,0.000170395
Far,1,0.000170395
yellowing,1,0.000170395
bisecting,1,0.000170395
rarefied,1,0.000170395
Protectress,1,0.000170395
sally,1,0.000170395
brimming,1,0.000170395
overrun,1,0.000170395
saucy,1,0.000170395
crude,1,0.000170395
braved,1,0.000170395
daubed,1,0.000170395
Carrot,1,0.000170395
perspective,1,0.000170395
shocks,1,0.000170395
lopped,1,0.000170395
desisted,1,0.000170395
pineapple,1,0.000170395
clink,1,0.000170395
bob,1,0.000170395
truthfully,1,0.000170395
fanwise,1,0.000170395
instigation,1,0.000170395
barns,1,0.000170395
unnamed,1,0.000170395
fated,1,0.000170395
rhythm,1,0.000170395
recited,1,0.000170395
Recite,1,0.000170395
inditing,1,0.000170395
Running,1,0.000170395
Lectures,1,0.000170395
adorers,1,0.000170395
Preparing,1,0.000170395
narrowing,1,0.000170395
dart,1,0.000170395
draughts,1,0.000170395
debonair,1,0.000170395
gallantry,1,0.000170395
hostel,1,0.000170395
Strictly,1,0.000170395
sour,1,0.000170395
broadened,1,0.000170395
mounseer,1,0.000170395
blooded,1,0.000170395
pelisses,1,0.000170395
burghers,1,0.000170395
tnoe,1,0.000170395
Bol,1,0.000170395
capered,1,0.000170395
paws,1,0.000170395
cajolery,1,0.000170395
captures,1,0.000170395
lockup,1,0.000170395
evolutions,1,0.000170395
hypocrite,1,0.000170395
misinformed,1,0.000170395
Muttering,1,0.000170395
mutinous,1,0.000170395
Satisfactory,1,0.000170395
habitually,1,0.000170395
jocose,1,0.000170395
amoureuse,1,0.000170395
petit,1,0.000170395
Amazon,1,0.000170395
descends,1,0.000170395
worsted,1,0.000170395
Truly,1,0.000170395
crisp,1,0.000170395
collarbones,1,0.000170395
barrowloads,1,0.000170395
wheeling,1,0.000170395
bunks,1,0.000170395
quartette,1,0.000170395
nighttime,1,0.000170395
coxcombs,1,0.000170395
responding,1,0.000170395
Living,1,0.000170395
countryman,1,0.000170395
Wafting,1,0.000170395
pocketbooks,1,0.000170395
lea,1,0.000170395
Sighing,1,0.000170395
tireless,1,0.000170395
lashing,1,0.000170395
unspoilt,1,0.000170395
launched,1,0.000170395
entrench,1,0.000170395
Gridn,1,0.000170395
hazard,1,0.000170395
tuning,1,0.000170395
outpost,1,0.000170395
poems,1,0.000170395
enslaved,1,0.000170395
irrationally,1,0.000170395
purses,1,0.000170395
breech,1,0.000170395
Dry,1,0.000170395
Sistine,1,0.000170395
luckily,1,0.000170395
lucid,1,0.000170395
deplorable,1,0.000170395
hunching,1,0.000170395
pampered,1,0.000170395
Slightly,1,0.000170395
compartment,1,0.000170395
nerve,1,0.000170395
Donning,1,0.000170395
resent,1,0.000170395
dessert,1,0.000170395
exaggerate,1,0.000170395
discharging,1,0.000170395
quench,1,0.000170395
thirst,1,0.000170395
deuce,1,0.000170395
stealing,1,0.000170395
cackle,1,0.000170395
plethoric,1,0.000170395
spying,1,0.000170395
manifessto,1,0.000170395
fiew,1,0.000170395
wiz,1,0.000170395
vreatening,1,0.000170395
cramp,1,0.000170395
sanctity,1,0.000170395
faints,1,0.000170395
maim,1,0.000170395
ruby,1,0.000170395
Camp,1,0.000170395
thode,1,0.000170395
ominously,1,0.000170395
Gibrard,1,0.000170395
Sorbier,1,0.000170395
deathbed,1,0.000170395
astride,1,0.000170395
bombard,1,0.000170395
8th,1,0.000170395
62,1,0.000170395
shellfire,1,0.000170395
1st,1,0.000170395
forks,1,0.000170395
Madonna,1,0.000170395
Midway,1,0.000170395
Elchingen,1,0.000170395
decanters,1,0.000170395
communicating,1,0.000170395
vases,1,0.000170395
achievements,1,0.000170395
Victory,1,0.000170395
corrections,1,0.000170395
Short,1,0.000170395
soups,1,0.000170395
Admirable,1,0.000170395
patties,1,0.000170395
allegory,1,0.000170395
spiking,1,0.000170395
depicting,1,0.000170395
dictation,1,0.000170395
ja,1,0.000170395
zen,1,0.000170395
pe,1,0.000170395
commend,1,0.000170395
geben,1,0.000170395
zere,1,0.000170395
Preis,1,0.000170395
genug,1,0.000170395
Ansicht,1,0.000170395
wineglasses,1,0.000170395
verlegt,1,0.000170395
Raum,1,0.000170395
muss,1,0.000170395
Krieg,1,0.000170395
unerring,1,0.000170395
spares,1,0.000170395
undermine,1,0.000170395
taciturnity,1,0.000170395
reticent,1,0.000170395
Success,1,0.000170395
pawns,1,0.000170395
slander,1,0.000170395
unpracticed,1,0.000170395
satisfies,1,0.000170395
venomous,1,0.000170395
contralto,1,0.000170395
Seats,1,0.000170395
tripped,1,0.000170395
dismiss,1,0.000170395
Clausewitz,1,0.000170395
lightheartedly,1,0.000170395
characterized,1,0.000170395
outraging,1,0.000170395
outraged,1,0.000170395
eggshell,1,0.000170395
Extend,1,0.000170395
despatch,1,0.000170395
nehmen,1,0.000170395
Achtung,1,0.000170395
Personen,1,0.000170395
Privat,1,0.000170395
vy,1,0.000170395
Verlust,1,0.000170395
Connaissez,1,0.000170395
plood,1,0.000170395
gewiss,1,0.000170395
Cela,1,0.000170395
convient,1,0.000170395
merveille,1,0.000170395
chen,1,0.000170395
schw,1,0.000170395
Feind,1,0.000170395
couture,1,0.000170395
nur,1,0.000170395
ist,1,0.000170395
Zweck,1,0.000170395
Hollow,1,0.000170395
Ve,1,0.000170395
vight,1,0.000170395
op,1,0.000170395
Proverbe,1,0.000170395
Forget,1,0.000170395
Distribute,1,0.000170395
enabling,1,0.000170395
scourge,1,0.000170395
inconsolable,1,0.000170395
annihilated,1,0.000170395
violate,1,0.000170395
afford,1,0.000170395
blameless,1,0.000170395
disharmony,1,0.000170395
weepers,1,0.000170395
morocco,1,0.000170395
irrevocability,1,0.000170395
evinced,1,0.000170395
Arc,1,0.000170395
wrung,1,0.000170395
wizards,1,0.000170395
beekeeping,1,0.000170395
censer,1,0.000170395
instincts,1,0.000170395
acre,1,0.000170395
Casting,1,0.000170395
cartloads,1,0.000170395
tasks,1,0.000170395
amble,1,0.000170395
eruption,1,0.000170395
caravans,1,0.000170395
emigrate,1,0.000170395
baffling,1,0.000170395
sumptuous,1,0.000170395
obdurate,1,0.000170395
wheedled,1,0.000170395
Decision,1,0.000170395
Benefactor,1,0.000170395
dissuasions,1,0.000170395
horseflies,1,0.000170395
ny,1,0.000170395
ignoring,1,0.000170395
om,1,0.000170395
worming,1,0.000170395
Co,1,0.000170395
mo,1,0.000170395
mortify,1,0.000170395
grassland,1,0.000170395
bribe,1,0.000170395
raced,1,0.000170395
princely,1,0.000170395
Crimea,1,0.000170395
Rousing,1,0.000170395
repelling,1,0.000170395
tradespeople,1,0.000170395
Pausing,1,0.000170395
Pictures,1,0.000170395
slavery,1,0.000170395
bounty,1,0.000170395
pails,1,0.000170395
pasture,1,0.000170395
housing,1,0.000170395
permissible,1,0.000170395
monthly,1,0.000170395
outstripping,1,0.000170395
inventing,1,0.000170395
loquacity,1,0.000170395
lion,1,0.000170395
perplex,1,0.000170395
Child,1,0.000170395
immortally,1,0.000170395
interlocutor,1,0.000170395
boastful,1,0.000170395
rods,1,0.000170395
intimidate,1,0.000170395
Finding,1,0.000170395
baser,1,0.000170395
quest,1,0.000170395
dinnerless,1,0.000170395
peasantry,1,0.000170395
pagodas,1,0.000170395
Followed,1,0.000170395
ambler,1,0.000170395
chinoises,1,0.000170395
pagodes,1,0.000170395
forme,1,0.000170395
sacr,1,0.000170395
capitale,1,0.000170395
manipulates,1,0.000170395
chessplayer,1,0.000170395
reciprocity,1,0.000170395
retrospection,1,0.000170395
Understanding,1,0.000170395
award,1,0.000170395
garrulous,1,0.000170395
literate,1,0.000170395
landlords,1,0.000170395
resident,1,0.000170395
notions,1,0.000170395
Rumors,1,0.000170395
dorovich,1,0.000170395
1797,1,0.000170395
ditches,1,0.000170395
absentees,1,0.000170395
psalms,1,0.000170395
juniper,1,0.000170395
sprays,1,0.000170395
pall,1,0.000170395
stiffen,1,0.000170395
harbored,1,0.000170395
excusing,1,0.000170395
Weren,1,0.000170395
ar,1,0.000170395
Mmm,1,0.000170395
Unction,1,0.000170395
Straining,1,0.000170395
knotted,1,0.000170395
surge,1,0.000170395
mutterings,1,0.000170395
Thrust,1,0.000170395
paralysis,1,0.000170395
curtained,1,0.000170395
paralyzing,1,0.000170395
domestics,1,0.000170395
suspicions,1,0.000170395
deacons,1,0.000170395
neffer,1,0.000170395
gase,1,0.000170395
liffs,1,0.000170395
sird,1,0.000170395
articulated,1,0.000170395
toi,1,0.000170395
abstiens,1,0.000170395
doute,1,0.000170395
Tonight,1,0.000170395
decorous,1,0.000170395
oreille,1,0.000170395
entendent,1,0.000170395
Rustchuk,1,0.000170395
storming,1,0.000170395
imprudent,1,0.000170395
attendre,1,0.000170395
vient,1,0.000170395
whatnots,1,0.000170395
Advisers,1,0.000170395
reclining,1,0.000170395
dimples,1,0.000170395
chips,1,0.000170395
chopped,1,0.000170395
signature,1,0.000170395
stonily,1,0.000170395
boredom,1,0.000170395
tow,1,0.000170395
abnormally,1,0.000170395
Sewene,1,0.000170395
pastilles,1,0.000170395
Joan,1,0.000170395
drags,1,0.000170395
Gal,1,0.000170395
Gallicisms,1,0.000170395
Gallicism,1,0.000170395
Voluntary,1,0.000170395
undertakers,1,0.000170395
fines,1,0.000170395
raveled,1,0.000170395
bunch,1,0.000170395
witticism,1,0.000170395
faites,1,0.000170395
mes,1,0.000170395
Rentrez,1,0.000170395
Dere,1,0.000170395
vulgar,1,0.000170395
hayfork,1,0.000170395
dwarfs,1,0.000170395
choke,1,0.000170395
jeered,1,0.000170395
pub,1,0.000170395
burgher,1,0.000170395
erpassed,1,0.000170395
potman,1,0.000170395
woodcuts,1,0.000170395
strands,1,0.000170395
sickroom,1,0.000170395
unanimity,1,0.000170395
grouping,1,0.000170395
tartar,1,0.000170395
agents,1,0.000170395
ensuit,1,0.000170395
therefrom,1,0.000170395
mutineers,1,0.000170395
blushingly,1,0.000170395
wrangle,1,0.000170395
kinswoman,1,0.000170395
permitting,1,0.000170395
expert,1,0.000170395
frich,1,0.000170395
solicitor,1,0.000170395
obtrude,1,0.000170395
Unwilling,1,0.000170395
dictionaries,1,0.000170395
matting,1,0.000170395
Intendant,1,0.000170395
Aye,1,0.000170395
bickering,1,0.000170395
foolishness,1,0.000170395
blackest,1,0.000170395
unmeaningly,1,0.000170395
Brigands,1,0.000170395
Mutiny,1,0.000170395
Arguing,1,0.000170395
Caps,1,0.000170395
begrudged,1,0.000170395
fattening,1,0.000170395
dissension,1,0.000170395
unconciously,1,0.000170395
meaninglessly,1,0.000170395
chuck,1,0.000170395
Wussian,1,0.000170395
bibulous,1,0.000170395
glumly,1,0.000170395
lurching,1,0.000170395
montov,1,0.000170395
limply,1,0.000170395
eyeball,1,0.000170395
bleached,1,0.000170395
flaccid,1,0.000170395
ambled,1,0.000170395
guewilla,1,0.000170395
thwough,1,0.000170395
legitimation,1,0.000170395
concurrently,1,0.000170395
Ashamed,1,0.000170395
Wussians,1,0.000170395
waps,1,0.000170395
pwomoted,1,0.000170395
weason,1,0.000170395
evewyone,1,0.000170395
sardonically,1,0.000170395
weceives,1,0.000170395
tard,1,0.000170395
runner,1,0.000170395
translation,1,0.000170395
effectively,1,0.000170395
bastard,1,0.000170395
plighted,1,0.000170395
dutiful,1,0.000170395
wealthiest,1,0.000170395
Andwew,1,0.000170395
Angry,1,0.000170395
scurry,1,0.000170395
bouquet,1,0.000170395
femmes,1,0.000170395
jolies,1,0.000170395
pon,1,0.000170395
shkins,1,0.000170395
houseful,1,0.000170395
brindled,1,0.000170395
sevenths,1,0.000170395
udder,1,0.000170395
unweaned,1,0.000170395
chromatic,1,0.000170395
galleries,1,0.000170395
homeless,1,0.000170395
shrilly,1,0.000170395
missis,1,0.000170395
violins,1,0.000170395
Fed,1,0.000170395
stereotyped,1,0.000170395
Moscovite,1,0.000170395
contrabass,1,0.000170395
footlights,1,0.000170395
tombstones,1,0.000170395
Encouraging,1,0.000170395
scenery,1,0.000170395
numskull,1,0.000170395
scantily,1,0.000170395
fiends,1,0.000170395
cymbals,1,0.000170395
picturesquely,1,0.000170395
draping,1,0.000170395
tacked,1,0.000170395
festivity,1,0.000170395
suckling,1,0.000170395
scrubbed,1,0.000170395
convoyman,1,0.000170395
holiness,1,0.000170395
interlocking,1,0.000170395
conducts,1,0.000170395
rippling,1,0.000170395
eddying,1,0.000170395
disquieted,1,0.000170395
connoisseur,1,0.000170395
Ought,1,0.000170395
bait,1,0.000170395
fleck,1,0.000170395
Rakes,1,0.000170395
entailed,1,0.000170395
townsman,1,0.000170395
outvying,1,0.000170395
revelers,1,0.000170395
carousal,1,0.000170395
unwillingly,1,0.000170395
cash,1,0.000170395
waggish,1,0.000170395
quieted,1,0.000170395
tinsel,1,0.000170395
shoved,1,0.000170395
recur,1,0.000170395
dominating,1,0.000170395
tiers,1,0.000170395
sellers,1,0.000170395
funnel,1,0.000170395
flickering,1,0.000170395
expressly,1,0.000170395
Opera,1,0.000170395
impolitely,1,0.000170395
wasteland,1,0.000170395
hilltop,1,0.000170395
skyline,1,0.000170395
Madam,1,0.000170395
alienated,1,0.000170395
bugle,1,0.000170395
defiant,1,0.000170395
coal,1,0.000170395
ailing,1,0.000170395
songstress,1,0.000170395
prejudiced,1,0.000170395
frivolously,1,0.000170395
perturbation,1,0.000170395
quota,1,0.000170395
keenness,1,0.000170395
aligning,1,0.000170395
blisters,1,0.000170395
Husbands,1,0.000170395
crotchety,1,0.000170395
dislikes,1,0.000170395
goddaughter,1,0.000170395
Chancery,1,0.000170395
Dogs,1,0.000170395
fawningly,1,0.000170395
squadwon,1,0.000170395
gangway,1,0.000170395
epaulet,1,0.000170395
tickle,1,0.000170395
spurting,1,0.000170395
aria,1,0.000170395
disconnectedly,1,0.000170395
unclothed,1,0.000170395
seminude,1,0.000170395
scabbard,1,0.000170395
pretentiously,1,0.000170395
dwagging,1,0.000170395
fwo,1,0.000170395
Perched,1,0.000170395
grotesque,1,0.000170395
prompter,1,0.000170395
bwushed,1,0.000170395
latecomers,1,0.000170395
conductor,1,0.000170395
Handsome,1,0.000170395
marvelously,1,0.000170395
Carelessly,1,0.000170395
clang,1,0.000170395
Shah,1,0.000170395
Persia,1,0.000170395
nina,1,0.000170395
kick,1,0.000170395
fullness,1,0.000170395
prancing,1,0.000170395
queerly,1,0.000170395
powdery,1,0.000170395
tilted,1,0.000170395
dashboard,1,0.000170395
bespattering,1,0.000170395
blurt,1,0.000170395
Disgrace,1,0.000170395
quilts,1,0.000170395
enjoining,1,0.000170395
conceit,1,0.000170395
admonishing,1,0.000170395
bewail,1,0.000170395
disgracing,1,0.000170395
malignantly,1,0.000170395
challenges,1,0.000170395
unapproachable,1,0.000170395
hussies,1,0.000170395
twue,1,0.000170395
Arranging,1,0.000170395
hussy,1,0.000170395
Disgusting,1,0.000170395
abductors,1,0.000170395
tearless,1,0.000170395
Betrayed,1,0.000170395
weported,1,0.000170395
stwuck,1,0.000170395
Mistress,1,0.000170395
cwoss,1,0.000170395
Saw,1,0.000170395
stew,1,0.000170395
Suppose,1,0.000170395
evewybody,1,0.000170395
Prech,1,0.000170395
sordid,1,0.000170395
Fahrenheit,1,0.000170395
handsomest,1,0.000170395
abasement,1,0.000170395
sausages,1,0.000170395
trickle,1,0.000170395
insists,1,0.000170395
Peters,1,0.000170395
inaudible,1,0.000170395
extraneous,1,0.000170395
deepened,1,0.000170395
Posterity,1,0.000170395
enviously,1,0.000170395
faithlessness,1,0.000170395
elopement,1,0.000170395
purloined,1,0.000170395
antidotes,1,0.000170395
arsenic,1,0.000170395
retraced,1,0.000170395
grizzly,1,0.000170395
revolted,1,0.000170395
cringing,1,0.000170395
kidnap,1,0.000170395
Amuse,1,0.000170395
smashing,1,0.000170395
Komoneno,1,0.000170395
finesse,1,0.000170395
Troubles,1,0.000170395
horizontal,1,0.000170395
fieldglass,1,0.000170395
trail,1,0.000170395
pies,1,0.000170395
doppelk,1,0.000170395
mmel,1,0.000170395
deceiver,1,0.000170395
Clutching,1,0.000170395
deer,1,0.000170395
Akh,1,0.000170395
ransack,1,0.000170395
lipped,1,0.000170395
turreted,1,0.000170395
patterns,1,0.000170395
appreciating,1,0.000170395
wrap,1,0.000170395
bolder,1,0.000170395
dressmakers,1,0.000170395
Else,1,0.000170395
Burning,1,0.000170395
Grossvater,1,0.000170395
Hadn,1,0.000170395
whilst,1,0.000170395
improvised,1,0.000170395
recitations,1,0.000170395
monologue,1,0.000170395
reinspected,1,0.000170395
Enthusiastic,1,0.000170395
Crew,1,0.000170395
gratified,1,0.000170395
flutter,1,0.000170395
elopements,1,0.000170395
reveled,1,0.000170395
Inn,1,0.000170395
Traun,1,0.000170395
Linz,1,0.000170395
23,1,0.000170395
sprawled,1,0.000170395
defiling,1,0.000170395
autumnal,1,0.000170395
bargained,1,0.000170395
Real,1,0.000170395
lash,1,0.000170395
pedestrian,1,0.000170395
diaphanous,1,0.000170395
prospective,1,0.000170395
cocottes,1,0.000170395
ladykins,1,0.000170395
goddess,1,0.000170395
Seriously,1,0.000170395
varnished,1,0.000170395
hatched,1,0.000170395
abacus,1,0.000170395
vessels,1,0.000170395
bearskins,1,0.000170395
unbounded,1,0.000170395
transactions,1,0.000170395
rocky,1,0.000170395
unfrocked,1,0.000170395
treetops,1,0.000170395
virgin,1,0.000170395
pedestrians,1,0.000170395
hypochondria,1,0.000170395
unfaithful,1,0.000170395
ushering,1,0.000170395
sexe,1,0.000170395
refinements,1,0.000170395
timed,1,0.000170395
Margaux,1,0.000170395
esteemed,1,0.000170395
Benefit,1,0.000170395
nicest,1,0.000170395
wittily,1,0.000170395
hovels,1,0.000170395
laboratory,1,0.000170395
hawked,1,0.000170395
Mir,1,0.000170395
fading,1,0.000170395
crease,1,0.000170395
twinkled,1,0.000170395
loathsome,1,0.000170395
Cependant,1,0.000170395
malgr,1,0.000170395
haute,1,0.000170395
professe,1,0.000170395
Exploding,1,0.000170395
avoue,1,0.000170395
victoire,1,0.000170395
victorieuses,1,0.000170395
smoothness,1,0.000170395
impressing,1,0.000170395
pucker,1,0.000170395
chaise,1,0.000170395
endearments,1,0.000170395
exhibited,1,0.000170395
pointer,1,0.000170395
consternation,1,0.000170395
disappointed,1,0.000170395
reverently,1,0.000170395
relic,1,0.000170395
criticisms,1,0.000170395
scathing,1,0.000170395
senility,1,0.000170395
paved,1,0.000170395
anti,1,0.000170395
framing,1,0.000170395
Apoll,1,0.000170395
superficially,1,0.000170395
corpulence,1,0.000170395
Euer,1,0.000170395
Hochgeboren,1,0.000170395
Drinking,1,0.000170395
ushered,1,0.000170395
elaborate,1,0.000170395
charter,1,0.000170395
Seekers,1,0.000170395
Manna,1,0.000170395
Astraea,1,0.000170395
Away,1,0.000170395
collections,1,0.000170395
distinctive,1,0.000170395
refinement,1,0.000170395
unraveled,1,0.000170395
Vanya,1,0.000170395
disguising,1,0.000170395
throats,1,0.000170395
clowns,1,0.000170395
witches,1,0.000170395
broadly,1,0.000170395
eyelashes,1,0.000170395
spangled,1,0.000170395
musketeers,1,0.000170395
palpitating,1,0.000170395
clucked,1,0.000170395
slumber,1,0.000170395
squeals,1,0.000170395
jerks,1,0.000170395
molested,1,0.000170395
darlings,1,0.000170395
Gee,1,0.000170395
flatly,1,0.000170395
canter,1,0.000170395
lolling,1,0.000170395
tug,1,0.000170395
serpent,1,0.000170395
atrocities,1,0.000170395
compagne,1,0.000170395
elevated,1,0.000170395
Woman,1,0.000170395
bang,1,0.000170395
Bang,1,0.000170395
discusses,1,0.000170395
tres,1,0.000170395
Embassy,1,0.000170395
thaler,1,0.000170395
Liebchen,1,0.000170395
subtleties,1,0.000170395
finances,1,0.000170395
Coldly,1,0.000170395
disgraces,1,0.000170395
windowpanes,1,0.000170395
Admit,1,0.000170395
Occupied,1,0.000170395
blink,1,0.000170395
Vrbna,1,0.000170395
Lichtenfels,1,0.000170395
tremblement,1,0.000170395
jelly,1,0.000170395
bewitchingly,1,0.000170395
fairyland,1,0.000170395
Otherwise,1,0.000170395
transforming,1,0.000170395
Straight,1,0.000170395
inhale,1,0.000170395
Campo,1,0.000170395
Formio,1,0.000170395
cockcrow,1,0.000170395
innovation,1,0.000170395
retaliate,1,0.000170395
disguised,1,0.000170395
loots,1,0.000170395
beaux,1,0.000170395
yeux,1,0.000170395
scrunching,1,0.000170395
Striking,1,0.000170395
contracted,1,0.000170395
sens,1,0.000170395
pleurs,1,0.000170395
ces,1,0.000170395
secr,1,0.000170395
douceur,1,0.000170395
retraite,1,0.000170395
sombre,1,0.000170395
boss,1,0.000170395
zides,1,0.000170395
tourments,1,0.000170395
Viens,1,0.000170395
consoler,1,0.000170395
revulsion,1,0.000170395
lancholie,1,0.000170395
Tendre,1,0.000170395
serait,1,0.000170395
bonheur,1,0.000170395
tunics,1,0.000170395
Toi,1,0.000170395
trop,1,0.000170395
Aliment,1,0.000170395
peppered,1,0.000170395
ray,1,0.000170395
asile,1,0.000170395
autre,1,0.000170395
douleurs,1,0.000170395
secourable,1,0.000170395
viens,1,0.000170395
levna,1,0.000170395
curtseying,1,0.000170395
Miw,1,0.000170395
Ir,1,0.000170395
Rogue,1,0.000170395
Super,1,0.000170395
sniveling,1,0.000170395
stumpy,1,0.000170395
outdoor,1,0.000170395
mercilessly,1,0.000170395
Foo,1,0.000170395
plumper,1,0.000170395
dwive,1,0.000170395
Attack,1,0.000170395
couler,1,0.000170395
candidly,1,0.000170395
athletic,1,0.000170395
magnanimously,1,0.000170395
greedy,1,0.000170395
galling,1,0.000170395
inconstancy,1,0.000170395
revenue,1,0.000170395
dismissal,1,0.000170395
arduous,1,0.000170395
Liza,1,0.000170395
nocturnes,1,0.000170395
doleful,1,0.000170395
sweetness,1,0.000170395
Tender,1,0.000170395
Poisonous,1,0.000170395
jails,1,0.000170395
Gods,1,0.000170395
divinities,1,0.000170395
Impudent,1,0.000170395
Lambach,1,0.000170395
Amstetten,1,0.000170395
Melk,1,0.000170395
Grenadier,1,0.000170395
Dukes,1,0.000170395
shifts,1,0.000170395
Duchy,1,0.000170395
territories,1,0.000170395
depose,1,0.000170395
blindness,1,0.000170395
pirate,1,0.000170395
reloaded,1,0.000170395
accommodate,1,0.000170395
diffident,1,0.000170395
bachelors,1,0.000170395
rife,1,0.000170395
Chatr,1,0.000170395
grazed,1,0.000170395
Spies,1,0.000170395
fez,1,0.000170395
culminated,1,0.000170395
querulousness,1,0.000170395
consigne,1,0.000170395
forcer,1,0.000170395
felicitations,1,0.000170395
Reviewing,1,0.000170395
Incidents,1,0.000170395
Smoke,1,0.000170395
Rustic,1,0.000170395
maxims,1,0.000170395
sketches,1,0.000170395
hew,1,0.000170395
tribute,1,0.000170395
spilt,1,0.000170395
yonder,1,0.000170395
disillusioned,1,0.000170395
Oooh,1,0.000170395
promenade,1,0.000170395
supping,1,0.000170395
sexless,1,0.000170395
committing,1,0.000170395
Pursued,1,0.000170395
sentimentally,1,0.000170395
gorge,1,0.000170395
raillery,1,0.000170395
powdah,1,0.000170395
faultfinding,1,0.000170395
wegular,1,0.000170395
bwicks,1,0.000170395
Hacking,1,0.000170395
tire,1,0.000170395
sublieutenancy,1,0.000170395
belabor,1,0.000170395
museum,1,0.000170395
Baths,1,0.000170395
Public,1,0.000170395
Catholics,1,0.000170395
fairer,1,0.000170395
incitement,1,0.000170395
trammeled,1,0.000170395
Sergeants,1,0.000170395
fluctuation,1,0.000170395
intricacy,1,0.000170395
obscured,1,0.000170395
fishing,1,0.000170395
unstrapping,1,0.000170395
gratuity,1,0.000170395
upraised,1,0.000170395
councils,1,0.000170395
misrepeated,1,0.000170395
advocating,1,0.000170395
eddied,1,0.000170395
dahe,1,0.000170395
Spots,1,0.000170395
intemperance,1,0.000170395
diffidence,1,0.000170395
Bennigsenites,1,0.000170395
casque,1,0.000170395
retention,1,0.000170395
rigidly,1,0.000170395
gibe,1,0.000170395
compromises,1,0.000170395
discouraged,1,0.000170395
petitioned,1,0.000170395
regulation,1,0.000170395
cooling,1,0.000170395
nationalism,1,0.000170395
intersecting,1,0.000170395
adhered,1,0.000170395
voluminous,1,0.000170395
gallows,1,0.000170395
awl,1,0.000170395
soap,1,0.000170395
alternative,1,0.000170395
fatigued,1,0.000170395
unbrushed,1,0.000170395
fallibility,1,0.000170395
collisions,1,0.000170395
barbarous,1,0.000170395
excitable,1,0.000170395
citizen,1,0.000170395
martyrdom,1,0.000170395
advisable,1,0.000170395
quaint,1,0.000170395
strut,1,0.000170395
hips,1,0.000170395
typical,1,0.000170395
tsin,1,0.000170395
Meadow,1,0.000170395
signalers,1,0.000170395
semicouncil,1,0.000170395
elucidate,1,0.000170395
indefiniteness,1,0.000170395
organ,1,0.000170395
suitability,1,0.000170395
oeuvre,1,0.000170395
endanger,1,0.000170395
quitting,1,0.000170395
Awkwardly,1,0.000170395
attaches,1,0.000170395
mensky,1,0.000170395
immutability,1,0.000170395
rosier,1,0.000170395
skepticism,1,0.000170395
preceptor,1,0.000170395
sockets,1,0.000170395
joylessly,1,0.000170395
Wallachian,1,0.000170395
vainglorious,1,0.000170395
plodding,1,0.000170395
flitting,1,0.000170395
unspent,1,0.000170395
rancor,1,0.000170395
unpolished,1,0.000170395
Highly,1,0.000170395
predilection,1,0.000170395
Bacchus,1,0.000170395
vault,1,0.000170395
towered,1,0.000170395
recollect,1,0.000170395
horizons,1,0.000170395
Weimar,1,0.000170395
deliberating,1,0.000170395
worshiper,1,0.000170395
motioned,1,0.000170395
Prokh,1,0.000170395
badness,1,0.000170395
uninterested,1,0.000170395
ravenous,1,0.000170395
outflankings,1,0.000170395
Change,1,0.000170395
ras,1,0.000170395
insults,1,0.000170395
signaler,1,0.000170395
subdivisions,1,0.000170395
propounded,1,0.000170395
despising,1,0.000170395
preening,1,0.000170395
plumage,1,0.000170395
Att,1,0.000170395
ention,1,0.000170395
adviser,1,0.000170395
custodian,1,0.000170395
censuring,1,0.000170395
Quartermaster,1,0.000170395
utilizing,1,0.000170395
Croats,1,0.000170395
experts,1,0.000170395
amidst,1,0.000170395
victimized,1,0.000170395
unexpended,1,0.000170395
instruments,1,0.000170395
malignity,1,0.000170395
assiduity,1,0.000170395
217,1,0.000170395
reawaken,1,0.000170395
Bluebeard,1,0.000170395
judgement,1,0.000170395
liable,1,0.000170395
emanated,1,0.000170395
forebodings,1,0.000170395
Doctors,1,0.000170395
packhorse,1,0.000170395
nausea,1,0.000170395
breach,1,0.000170395
homelike,1,0.000170395
crouching,1,0.000170395
riderless,1,0.000170395
intersect,1,0.000170395
deployed,1,0.000170395
stimulatingly,1,0.000170395
Sevasty,1,0.000170395
orange,1,0.000170395
exhilarating,1,0.000170395
drumming,1,0.000170395
spears,1,0.000170395
platoons,1,0.000170395
Prepare,1,0.000170395
exploding,1,0.000170395
detonators,1,0.000170395
Trap,1,0.000170395
Servants,1,0.000170395
sunbeams,1,0.000170395
wonderfully,1,0.000170395
dilly,1,0.000170395
dallying,1,0.000170395
Dress,1,0.000170395
quickened,1,0.000170395
plucking,1,0.000170395
pleasurable,1,0.000170395
coquet,1,0.000170395
puzzle,1,0.000170395
blasphemy,1,0.000170395
Laughter,1,0.000170395
promenades,1,0.000170395
evoke,1,0.000170395
overlaid,1,0.000170395
deriving,1,0.000170395
pneumonia,1,0.000170395
diagnosed,1,0.000170395
drov,1,0.000170395
Frise,1,0.000170395
Feller,1,0.000170395
satire,1,0.000170395
diseases,1,0.000170395
chemist,1,0.000170395
banteringly,1,0.000170395
rubs,1,0.000170395
elementary,1,0.000170395
Promise,1,0.000170395
allopaths,1,0.000170395
homeopaths,1,0.000170395
healers,1,0.000170395
substances,1,0.000170395
weigh,1,0.000170395
hundredweight,1,0.000170395
oval,1,0.000170395
wrought,1,0.000170395
Rays,1,0.000170395
maladies,1,0.000170395
kopeks,1,0.000170395
inattentively,1,0.000170395
torrents,1,0.000170395
beer,1,0.000170395
reprovingly,1,0.000170395
camped,1,0.000170395
billets,1,0.000170395
Archduchy,1,0.000170395
relinquish,1,0.000170395
allured,1,0.000170395
vista,1,0.000170395
Adored,1,0.000170395
understandable,1,0.000170395
sychophants,1,0.000170395
invested,1,0.000170395
outgallop,1,0.000170395
ascertained,1,0.000170395
refutations,1,0.000170395
tiled,1,0.000170395
polyglot,1,0.000170395
verifying,1,0.000170395
grumpy,1,0.000170395
barbarian,1,0.000170395
shatter,1,0.000170395
invoked,1,0.000170395
absurdly,1,0.000170395
supporter,1,0.000170395
strikes,1,0.000170395
mathematician,1,0.000170395
efficiency,1,0.000170395
gauge,1,0.000170395
dun,1,0.000170395
accoucheur,1,0.000170395
mettlesome,1,0.000170395
roadsides,1,0.000170395
scudding,1,0.000170395
Tattered,1,0.000170395
unmarry,1,0.000170395
defiled,1,0.000170395
plausible,1,0.000170395
reheat,1,0.000170395
Booby,1,0.000170395
lots,1,0.000170395
Kings,1,0.000170395
bucket,1,0.000170395
grandiloquently,1,0.000170395
cellaret,1,0.000170395
Lombard,1,0.000170395
horsecloth,1,0.000170395
premium,1,0.000170395
dilapidated,1,0.000170395
Academy,1,0.000170395
jottings,1,0.000170395
loan,1,0.000170395
recess,1,0.000170395
gaping,1,0.000170395
wigless,1,0.000170395
lessening,1,0.000170395
relish,1,0.000170395
chafing,1,0.000170395
antiquity,1,0.000170395
nicer,1,0.000170395
Posen,1,0.000170395
accelerate,1,0.000170395
pitchfork,1,0.000170395
mattock,1,0.000170395
navvy,1,0.000170395
cowhouse,1,0.000170395
tons,1,0.000170395
Schon,1,0.000170395
fleissig,1,0.000170395
Oestreicher,1,0.000170395
Kaiser,1,0.000170395
Busy,1,0.000170395
undermined,1,0.000170395
decays,1,0.000170395
welcoming,1,0.000170395
vivat,1,0.000170395
cellular,1,0.000170395
organic,1,0.000170395
shakes,1,0.000170395
rogue,1,0.000170395
brag,1,0.000170395
stalk,1,0.000170395
intoxicating,1,0.000170395
compensate,1,0.000170395
Lavw,1,0.000170395
allurement,1,0.000170395
ulein,1,0.000170395
Mathilde,1,0.000170395
Weally,1,0.000170395
tissue,1,0.000170395
Muscovy,1,0.000170395
uncanny,1,0.000170395
Quarante,1,0.000170395
mille,1,0.000170395
massacr,1,0.000170395
nos,1,0.000170395
truite,1,0.000170395
trouvez,1,0.000170395
liya,1,0.000170395
vno,1,0.000170395
rire,1,0.000170395
pontoon,1,0.000170395
cet,1,0.000170395
individu,1,0.000170395
Thorn,1,0.000170395
veterans,1,0.000170395
mais,1,0.000170395
hobbledehoy,1,0.000170395
Kashmir,1,0.000170395
India,1,0.000170395
preur,1,0.000170395
Beauch,1,0.000170395
Asia,1,0.000170395
spyglass,1,0.000170395
Scythia,1,0.000170395
loathe,1,0.000170395
Cosaques,1,0.000170395
riverbank,1,0.000170395
nigsberg,1,0.000170395
snaffle,1,0.000170395
avez,1,0.000170395
pua,1,0.000170395
fihst,1,0.000170395
cweation,1,0.000170395
puhse,1,0.000170395
annals,1,0.000170395
wetched,1,0.000170395
sca,1,0.000170395
cwow,1,0.000170395
recorded,1,0.000170395
quahtehmasteh,1,0.000170395
bowwowing,1,0.000170395
incendiarisms,1,0.000170395
burglaries,1,0.000170395
miwacle,1,0.000170395
ordinated,1,0.000170395
forgeries,1,0.000170395
thefts,1,0.000170395
treacheries,1,0.000170395
twicks,1,0.000170395
congested,1,0.000170395
frauds,1,0.000170395
transporting,1,0.000170395
concentrating,1,0.000170395
arming,1,0.000170395
orbit,1,0.000170395
woes,1,0.000170395
portend,1,0.000170395
scoundwel,1,0.000170395
stenka,1,0.000170395
thwow,1,0.000170395
Puckering,1,0.000170395
stubby,1,0.000170395
wat,1,0.000170395
predestination,1,0.000170395
collahs,1,0.000170395
foh,1,0.000170395
consciously,1,0.000170395
fatalism,1,0.000170395
transported,1,0.000170395
deah,1,0.000170395
undah,1,0.000170395
coins,1,0.000170395
hordes,1,0.000170395
myriads,1,0.000170395
childwen,1,0.000170395
piping,1,0.000170395
autocratic,1,0.000170395
objection,1,0.000170395
coincident,1,0.000170395
delve,1,0.000170395
astute,1,0.000170395
rubbles,1,0.000170395
lame,1,0.000170395
depending,1,0.000170395
178,1,0.000170395
Memorandum,1,0.000170395
principes,1,0.000170395
indolent,1,0.000170395
Parliament,1,0.000170395
witing,1,0.000170395
Bykov,1,0.000170395
castanet,1,0.000170395
retires,1,0.000170395
castanets,1,0.000170395
compose,1,0.000170395
amicable,1,0.000170395
concisely,1,0.000170395
emphasized,1,0.000170395
intentional,1,0.000170395
thighs,1,0.000170395
wriggled,1,0.000170395
rotund,1,0.000170395
faro,1,0.000170395
sworn,1,0.000170395
Rustan,1,0.000170395
dumfound,1,0.000170395
ennui,1,0.000170395
ruder,1,0.000170395
surlier,1,0.000170395
honour,1,0.000170395
Thinking,1,0.000170395
sneered,1,0.000170395
option,1,0.000170395
flaunt,1,0.000170395
auditing,1,0.000170395
chivalrous,1,0.000170395
ornaments,1,0.000170395
aggressor,1,0.000170395
afloat,1,0.000170395
strategically,1,0.000170395
Mameluke,1,0.000170395
harmonized,1,0.000170395
Jew,1,0.000170395
res,1,0.000170395
Bessi,1,0.000170395
Assure,1,0.000170395
derisively,1,0.000170395
alienating,1,0.000170395
Hearts,1,0.000170395
Dv,1,0.000170395
lions,1,0.000170395
Boots,1,0.000170395
grinned,1,0.000170395
Swede,1,0.000170395
Bernadotte,1,0.000170395
petrified,1,0.000170395
deshon,1,0.000170395
competent,1,0.000170395
Shows,1,0.000170395
Granted,1,0.000170395
Bennigsens,1,0.000170395
Armfeldts,1,0.000170395
Steins,1,0.000170395
Bothnia,1,0.000170395
Gulf,1,0.000170395
lifts,1,0.000170395
beggarly,1,0.000170395
Singers,1,0.000170395
unrestrained,1,0.000170395
concluding,1,0.000170395
duplicity,1,0.000170395
polish,1,0.000170395
unfulfilled,1,0.000170395
startling,1,0.000170395
leaf,1,0.000170395
estimation,1,0.000170395
affronted,1,0.000170395
Potocka,1,0.000170395
voyez,1,0.000170395
malheureux,1,0.000170395
immobile,1,0.000170395
closest,1,0.000170395
coolly,1,0.000170395
eclipsed,1,0.000170395
Connoisseurs,1,0.000170395
Zakret,1,0.000170395
royaut,1,0.000170395
vacillation,1,0.000170395
dementat,1,0.000170395
outweigh,1,0.000170395
perdere,1,0.000170395
vult,1,0.000170395
Quos,1,0.000170395
glum,1,0.000170395
Strauch,1,0.000170395
Saxon,1,0.000170395
Stand,1,0.000170395
impel,1,0.000170395
Gott,1,0.000170395
wie,1,0.000170395
naiv,1,0.000170395
regatta,1,0.000170395
Also,1,0.000170395
forsook,1,0.000170395
kingly,1,0.000170395
Charmed,1,0.000170395
communications,1,0.000170395
frustrate,1,0.000170395
contentedly,1,0.000170395
variegated,1,0.000170395
skittish,1,0.000170395
overfat,1,0.000170395
Viva,1,0.000170395
Julner,1,0.000170395
theatrically,1,0.000170395
maxim,1,0.000170395
scribbled,1,0.000170395
bracelets,1,0.000170395
equestrian,1,0.000170395
trappings,1,0.000170395
neat,1,0.000170395
bubbles,1,0.000170395
trilling,1,0.000170395
bids,1,0.000170395
industry,1,0.000170395
reputations,1,0.000170395
imitated,1,0.000170395
injudicious,1,0.000170395
insert,1,0.000170395
transmit,1,0.000170395
consents,1,0.000170395
Bassano,1,0.000170395
necklaces,1,0.000170395
